isic_id,lesion_id,diagnosis_1,dx,image_type,age_approx,sex,anatom_site_general
ISIC_0051817,IL_1612768,Malignant,SCCKA,dermoscopic,70.0,male,upper extremity
ISIC_0078190,IL_4115404,Malignant,AKIEC,dermoscopic,85.0,female,lower extremity
ISIC_0080019,IL_9208680,Malignant,BCC,clinical: close-up,70.0,male,upper extremity
ISIC_0081055,IL_3426033,Malignant,BCC,dermoscopic,70.0,male,
ISIC_0082447,IL_9890068,Malignant,MEL,clinical: close-up,30.0,male,
ISIC_0084581,IL_3102698,Malignant,SCCKA,dermoscopic,80.0,male,upper extremity
ISIC_0084885,IL_5334978,Malignant,SCCKA,dermoscopic,70.0,female,lower extremity
ISIC_0084958,IL_8460509,Malignant,MEL,clinical: close-up,60.0,male,head/neck
ISIC_0090512,IL_5545955,Malignant,SCCKA,dermoscopic,50.0,male,oral/genital
ISIC_0091092,IL_1006446,Malignant,BCC,dermoscopic,65.0,male,
ISIC_0091477,IL_1858842,Benign,VASC,clinical: close-up,55.0,female,
ISIC_0091575,IL_6755192,Malignant,BCC,clinical: close-up,70.0,male,
ISIC_0093135,IL_4744956,Malignant,BCC,clinical: close-up,85.0,male,upper extremity
ISIC_0093389,IL_8854625,Malignant,BCC,clinical: close-up,75.0,male,
ISIC_0094604,IL_9822160,Malignant,BCC,clinical: close-up,45.0,female,
ISIC_0095743,IL_7133935,Benign,NV,dermoscopic,20.0,male,lower extremity
ISIC_0096543,IL_1989864,Malignant,BCC,dermoscopic,60.0,male,head/neck
ISIC_0097262,IL_9395839,Benign,NV,dermoscopic,40.0,male,
ISIC_0097302,IL_4099426,Malignant,BCC,dermoscopic,55.0,female,
ISIC_0097906,IL_5173093,Malignant,BCC,clinical: close-up,55.0,female,
ISIC_0101062,IL_9083220,Malignant,BCC,dermoscopic,80.0,male,
ISIC_0101767,IL_1404122,Benign,NV,dermoscopic,15.0,male,
ISIC_0103091,IL_3897948,Malignant,BCC,clinical: close-up,65.0,female,
ISIC_0106322,IL_3496860,Benign,NV,dermoscopic,50.0,female,lower extremity
ISIC_0108357,IL_8299978,Benign,NV,clinical: close-up,30.0,male,
ISIC_0114709,IL_1176036,Malignant,SCCKA,clinical: close-up,65.0,female,lower extremity
ISIC_0116442,IL_8703940,Malignant,SCCKA,dermoscopic,45.0,male,upper extremity
ISIC_0118496,IL_7921375,Malignant,AKIEC,clinical: close-up,70.0,male,upper extremity
ISIC_0118795,IL_4312486,Malignant,SCCKA,dermoscopic,70.0,female,lower extremity
ISIC_0119243,IL_2352772,Benign,NV,dermoscopic,45.0,female,
ISIC_0121050,IL_6673700,Benign,NV,clinical: close-up,50.0,female,
ISIC_0123535,IL_9312646,Malignant,SCCKA,clinical: close-up,70.0,male,head/neck
ISIC_0124081,IL_0115590,Malignant,BCC,dermoscopic,80.0,female,lower extremity
ISIC_0124902,IL_9439154,Malignant,MEL,dermoscopic,30.0,female,
ISIC_0127217,IL_0311447,Malignant,BCC,clinical: close-up,65.0,male,lower extremity
ISIC_0127934,IL_7240345,Benign,NV,clinical: close-up,5.0,female,lower extremity
ISIC_0132555,IL_9024292,Malignant,MEL,clinical: close-up,55.0,female,upper extremity
ISIC_0135161,IL_3408986,Malignant,BCC,dermoscopic,65.0,female,
ISIC_0140176,IL_9157797,Benign,NV,clinical: close-up,60.0,female,lower extremity
ISIC_0143535,IL_7270407,Malignant,BCC,dermoscopic,75.0,male,
ISIC_0147255,IL_0970556,Malignant,BCC,dermoscopic,75.0,male,
ISIC_0151603,IL_1848591,Malignant,SCCKA,dermoscopic,80.0,female,upper extremity
ISIC_0151981,IL_8456514,Malignant,BCC,clinical: close-up,70.0,female,lower extremity
ISIC_0154826,IL_1843945,Malignant,BCC,dermoscopic,70.0,female,head/neck
ISIC_0155115,IL_3658714,Benign,NV,clinical: close-up,75.0,male,lower extremity
ISIC_0156507,IL_2543533,Malignant,MEL,dermoscopic,45.0,male,lower extremity
ISIC_0159683,IL_8075238,Malignant,BCC,clinical: close-up,65.0,male,head/neck
ISIC_0165103,IL_3052885,Benign,BKL,dermoscopic,65.0,male,head/neck
ISIC_0167746,IL_3995559,Malignant,MEL,clinical: close-up,85.0,male,head/neck
ISIC_0167803,IL_5574857,Benign,NV,dermoscopic,,female,
ISIC_0169510,IL_6393566,Benign,VASC,clinical: close-up,65.0,female,
ISIC_0169534,IL_7376173,Benign,BKL,clinical: close-up,70.0,male,
ISIC_0169805,IL_2405400,Malignant,BCC,clinical: close-up,75.0,male,
ISIC_0176893,IL_4891045,Malignant,BCC,clinical: close-up,55.0,female,lower extremity
ISIC_0178503,IL_2771122,Benign,BKL,dermoscopic,65.0,male,head/neck
ISIC_0179367,IL_6613514,Benign,NV,dermoscopic,20.0,female,
ISIC_0181316,IL_0266076,Malignant,BCC,dermoscopic,65.0,female,head/neck
ISIC_0184224,IL_7820661,Malignant,MEL,dermoscopic,65.0,male,lower extremity
ISIC_0185719,IL_7216182,Malignant,BCC,clinical: close-up,50.0,male,lower extremity
ISIC_0187127,IL_4094223,Malignant,BCC,clinical: close-up,75.0,male,lower extremity
ISIC_0187220,IL_0977537,Benign,BKL,dermoscopic,65.0,male,
ISIC_0189659,IL_6599749,Benign,NV,clinical: close-up,25.0,female,
ISIC_0190959,IL_6691534,Malignant,BCC,dermoscopic,75.0,male,
ISIC_0191714,IL_8486036,Malignant,BCC,clinical: close-up,80.0,female,lower extremity
ISIC_0192391,IL_4768101,Malignant,MEL,clinical: close-up,25.0,female,lower extremity
ISIC_0194116,IL_6217582,Malignant,SCCKA,clinical: close-up,65.0,male,head/neck
ISIC_0195347,IL_0533923,Malignant,BCC,clinical: close-up,70.0,male,
ISIC_0195374,IL_7871549,Malignant,SCCKA,dermoscopic,75.0,male,lower extremity
ISIC_0197527,IL_7186549,Malignant,BCC,dermoscopic,65.0,male,upper extremity
ISIC_0197900,IL_0410887,Malignant,BCC,dermoscopic,75.0,male,upper extremity
ISIC_0198032,IL_3961621,Malignant,BCC,clinical: close-up,65.0,male,head/neck
ISIC_0202283,IL_7478633,Benign,INF,dermoscopic,60.0,female,head/neck
ISIC_0210672,IL_0632998,Malignant,BCC,dermoscopic,85.0,male,lower extremity
ISIC_0210682,IL_1280440,Benign,BEN_OTH,clinical: close-up,70.0,male,
ISIC_0210906,IL_0592358,Malignant,BCC,clinical: close-up,50.0,male,head/neck
ISIC_0211067,IL_6084278,Malignant,MEL,clinical: close-up,65.0,male,
ISIC_0211830,IL_7459473,Benign,BKL,clinical: close-up,40.0,male,
ISIC_0212251,IL_7481126,Malignant,MEL,dermoscopic,70.0,female,upper extremity
ISIC_0216815,IL_4696609,Benign,NV,clinical: close-up,80.0,female,
ISIC_0217174,IL_7096412,Malignant,BCC,clinical: close-up,75.0,male,head/neck
ISIC_0217198,IL_0267094,Malignant,BCC,clinical: close-up,75.0,male,head/neck
ISIC_0218425,IL_2335600,Malignant,SCCKA,clinical: close-up,70.0,male,lower extremity
ISIC_0220749,IL_5328388,Malignant,BCC,clinical: close-up,75.0,male,head/neck
ISIC_0220890,IL_9250980,Benign,DF,dermoscopic,15.0,female,lower extremity
ISIC_0225383,IL_9430924,Malignant,BCC,clinical: close-up,65.0,male,upper extremity
ISIC_0225656,IL_4150500,Malignant,BCC,clinical: close-up,50.0,male,
ISIC_0226810,IL_9104485,Benign,BKL,clinical: close-up,50.0,male,lower extremity
ISIC_0228941,IL_9230375,Malignant,BCC,clinical: close-up,45.0,female,
ISIC_0230087,IL_9150101,Malignant,BCC,dermoscopic,40.0,male,head/neck
ISIC_0230558,IL_6753634,Malignant,SCCKA,clinical: close-up,85.0,female,lower extremity
ISIC_0230992,IL_6849118,Malignant,SCCKA,clinical: close-up,65.0,male,upper extremity
ISIC_0231625,IL_4153539,Malignant,BCC,clinical: close-up,55.0,female,
ISIC_0233929,IL_0320467,Malignant,BCC,clinical: close-up,75.0,female,
ISIC_0234148,IL_6613514,Benign,NV,clinical: close-up,20.0,female,
ISIC_0236002,IL_8739695,Benign,NV,clinical: close-up,45.0,female,
ISIC_0240393,IL_1060778,Malignant,BCC,clinical: close-up,65.0,female,lower extremity
ISIC_0241896,IL_8554627,Malignant,MEL,clinical: close-up,40.0,female,upper extremity
ISIC_0244875,IL_6458200,Malignant,BCC,dermoscopic,80.0,female,head/neck
ISIC_0245594,IL_1175883,Indeterminate,AKIEC,dermoscopic,85.0,female,head/neck
ISIC_0247645,IL_9310196,Malignant,BCC,clinical: close-up,40.0,male,upper extremity
ISIC_0248336,IL_4639919,Malignant,SCCKA,clinical: close-up,55.0,male,upper extremity
ISIC_0256695,IL_2416806,Malignant,SCCKA,dermoscopic,70.0,male,upper extremity
ISIC_0257297,IL_5052158,Malignant,BCC,clinical: close-up,60.0,male,
ISIC_0261218,IL_3774804,Malignant,SCCKA,clinical: close-up,60.0,female,upper extremity
ISIC_0263121,IL_0753658,Malignant,AKIEC,clinical: close-up,85.0,female,lower extremity
ISIC_0263908,IL_5060375,Malignant,BCC,clinical: close-up,70.0,female,
ISIC_0265421,IL_4645849,Benign,BKL,dermoscopic,70.0,male,
ISIC_0266897,IL_0705548,Malignant,BCC,clinical: close-up,75.0,male,lower extremity
ISIC_0270502,IL_5111144,Malignant,BCC,clinical: close-up,80.0,male,head/neck
ISIC_0273939,IL_5518573,Benign,BKL,dermoscopic,70.0,male,upper extremity
ISIC_0274862,IL_6169734,Malignant,SCCKA,clinical: close-up,65.0,male,upper extremity
ISIC_0275196,IL_0921105,Malignant,BCC,clinical: close-up,65.0,male,head/neck
ISIC_0278402,IL_7885179,Benign,BKL,clinical: close-up,75.0,female,
ISIC_0280428,IL_3672233,Benign,NV,clinical: close-up,55.0,male,
ISIC_0282178,IL_8381192,Benign,NV,dermoscopic,35.0,male,
ISIC_0282454,IL_4438547,Benign,NV,dermoscopic,45.0,male,
ISIC_0283929,IL_1846294,Malignant,BCC,dermoscopic,85.0,female,
ISIC_0286860,IL_7230788,Benign,DF,clinical: close-up,65.0,male,upper extremity
ISIC_0289289,IL_2080493,Malignant,BCC,dermoscopic,75.0,male,upper extremity
ISIC_0289550,IL_1749163,Malignant,BCC,dermoscopic,55.0,male,upper extremity
ISIC_0289881,IL_8323588,Malignant,BCC,dermoscopic,85.0,male,head/neck
ISIC_0290183,IL_9036149,Benign,NV,dermoscopic,15.0,female,lower extremity
ISIC_0290702,IL_1741530,Benign,BKL,clinical: close-up,65.0,male,head/neck
ISIC_0292082,IL_5554236,Benign,BKL,clinical: close-up,50.0,male,
ISIC_0292393,IL_5489225,Malignant,BCC,dermoscopic,65.0,male,head/neck
ISIC_0294743,IL_1739101,Malignant,BCC,clinical: close-up,50.0,male,
ISIC_0298744,IL_1655178,Malignant,BCC,dermoscopic,60.0,male,upper extremity
ISIC_0301368,IL_7550405,Malignant,BCC,dermoscopic,75.0,male,head/neck
ISIC_0302768,IL_0583192,Malignant,AKIEC,clinical: close-up,60.0,female,upper extremity
ISIC_0303344,IL_7023776,Malignant,MEL,dermoscopic,70.0,male,head/neck
ISIC_0304311,IL_9157359,Malignant,SCCKA,dermoscopic,65.0,female,head/neck
ISIC_0304794,IL_2788353,Malignant,BCC,dermoscopic,70.0,male,lower extremity
ISIC_0307003,IL_6004998,Benign,INF,clinical: close-up,40.0,male,head/neck
ISIC_0307669,IL_6398771,Malignant,BCC,dermoscopic,85.0,female,
ISIC_0310082,IL_4381974,Malignant,BCC,clinical: close-up,65.0,male,lower extremity
ISIC_0310449,IL_9855945,Malignant,BCC,dermoscopic,80.0,female,
ISIC_0311394,IL_4538075,Malignant,AKIEC,dermoscopic,45.0,male,upper extremity
ISIC_0311944,IL_8439517,Benign,INF,dermoscopic,65.0,female,
ISIC_0314737,IL_2369165,Malignant,BCC,clinical: close-up,60.0,male,
ISIC_0316259,IL_2730356,Malignant,BCC,clinical: close-up,60.0,male,
ISIC_0319894,IL_7117274,Malignant,BCC,dermoscopic,80.0,male,
ISIC_0323748,IL_0069690,Malignant,BCC,dermoscopic,50.0,male,
ISIC_0323945,IL_3638399,Benign,BKL,clinical: close-up,70.0,female,
ISIC_0324439,IL_8922194,Malignant,BCC,clinical: close-up,55.0,male,
ISIC_0325053,IL_7085147,Benign,NV,clinical: close-up,60.0,male,head/neck
ISIC_0325706,IL_5865217,Malignant,BCC,clinical: close-up,65.0,female,
ISIC_0326524,IL_4609095,Malignant,SCCKA,clinical: close-up,50.0,male,upper extremity
ISIC_0326699,IL_5708693,Malignant,BCC,clinical: close-up,75.0,male,head/neck
ISIC_0329283,IL_6655417,Benign,NV,clinical: close-up,40.0,female,upper extremity
ISIC_0330089,IL_7925495,Malignant,BCC,dermoscopic,60.0,male,head/neck
ISIC_0332749,IL_1756405,Malignant,BCC,clinical: close-up,45.0,male,head/neck
ISIC_0333650,IL_8106703,Malignant,MEL,clinical: close-up,40.0,male,
ISIC_0336951,IL_7971648,Benign,BKL,clinical: close-up,55.0,female,lower extremity
ISIC_0338923,IL_3082764,Benign,NV,clinical: close-up,20.0,female,
ISIC_0342710,IL_4561520,Benign,NV,dermoscopic,,male,head/neck
ISIC_0346032,IL_4064618,Malignant,MEL,clinical: close-up,75.0,male,lower extremity
ISIC_0346075,IL_4790851,Indeterminate,AKIEC,clinical: close-up,65.0,female,head/neck
ISIC_0346352,IL_8401805,Malignant,BCC,dermoscopic,45.0,male,
ISIC_0350483,IL_4652150,Malignant,SCCKA,dermoscopic,65.0,male,upper extremity
ISIC_0354697,IL_4453388,Malignant,BCC,clinical: close-up,80.0,female,
ISIC_0360727,IL_5566169,Benign,NV,dermoscopic,5.0,male,head/neck
ISIC_0361366,IL_4403121,Malignant,BCC,clinical: close-up,70.0,male,upper extremity
ISIC_0363002,IL_1059300,Benign,BKL,clinical: close-up,75.0,male,
ISIC_0366902,IL_3547221,Benign,BKL,clinical: close-up,80.0,female,upper extremity
ISIC_0367096,IL_2461087,Benign,NV,clinical: close-up,85.0,female,
ISIC_0368075,IL_0982091,Malignant,BCC,clinical: close-up,45.0,male,head/neck
ISIC_0368345,IL_4258964,Benign,BEN_OTH,dermoscopic,70.0,male,lower extremity
ISIC_0368483,IL_1858376,Malignant,SCCKA,clinical: close-up,50.0,male,lower extremity
ISIC_0368554,IL_5910352,Malignant,BCC,dermoscopic,65.0,male,
ISIC_0369681,IL_9784446,Malignant,BCC,dermoscopic,60.0,male,head/neck
ISIC_0370218,IL_4777060,Malignant,BCC,dermoscopic,75.0,male,upper extremity
ISIC_0370911,IL_5526869,Malignant,BCC,clinical: close-up,50.0,male,
ISIC_0371990,IL_6820116,Malignant,BCC,clinical: close-up,65.0,male,lower extremity
ISIC_0373147,IL_3157570,Malignant,BCC,clinical: close-up,70.0,female,head/neck
ISIC_0373682,IL_8931844,Benign,NV,dermoscopic,40.0,female,
ISIC_0373826,IL_5766424,Benign,NV,dermoscopic,10.0,female,lower extremity
ISIC_0376198,IL_5215495,Malignant,BCC,clinical: close-up,45.0,male,head/neck
ISIC_0376743,IL_2821734,Malignant,BCC,clinical: close-up,70.0,female,head/neck
ISIC_0376931,IL_8118311,Benign,NV,dermoscopic,45.0,female,upper extremity
ISIC_0377418,IL_1555108,Benign,BEN_OTH,clinical: close-up,75.0,male,
ISIC_0378725,IL_7832293,Malignant,BCC,dermoscopic,70.0,female,upper extremity
ISIC_0378928,IL_8491993,Benign,VASC,clinical: close-up,35.0,female,lower extremity
ISIC_0379139,IL_6219839,Malignant,BCC,clinical: close-up,50.0,male,upper extremity
ISIC_0381085,IL_0630567,Indeterminate,AKIEC,clinical: close-up,75.0,male,head/neck
ISIC_0381913,IL_1381975,Malignant,BCC,clinical: close-up,60.0,male,
ISIC_0383910,IL_2228452,Malignant,BCC,dermoscopic,60.0,female,lower extremity
ISIC_0384010,IL_0592984,Malignant,BCC,clinical: close-up,65.0,male,lower extremity
ISIC_0386589,IL_6931875,Malignant,BCC,dermoscopic,85.0,male,head/neck
ISIC_0387025,IL_1653926,Malignant,BCC,clinical: close-up,70.0,male,
ISIC_0387211,IL_4034237,Malignant,BCC,dermoscopic,55.0,male,
ISIC_0387282,IL_3181728,Indeterminate,AKIEC,dermoscopic,80.0,female,head/neck
ISIC_0387826,IL_3046914,Malignant,BCC,dermoscopic,70.0,male,
ISIC_0388843,IL_8259171,Malignant,BCC,clinical: close-up,85.0,male,head/neck
ISIC_0396597,IL_8299819,Malignant,BCC,clinical: close-up,70.0,male,
ISIC_0398501,IL_4454107,Malignant,BCC,clinical: close-up,60.0,male,head/neck
ISIC_0402893,IL_0029019,Malignant,MEL,clinical: close-up,75.0,female,
ISIC_0406149,IL_9300549,Malignant,MEL,dermoscopic,45.0,female,upper extremity
ISIC_0408941,IL_0482521,Malignant,BCC,clinical: close-up,75.0,male,
ISIC_0410404,IL_5283684,Malignant,BCC,clinical: close-up,50.0,female,upper extremity
ISIC_0410802,IL_2808102,Malignant,MEL,dermoscopic,45.0,male,
ISIC_0411043,IL_8988340,Malignant,AKIEC,clinical: close-up,70.0,female,lower extremity
ISIC_0411397,IL_2293895,Benign,DF,dermoscopic,40.0,male,
ISIC_0411803,IL_2248531,Malignant,BCC,dermoscopic,45.0,male,lower extremity
ISIC_0414164,IL_8204669,Malignant,MEL,dermoscopic,55.0,female,lower extremity
ISIC_0415024,IL_8190930,Malignant,BCC,clinical: close-up,55.0,male,
ISIC_0416329,IL_8480988,Malignant,AKIEC,dermoscopic,80.0,male,
ISIC_0417486,IL_2160413,Benign,VASC,dermoscopic,65.0,male,
ISIC_0418807,IL_7770574,Benign,NV,clinical: close-up,30.0,female,
ISIC_0419492,IL_9358381,Benign,NV,clinical: close-up,15.0,female,head/neck
ISIC_0422017,IL_8843384,Benign,NV,dermoscopic,25.0,female,lower extremity
ISIC_0423080,IL_6019192,Malignant,MEL,clinical: close-up,40.0,female,
ISIC_0424213,IL_4711220,Malignant,BCC,dermoscopic,75.0,male,head/neck
ISIC_0424607,IL_7471218,Malignant,SCCKA,clinical: close-up,80.0,female,lower extremity
ISIC_0426102,IL_5394368,Malignant,BCC,clinical: close-up,75.0,male,upper extremity
ISIC_0426130,IL_3640524,Benign,NV,clinical: close-up,65.0,female,head/neck
ISIC_0426781,IL_6679773,Malignant,BCC,clinical: close-up,55.0,female,head/neck
ISIC_0427331,IL_3122481,Malignant,BCC,dermoscopic,60.0,male,
ISIC_0427475,IL_1050579,Malignant,BCC,clinical: close-up,75.0,male,lower extremity
ISIC_0428450,IL_3861295,Benign,DF,clinical: close-up,55.0,female,upper extremity
ISIC_0433706,IL_0047878,Benign,NV,dermoscopic,40.0,male,head/neck
ISIC_0435506,IL_9258319,Malignant,BCC,dermoscopic,80.0,female,head/neck
ISIC_0438775,IL_8375905,Malignant,BCC,clinical: close-up,60.0,male,
ISIC_0440292,IL_8788016,Malignant,BCC,clinical: close-up,60.0,male,head/neck
ISIC_0441425,IL_5574879,Malignant,SCCKA,clinical: close-up,45.0,male,
ISIC_0442866,IL_1367516,Malignant,SCCKA,dermoscopic,80.0,female,upper extremity
ISIC_0444685,IL_2198915,Malignant,SCCKA,clinical: close-up,65.0,male,lower extremity
ISIC_0444953,IL_7333819,Malignant,BCC,dermoscopic,70.0,male,upper extremity
ISIC_0445960,IL_3303536,Malignant,AKIEC,dermoscopic,60.0,male,head/neck
ISIC_0447190,IL_0074413,Benign,NV,clinical: close-up,35.0,female,
ISIC_0447553,IL_2341353,Malignant,MEL,clinical: close-up,70.0,male,
ISIC_0448586,IL_4976689,Malignant,SCCKA,dermoscopic,65.0,male,upper extremity
ISIC_0450405,IL_7728515,Malignant,MEL,dermoscopic,55.0,male,
ISIC_0450792,IL_1102266,Malignant,MEL,dermoscopic,85.0,female,lower extremity
ISIC_0454029,IL_0108315,Malignant,BCC,dermoscopic,70.0,male,
ISIC_0454057,IL_7756506,Malignant,SCCKA,dermoscopic,70.0,male,lower extremity
ISIC_0456269,IL_9368782,Benign,NV,clinical: close-up,10.0,female,
ISIC_0457897,IL_2283112,Malignant,BCC,clinical: close-up,35.0,male,head/neck
ISIC_0458709,IL_6140435,Benign,NV,clinical: close-up,75.0,male,
ISIC_0461233,IL_4465213,Malignant,BCC,dermoscopic,75.0,male,head/neck
ISIC_0461566,IL_4246479,Benign,BKL,dermoscopic,70.0,female,head/neck
ISIC_0464954,IL_9509659,Malignant,AKIEC,clinical: close-up,60.0,male,lower extremity
ISIC_0467500,IL_3996209,Malignant,BCC,dermoscopic,60.0,female,lower extremity
ISIC_0467628,IL_0850065,Malignant,BCC,dermoscopic,55.0,male,
ISIC_0468332,IL_5281501,Malignant,BCC,clinical: close-up,55.0,male,upper extremity
ISIC_0468733,IL_9622215,Benign,BKL,clinical: close-up,40.0,male,lower extremity
ISIC_0470080,IL_8500465,Malignant,BCC,clinical: close-up,55.0,male,
ISIC_0471652,IL_5953610,Benign,BKL,clinical: close-up,60.0,female,lower extremity
ISIC_0472359,IL_6845657,Malignant,BCC,dermoscopic,50.0,male,head/neck
ISIC_0473678,IL_0328020,Malignant,MEL,clinical: close-up,65.0,male,
ISIC_0474474,IL_8113008,Benign,NV,dermoscopic,30.0,male,upper extremity
ISIC_0478881,IL_7504517,Malignant,SCCKA,dermoscopic,65.0,male,lower extremity
ISIC_0479656,IL_4133123,Benign,DF,dermoscopic,65.0,female,
ISIC_0483066,IL_4860977,Malignant,BCC,clinical: close-up,75.0,male,head/neck
ISIC_0485633,IL_4147641,Malignant,SCCKA,clinical: close-up,85.0,male,lower extremity
ISIC_0489274,IL_6591567,Malignant,BCC,dermoscopic,55.0,male,upper extremity
ISIC_0489440,IL_4514028,Benign,NV,dermoscopic,65.0,female,
ISIC_0490330,IL_1314812,Malignant,BCC,clinical: close-up,60.0,male,lower extremity
ISIC_0490468,IL_0125566,Malignant,BCC,dermoscopic,70.0,male,
ISIC_0495585,IL_2721693,Malignant,BCC,clinical: close-up,55.0,male,lower extremity
ISIC_0495769,IL_3985289,Malignant,BCC,dermoscopic,75.0,female,lower extremity
ISIC_0497574,IL_9027780,Malignant,AKIEC,dermoscopic,85.0,male,upper extremity
ISIC_0497849,IL_4396265,Malignant,BCC,dermoscopic,40.0,male,head/neck
ISIC_0497911,IL_0740796,Malignant,BCC,dermoscopic,80.0,female,head/neck
ISIC_0497921,IL_2227380,Benign,NV,dermoscopic,60.0,female,
ISIC_0499568,IL_6743301,Malignant,BCC,dermoscopic,65.0,male,head/neck
ISIC_0501244,IL_7948272,Malignant,BCC,clinical: close-up,70.0,female,lower extremity
ISIC_0502413,IL_6234937,Malignant,BCC,dermoscopic,70.0,male,head/neck
ISIC_0502738,IL_5363058,Benign,NV,dermoscopic,30.0,male,lower extremity
ISIC_0504075,IL_6595342,Benign,NV,clinical: close-up,55.0,male,head/neck
ISIC_0506930,IL_5829281,Malignant,BCC,clinical: close-up,65.0,female,lower extremity
ISIC_0506961,IL_5490605,Malignant,SCCKA,clinical: close-up,65.0,male,head/neck
ISIC_0507617,IL_6684084,Benign,BKL,clinical: close-up,65.0,male,upper extremity
ISIC_0508629,IL_5157883,Benign,NV,dermoscopic,55.0,female,head/neck
ISIC_0508714,IL_4456737,Benign,NV,dermoscopic,10.0,female,head/neck
ISIC_0510199,IL_3955700,Benign,BKL,clinical: close-up,85.0,male,
ISIC_0510537,IL_0772514,Malignant,BCC,dermoscopic,75.0,male,
ISIC_0512596,IL_0076321,Benign,NV,clinical: close-up,35.0,male,
ISIC_0512725,IL_4320336,Benign,NV,dermoscopic,50.0,male,
ISIC_0514391,IL_9801468,Malignant,BCC,clinical: close-up,65.0,female,upper extremity
ISIC_0518723,IL_2227490,Malignant,BCC,dermoscopic,65.0,male,lower extremity
ISIC_0519768,IL_1558791,Malignant,BCC,dermoscopic,80.0,male,head/neck
ISIC_0522356,IL_1492358,Malignant,BCC,clinical: close-up,75.0,male,head/neck
ISIC_0525463,IL_5361912,Malignant,BCC,dermoscopic,55.0,female,upper extremity
ISIC_0526168,IL_0913483,Benign,NV,clinical: close-up,45.0,female,upper extremity
ISIC_0528026,IL_8562262,Malignant,BCC,clinical: close-up,85.0,male,head/neck
ISIC_0528832,IL_8233032,Malignant,MEL,dermoscopic,65.0,male,head/neck
ISIC_0528949,IL_9152183,Malignant,BCC,dermoscopic,65.0,male,upper extremity
ISIC_0529050,IL_7337548,Malignant,MEL,dermoscopic,45.0,female,
ISIC_0529633,IL_1848853,Malignant,MEL,dermoscopic,40.0,female,head/neck
ISIC_0531382,IL_8784300,Benign,BEN_OTH,dermoscopic,80.0,female,head/neck
ISIC_0532506,IL_2692187,Benign,BEN_OTH,clinical: close-up,60.0,female,head/neck
ISIC_0533507,IL_2104146,Malignant,BCC,dermoscopic,60.0,male,lower extremity
ISIC_0537911,IL_5795869,Malignant,MEL,clinical: close-up,65.0,female,head/neck
ISIC_0538851,IL_0419410,Benign,BKL,clinical: close-up,65.0,male,
ISIC_0539206,IL_9563085,Benign,BKL,dermoscopic,70.0,male,lower extremity
ISIC_0542450,IL_8714765,Benign,BKL,clinical: close-up,75.0,female,upper extremity
ISIC_0543368,IL_6344914,Benign,NV,clinical: close-up,40.0,female,
ISIC_0546402,IL_7991885,Benign,DF,dermoscopic,70.0,male,lower extremity
ISIC_0547765,IL_8793301,Malignant,AKIEC,clinical: close-up,50.0,male,upper extremity
ISIC_0548842,IL_4706609,Malignant,BCC,clinical: close-up,65.0,male,
ISIC_0552851,IL_8845564,Malignant,SCCKA,clinical: close-up,85.0,male,head/neck
ISIC_0553265,IL_3906452,Malignant,MEL,dermoscopic,75.0,male,
ISIC_0553752,IL_8462731,Indeterminate,AKIEC,clinical: close-up,75.0,male,upper extremity
ISIC_0557709,IL_7297013,Malignant,MEL,clinical: close-up,70.0,female,lower extremity
ISIC_0560217,IL_0169358,Benign,BKL,clinical: close-up,55.0,male,
ISIC_0561102,IL_3724893,Malignant,BCC,dermoscopic,65.0,male,lower extremity
ISIC_0561480,IL_4400471,Malignant,MEL,clinical: close-up,45.0,male,
ISIC_0562738,IL_6481274,Malignant,BCC,dermoscopic,75.0,male,head/neck
ISIC_0569529,IL_9168364,Malignant,SCCKA,dermoscopic,75.0,male,
ISIC_0570358,IL_5163548,Benign,NV,dermoscopic,,male,lower extremity
ISIC_0570697,IL_1660797,Benign,NV,dermoscopic,50.0,female,head/neck
ISIC_0572875,IL_9512629,Malignant,BCC,dermoscopic,55.0,male,
ISIC_0575130,IL_7853523,Benign,NV,dermoscopic,35.0,male,head/neck
ISIC_0575623,IL_9180123,Benign,NV,clinical: close-up,65.0,female,lower extremity
ISIC_0575879,IL_6370742,Malignant,BCC,clinical: close-up,50.0,male,
ISIC_0576611,IL_8244074,Malignant,BCC,clinical: close-up,80.0,female,head/neck
ISIC_0576794,IL_5193790,Malignant,BCC,clinical: close-up,65.0,male,upper extremity
ISIC_0579366,IL_8529152,Malignant,MEL,clinical: close-up,50.0,male,
ISIC_0582067,IL_2658835,Malignant,BCC,clinical: close-up,60.0,female,
ISIC_0583040,IL_2740967,Malignant,MEL,clinical: close-up,35.0,female,head/neck
ISIC_0583712,IL_7976753,Malignant,MEL,dermoscopic,30.0,male,
ISIC_0585018,IL_9399990,Indeterminate,AKIEC,clinical: close-up,65.0,female,head/neck
ISIC_0586691,IL_1612768,Malignant,SCCKA,clinical: close-up,70.0,male,upper extremity
ISIC_0588937,IL_3682570,Benign,NV,clinical: close-up,30.0,female,
ISIC_0590248,IL_7678083,Benign,BKL,clinical: close-up,70.0,male,head/neck
ISIC_0593055,IL_9987263,Benign,NV,dermoscopic,50.0,female,lower extremity
ISIC_0593908,IL_6144791,Malignant,BCC,dermoscopic,50.0,male,
ISIC_0595350,IL_3817473,Benign,NV,clinical: close-up,20.0,female,
ISIC_0597607,IL_0797165,Benign,NV,dermoscopic,5.0,female,lower extremity
ISIC_0598709,IL_0705529,Malignant,BCC,dermoscopic,60.0,male,
ISIC_0601743,IL_3176703,Malignant,BCC,dermoscopic,50.0,female,lower extremity
ISIC_0605910,IL_6833958,Malignant,AKIEC,dermoscopic,50.0,male,head/neck
ISIC_0606651,IL_0960314,Benign,DF,clinical: close-up,35.0,female,lower extremity
ISIC_0608754,IL_3335346,Indeterminate,AKIEC,clinical: close-up,75.0,male,head/neck
ISIC_0608821,IL_5045775,Benign,VASC,clinical: close-up,70.0,female,lower extremity
ISIC_0608960,IL_0349058,Benign,NV,clinical: close-up,60.0,female,
ISIC_0610035,IL_5769609,Malignant,BCC,dermoscopic,70.0,female,lower extremity
ISIC_0612181,IL_4978975,Malignant,BCC,clinical: close-up,70.0,male,head/neck
ISIC_0612261,IL_3300322,Malignant,BCC,dermoscopic,80.0,female,head/neck
ISIC_0613695,IL_4663094,Benign,NV,dermoscopic,40.0,female,lower extremity
ISIC_0616115,IL_0977537,Benign,BKL,clinical: close-up,65.0,male,
ISIC_0620394,IL_4365113,Malignant,BCC,dermoscopic,85.0,female,upper extremity
ISIC_0625197,IL_3664176,Malignant,BCC,dermoscopic,60.0,male,
ISIC_0627375,IL_9575395,Malignant,BCC,clinical: close-up,65.0,female,upper extremity
ISIC_0627667,IL_4739106,Benign,NV,clinical: close-up,30.0,female,lower extremity
ISIC_0628658,IL_4653785,Malignant,MEL,clinical: close-up,60.0,female,head/neck
ISIC_0630375,IL_3417024,Malignant,MEL,clinical: close-up,70.0,female,
ISIC_0632001,IL_8991149,Malignant,BCC,dermoscopic,70.0,female,lower extremity
ISIC_0633557,IL_4652150,Malignant,SCCKA,clinical: close-up,65.0,male,upper extremity
ISIC_0634232,IL_9063052,Malignant,BCC,dermoscopic,60.0,male,head/neck
ISIC_0635424,IL_6860509,Benign,NV,clinical: close-up,50.0,female,
ISIC_0637655,IL_8444340,Malignant,BCC,dermoscopic,70.0,female,head/neck
ISIC_0638581,IL_8381192,Benign,NV,clinical: close-up,35.0,male,
ISIC_0640031,IL_1280440,Benign,BEN_OTH,dermoscopic,70.0,male,
ISIC_0642767,IL_0335647,Malignant,MEL,dermoscopic,70.0,male,
ISIC_0643281,IL_8702046,Malignant,SCCKA,clinical: close-up,70.0,male,head/neck
ISIC_0644098,IL_7864220,Malignant,AKIEC,dermoscopic,85.0,female,lower extremity
ISIC_0644224,IL_3738052,Benign,BEN_OTH,dermoscopic,75.0,male,
ISIC_0646278,IL_0808722,Malignant,AKIEC,clinical: close-up,55.0,female,head/neck
ISIC_0646544,IL_5676990,Malignant,BCC,dermoscopic,55.0,female,upper extremity
ISIC_0647017,IL_1615908,Benign,NV,clinical: close-up,70.0,male,
ISIC_0649359,IL_5016629,Malignant,MEL,clinical: close-up,55.0,female,head/neck
ISIC_0650927,IL_8875677,Indeterminate,AKIEC,dermoscopic,85.0,male,
ISIC_0651228,IL_8621198,Malignant,MEL,dermoscopic,65.0,female,lower extremity
ISIC_0655029,IL_5277754,Malignant,BCC,dermoscopic,85.0,male,
ISIC_0657859,IL_8110471,Benign,BKL,clinical: close-up,60.0,female,lower extremity
ISIC_0659229,IL_1448486,Malignant,BCC,clinical: close-up,65.0,male,head/neck
ISIC_0659383,IL_5337254,Malignant,BCC,clinical: close-up,65.0,female,
ISIC_0660859,IL_8266554,Benign,NV,dermoscopic,70.0,male,
ISIC_0661387,IL_6847653,Malignant,BCC,clinical: close-up,45.0,female,upper extremity
ISIC_0661563,IL_9968206,Benign,BKL,clinical: close-up,80.0,female,head/neck
ISIC_0661874,IL_3819461,Malignant,BCC,clinical: close-up,55.0,male,
ISIC_0662021,IL_6111577,Benign,INF,clinical: close-up,75.0,male,
ISIC_0662620,IL_5458528,Benign,VASC,dermoscopic,45.0,male,upper extremity
ISIC_0664016,IL_9614989,Benign,BKL,dermoscopic,70.0,male,lower extremity
ISIC_0666405,IL_1122341,Malignant,BCC,dermoscopic,70.0,female,lower extremity
ISIC_0666575,IL_9897745,Malignant,BCC,dermoscopic,85.0,female,lower extremity
ISIC_0669396,IL_6256539,Malignant,MEL,dermoscopic,55.0,female,head/neck
ISIC_0670265,IL_6069436,Indeterminate,AKIEC,dermoscopic,75.0,male,head/neck
ISIC_0671005,IL_7825697,Malignant,MEL,clinical: close-up,55.0,male,
ISIC_0676527,IL_9659421,Malignant,BCC,dermoscopic,85.0,female,upper extremity
ISIC_0683612,IL_7518108,Benign,BKL,clinical: close-up,75.0,male,
ISIC_0684071,IL_5917369,Malignant,BCC,dermoscopic,75.0,male,head/neck
ISIC_0684627,IL_1538944,Benign,NV,dermoscopic,40.0,male,
ISIC_0685008,IL_5247535,Benign,BKL,dermoscopic,75.0,female,head/neck
ISIC_0686239,IL_9336389,Benign,NV,clinical: close-up,40.0,male,
ISIC_0686429,IL_7471558,Malignant,MEL,clinical: close-up,80.0,male,head/neck
ISIC_0686612,IL_1207845,Benign,VASC,dermoscopic,55.0,male,
ISIC_0688926,IL_2234007,Malignant,BCC,clinical: close-up,65.0,male,
ISIC_0689386,IL_8484491,Malignant,BCC,clinical: close-up,55.0,male,head/neck
ISIC_0690986,IL_8944802,Malignant,BCC,dermoscopic,70.0,male,lower extremity
ISIC_0692759,IL_3237613,Benign,INF,clinical: close-up,60.0,male,head/neck
ISIC_0693344,IL_1671184,Malignant,SCCKA,clinical: close-up,75.0,male,lower extremity
ISIC_0694740,IL_1492358,Malignant,BCC,dermoscopic,75.0,male,head/neck
ISIC_0695322,IL_3286495,Malignant,BCC,dermoscopic,75.0,male,lower extremity
ISIC_0698052,IL_4929209,Benign,BKL,dermoscopic,55.0,male,
ISIC_0703597,IL_7917895,Benign,DF,clinical: close-up,50.0,male,lower extremity
ISIC_0703618,IL_8045895,Benign,BKL,dermoscopic,65.0,male,
ISIC_0707479,IL_5526388,Malignant,AKIEC,clinical: close-up,65.0,female,
ISIC_0713331,IL_0307289,Malignant,BCC,clinical: close-up,55.0,male,
ISIC_0715287,IL_2670603,Malignant,BCC,dermoscopic,70.0,female,lower extremity
ISIC_0715665,IL_8918294,Malignant,BCC,dermoscopic,70.0,male,head/neck
ISIC_0717001,IL_9448011,Malignant,BCC,clinical: close-up,70.0,male,lower extremity
ISIC_0718332,IL_3995124,Benign,NV,dermoscopic,65.0,male,
ISIC_0719228,IL_1122341,Malignant,BCC,clinical: close-up,70.0,female,lower extremity
ISIC_0720304,IL_4610618,Malignant,MEL,clinical: close-up,65.0,male,
ISIC_0720537,IL_7096412,Malignant,BCC,dermoscopic,75.0,male,head/neck
ISIC_0722347,IL_3945386,Malignant,BCC,dermoscopic,60.0,female,lower extremity
ISIC_0723926,IL_3341397,Malignant,AKIEC,dermoscopic,85.0,male,upper extremity
ISIC_0725065,IL_3772690,Malignant,SCCKA,dermoscopic,65.0,female,lower extremity
ISIC_0727105,IL_0751879,Indeterminate,AKIEC,clinical: close-up,65.0,male,head/neck
ISIC_0729575,IL_9968206,Benign,BKL,dermoscopic,80.0,female,head/neck
ISIC_0729799,IL_0123995,Malignant,SCCKA,clinical: close-up,65.0,male,lower extremity
ISIC_0731364,IL_5799605,Malignant,BCC,dermoscopic,60.0,male,
ISIC_0734414,IL_6190273,Malignant,MEL,dermoscopic,65.0,male,upper extremity
ISIC_0738994,IL_7760506,Malignant,BCC,dermoscopic,60.0,male,lower extremity
ISIC_0740405,IL_2647562,Benign,BKL,clinical: close-up,70.0,female,
ISIC_0742972,IL_9408309,Malignant,SCCKA,dermoscopic,45.0,male,
ISIC_0744283,IL_4777060,Malignant,BCC,clinical: close-up,75.0,male,upper extremity
ISIC_0745953,IL_1485026,Malignant,BCC,dermoscopic,60.0,male,head/neck
ISIC_0746280,IL_4051895,Malignant,MEL,clinical: close-up,45.0,female,
ISIC_0746532,IL_1350763,Malignant,AKIEC,clinical: close-up,70.0,male,
ISIC_0746908,IL_7253924,Malignant,BCC,dermoscopic,70.0,male,lower extremity
ISIC_0751829,IL_5468213,Benign,BKL,clinical: close-up,65.0,male,upper extremity
ISIC_0754291,IL_1085478,Indeterminate,AKIEC,clinical: close-up,35.0,female,head/neck
ISIC_0755088,IL_5562402,Malignant,BCC,dermoscopic,70.0,male,
ISIC_0758242,IL_0768157,Malignant,BCC,dermoscopic,65.0,female,
ISIC_0758332,IL_5131456,Malignant,BCC,clinical: close-up,45.0,male,
ISIC_0761359,IL_7140493,Benign,BKL,dermoscopic,60.0,female,lower extremity
ISIC_0763911,IL_2338679,Malignant,BCC,clinical: close-up,80.0,female,lower extremity
ISIC_0768610,IL_9466832,Benign,NV,dermoscopic,55.0,female,lower extremity
ISIC_0768895,IL_1671392,Benign,NV,dermoscopic,40.0,male,
ISIC_0770132,IL_6863139,Malignant,BCC,dermoscopic,40.0,female,lower extremity
ISIC_0770326,IL_9010382,Benign,BKL,dermoscopic,65.0,male,head/neck
ISIC_0772256,IL_7833782,Malignant,BCC,dermoscopic,85.0,male,head/neck
ISIC_0772345,IL_4906380,Benign,NV,dermoscopic,35.0,male,head/neck
ISIC_0772652,IL_2432555,Malignant,BCC,dermoscopic,70.0,male,lower extremity
ISIC_0772947,IL_1930653,Malignant,BCC,dermoscopic,50.0,male,upper extremity
ISIC_0774870,IL_8800243,Malignant,BCC,clinical: close-up,80.0,male,upper extremity
ISIC_0776010,IL_3627285,Benign,NV,clinical: close-up,70.0,male,
ISIC_0777268,IL_5375420,Benign,INF,dermoscopic,80.0,female,head/neck
ISIC_0777357,IL_4478741,Malignant,BCC,clinical: close-up,30.0,female,
ISIC_0777452,IL_1058871,Malignant,BCC,dermoscopic,35.0,female,head/neck
ISIC_0780574,IL_1238733,Malignant,SCCKA,dermoscopic,80.0,male,upper extremity
ISIC_0782621,IL_1030671,Malignant,MEL,clinical: close-up,30.0,male,head/neck
ISIC_0783369,IL_8324569,Benign,BKL,dermoscopic,40.0,male,
ISIC_0783408,IL_6897591,Malignant,BCC,dermoscopic,55.0,male,head/neck
ISIC_0783971,IL_4262714,Malignant,BCC,clinical: close-up,60.0,male,lower extremity
ISIC_0784089,IL_5784432,Malignant,BCC,clinical: close-up,75.0,male,
ISIC_0785356,IL_9021517,Malignant,MEL,clinical: close-up,65.0,male,
ISIC_0786326,IL_4935391,Malignant,BCC,dermoscopic,60.0,male,head/neck
ISIC_0786490,IL_2692923,Malignant,MEL,clinical: close-up,80.0,male,
ISIC_0786863,IL_1682958,Malignant,BCC,clinical: close-up,60.0,male,head/neck
ISIC_0790292,IL_7760506,Malignant,BCC,clinical: close-up,60.0,male,lower extremity
ISIC_0791494,IL_0004688,Malignant,BCC,clinical: close-up,50.0,male,lower extremity
ISIC_0796884,IL_7037144,Malignant,BCC,dermoscopic,65.0,female,lower extremity
ISIC_0798109,IL_7288845,Malignant,BCC,clinical: close-up,50.0,male,head/neck
ISIC_0799155,IL_2234007,Malignant,BCC,dermoscopic,65.0,male,
ISIC_0800437,IL_7785689,Malignant,BCC,clinical: close-up,60.0,female,upper extremity
ISIC_0800961,IL_7800799,Malignant,BCC,clinical: close-up,70.0,male,
ISIC_0801838,IL_6261131,Malignant,BCC,dermoscopic,70.0,female,upper extremity
ISIC_0802543,IL_5784432,Malignant,BCC,dermoscopic,75.0,male,
ISIC_0805951,IL_0901496,Malignant,BCC,dermoscopic,35.0,male,head/neck
ISIC_0805994,IL_1752573,Malignant,BCC,dermoscopic,70.0,male,
ISIC_0807573,IL_4624720,Indeterminate,AKIEC,clinical: close-up,80.0,male,head/neck
ISIC_0809407,IL_2700480,Malignant,BCC,dermoscopic,80.0,female,lower extremity
ISIC_0809896,IL_9333874,Malignant,BCC,clinical: close-up,60.0,male,head/neck
ISIC_0811123,IL_0773953,Malignant,BCC,dermoscopic,45.0,male,upper extremity
ISIC_0811266,IL_7712318,Benign,NV,dermoscopic,30.0,female,lower extremity
ISIC_0811596,IL_9132121,Benign,BEN_OTH,dermoscopic,70.0,male,head/neck
ISIC_0811703,IL_0868364,Benign,DF,dermoscopic,40.0,female,lower extremity
ISIC_0812646,IL_9313247,Malignant,BCC,clinical: close-up,85.0,male,head/neck
ISIC_0812659,IL_0596418,Malignant,BCC,clinical: close-up,70.0,male,head/neck
ISIC_0813000,IL_0080050,Malignant,BCC,dermoscopic,70.0,male,head/neck
ISIC_0817051,IL_0697059,Malignant,BCC,dermoscopic,65.0,male,
ISIC_0817963,IL_7108184,Malignant,BCC,clinical: close-up,50.0,female,lower extremity
ISIC_0818540,IL_7550838,Malignant,BCC,dermoscopic,65.0,female,head/neck
ISIC_0819008,IL_9211790,Malignant,BCC,dermoscopic,60.0,male,
ISIC_0820547,IL_7571308,Malignant,BCC,clinical: close-up,40.0,female,lower extremity
ISIC_0823112,IL_5140022,Malignant,BCC,dermoscopic,65.0,male,
ISIC_0823916,IL_1439879,Malignant,BCC,clinical: close-up,50.0,male,
ISIC_0825152,IL_2222251,Benign,NV,dermoscopic,40.0,male,
ISIC_0826007,IL_0815342,Malignant,BCC,clinical: close-up,85.0,male,
ISIC_0826708,IL_0697059,Malignant,BCC,clinical: close-up,65.0,male,
ISIC_0829180,IL_3984106,Malignant,BCC,dermoscopic,75.0,female,
ISIC_0831021,IL_7227279,Malignant,AKIEC,clinical: close-up,65.0,female,head/neck
ISIC_0831157,IL_9374643,Malignant,BCC,dermoscopic,80.0,male,head/neck
ISIC_0835458,IL_2821734,Malignant,BCC,dermoscopic,70.0,female,head/neck
ISIC_0835682,IL_0773095,Malignant,BCC,dermoscopic,65.0,male,lower extremity
ISIC_0836114,IL_4713878,Malignant,BCC,clinical: close-up,75.0,female,head/neck
ISIC_0836815,IL_5160157,Malignant,BCC,dermoscopic,45.0,female,
ISIC_0838227,IL_4732001,Malignant,BCC,dermoscopic,70.0,male,
ISIC_0840284,IL_9713844,Indeterminate,AKIEC,dermoscopic,50.0,female,head/neck
ISIC_0844469,IL_4355222,Malignant,BCC,dermoscopic,65.0,male,lower extremity
ISIC_0846856,IL_8247723,Malignant,SCCKA,dermoscopic,85.0,female,lower extremity
ISIC_0848694,IL_5821357,Benign,BKL,dermoscopic,55.0,male,head/neck
ISIC_0849075,IL_0948841,Malignant,BCC,dermoscopic,50.0,male,
ISIC_0849646,IL_0663202,Malignant,BCC,clinical: close-up,65.0,male,
ISIC_0850383,IL_6448360,Benign,NV,dermoscopic,40.0,female,
ISIC_0852575,IL_4150500,Malignant,BCC,dermoscopic,50.0,male,
ISIC_0853298,IL_7976753,Malignant,MEL,clinical: close-up,30.0,male,
ISIC_0853302,IL_6010748,Malignant,BCC,dermoscopic,75.0,male,lower extremity
ISIC_0854749,IL_3351126,Malignant,AKIEC,clinical: close-up,55.0,male,head/neck
ISIC_0855384,IL_1114001,Indeterminate,AKIEC,dermoscopic,80.0,male,head/neck
ISIC_0855454,IL_7571099,Malignant,BCC,dermoscopic,70.0,male,upper extremity
ISIC_0857448,IL_4576519,Benign,BKL,dermoscopic,70.0,male,
ISIC_0858765,IL_4246479,Benign,BKL,clinical: close-up,70.0,female,head/neck
ISIC_0859627,IL_7344766,Malignant,SCCKA,clinical: close-up,80.0,male,head/neck
ISIC_0862809,IL_8601267,Malignant,BCC,clinical: close-up,50.0,female,
ISIC_0863389,IL_0468810,Malignant,BCC,dermoscopic,85.0,female,head/neck
ISIC_0863711,IL_7240190,Malignant,BCC,clinical: close-up,45.0,female,upper extremity
ISIC_0865713,IL_4726113,Malignant,BCC,dermoscopic,70.0,female,upper extremity
ISIC_0866079,IL_0137229,Malignant,SCCKA,dermoscopic,65.0,male,head/neck
ISIC_0866872,IL_6511492,Malignant,MEL,dermoscopic,80.0,female,head/neck
ISIC_0867027,IL_2337974,Malignant,BCC,dermoscopic,50.0,male,lower extremity
ISIC_0867059,IL_0837507,Malignant,BCC,clinical: close-up,60.0,male,head/neck
ISIC_0870426,IL_3709940,Malignant,MEL,clinical: close-up,55.0,male,
ISIC_0871073,IL_8375905,Malignant,BCC,dermoscopic,60.0,male,
ISIC_0871337,IL_3288757,Benign,NV,clinical: close-up,70.0,male,
ISIC_0871438,IL_4314497,Malignant,BCC,clinical: close-up,85.0,male,upper extremity
ISIC_0873387,IL_0433737,Malignant,BCC,clinical: close-up,65.0,female,head/neck
ISIC_0875516,IL_6248025,Benign,BKL,clinical: close-up,70.0,male,head/neck
ISIC_0879335,IL_4124169,Benign,NV,clinical: close-up,60.0,male,
ISIC_0881081,IL_0142779,Malignant,SCCKA,dermoscopic,60.0,male,upper extremity
ISIC_0881138,IL_8826018,Malignant,BCC,clinical: close-up,25.0,female,
ISIC_0885646,IL_5834228,Malignant,BCC,clinical: close-up,70.0,female,lower extremity
ISIC_0886687,IL_3397052,Malignant,MAL_OTH,dermoscopic,60.0,male,
ISIC_0888295,IL_7550838,Malignant,BCC,clinical: close-up,65.0,female,head/neck
ISIC_0889674,IL_8642891,Malignant,BCC,clinical: close-up,55.0,male,upper extremity
ISIC_0891581,IL_3224912,Malignant,BCC,clinical: close-up,75.0,female,
ISIC_0891621,IL_0741650,Malignant,BCC,clinical: close-up,60.0,female,upper extremity
ISIC_0892888,IL_3574782,Malignant,BCC,dermoscopic,65.0,male,
ISIC_0893414,IL_7974370,Benign,BKL,clinical: close-up,70.0,female,
ISIC_0893723,IL_5161470,Benign,NV,dermoscopic,35.0,male,
ISIC_0895842,IL_6833958,Malignant,AKIEC,clinical: close-up,50.0,male,head/neck
ISIC_0899069,IL_4991400,Malignant,BCC,dermoscopic,55.0,male,lower extremity
ISIC_0899253,IL_6247210,Benign,BKL,clinical: close-up,50.0,female,upper extremity
ISIC_0904295,IL_7453995,Malignant,BCC,clinical: close-up,60.0,male,lower extremity
ISIC_0906065,IL_6021116,Malignant,BCC,clinical: close-up,45.0,female,upper extremity
ISIC_0907716,IL_1539562,Benign,BKL,clinical: close-up,65.0,male,head/neck
ISIC_0909697,IL_1741530,Benign,BKL,dermoscopic,65.0,male,head/neck
ISIC_0911271,IL_1332909,Malignant,AKIEC,clinical: close-up,50.0,female,head/neck
ISIC_0912531,IL_2357169,Benign,BKL,dermoscopic,55.0,female,head/neck
ISIC_0913438,IL_1609893,Malignant,AKIEC,dermoscopic,70.0,female,upper extremity
ISIC_0913648,IL_8456514,Malignant,BCC,dermoscopic,70.0,female,lower extremity
ISIC_0914647,IL_6731781,Benign,NV,dermoscopic,40.0,male,lower extremity
ISIC_0918357,IL_3326001,Malignant,BCC,dermoscopic,50.0,male,lower extremity
ISIC_0919015,IL_1006446,Malignant,BCC,clinical: close-up,65.0,male,
ISIC_0919412,IL_0286681,Benign,DF,dermoscopic,45.0,female,lower extremity
ISIC_0920625,IL_2289243,Benign,BKL,clinical: close-up,75.0,male,
ISIC_0921779,IL_8193835,Malignant,SCCKA,dermoscopic,85.0,female,lower extremity
ISIC_0923483,IL_5512123,Malignant,BCC,clinical: close-up,70.0,male,
ISIC_0924335,IL_5394368,Malignant,BCC,dermoscopic,75.0,male,upper extremity
ISIC_0924690,IL_6767312,Malignant,BCC,clinical: close-up,85.0,female,
ISIC_0928029,IL_6616097,Malignant,MEL,clinical: close-up,85.0,female,lower extremity
ISIC_0931470,IL_9403422,Malignant,BCC,clinical: close-up,40.0,male,upper extremity
ISIC_0933237,IL_0106085,Malignant,BCC,dermoscopic,65.0,male,
ISIC_0933479,IL_6222346,Benign,BKL,clinical: close-up,70.0,male,head/neck
ISIC_0934261,IL_0697844,Malignant,BCC,clinical: close-up,70.0,male,
ISIC_0934708,IL_4419234,Malignant,MEL,dermoscopic,85.0,male,upper extremity
ISIC_0937259,IL_9255472,Malignant,BCC,clinical: close-up,40.0,male,
ISIC_0937410,IL_6110349,Malignant,BCC,clinical: close-up,60.0,female,upper extremity
ISIC_0938409,IL_4340188,Malignant,BCC,clinical: close-up,55.0,male,
ISIC_0938645,IL_6156028,Malignant,AKIEC,clinical: close-up,70.0,male,upper extremity
ISIC_0939581,IL_6921814,Benign,INF,dermoscopic,65.0,female,
ISIC_0939687,IL_5217084,Malignant,AKIEC,dermoscopic,75.0,female,head/neck
ISIC_0944241,IL_5251059,Malignant,MEL,clinical: close-up,65.0,female,lower extremity
ISIC_0948347,IL_0269822,Malignant,SCCKA,clinical: close-up,85.0,male,head/neck
ISIC_0949145,IL_1735552,Benign,INF,clinical: close-up,20.0,female,head/neck
ISIC_0949430,IL_0520171,Benign,BKL,clinical: close-up,55.0,female,head/neck
ISIC_0950495,IL_1539562,Benign,BKL,dermoscopic,65.0,male,head/neck
ISIC_0950510,IL_9961015,Benign,NV,dermoscopic,40.0,female,
ISIC_0951274,IL_7358979,Benign,NV,dermoscopic,35.0,female,lower extremity
ISIC_0953324,IL_4647036,Malignant,BCC,clinical: close-up,65.0,male,
ISIC_0955574,IL_6384102,Benign,BKL,clinical: close-up,45.0,male,
ISIC_0955754,IL_4377076,Malignant,SCCKA,dermoscopic,85.0,male,head/neck
ISIC_0956399,IL_5034134,Malignant,BCC,dermoscopic,65.0,female,
ISIC_0957094,IL_8252843,Malignant,SCCKA,clinical: close-up,70.0,female,upper extremity
ISIC_0958356,IL_1313650,Malignant,SCCKA,dermoscopic,50.0,male,upper extremity
ISIC_0960754,IL_8256503,Malignant,BCC,dermoscopic,60.0,female,lower extremity
ISIC_0962054,IL_4310932,Malignant,MEL,dermoscopic,70.0,female,
ISIC_0962183,IL_5963960,Malignant,BCC,dermoscopic,65.0,male,head/neck
ISIC_0963794,IL_2337974,Malignant,BCC,clinical: close-up,50.0,male,lower extremity
ISIC_0964646,IL_9940572,Benign,BKL,clinical: close-up,80.0,male,lower extremity
ISIC_0965611,IL_6971040,Malignant,BCC,clinical: close-up,75.0,male,upper extremity
ISIC_0966559,IL_7368324,Malignant,BCC,clinical: close-up,65.0,female,lower extremity
ISIC_0970615,IL_6665809,Malignant,AKIEC,dermoscopic,75.0,male,lower extremity
ISIC_0972110,IL_3968008,Malignant,BCC,dermoscopic,55.0,male,lower extremity
ISIC_0973204,IL_4708897,Malignant,BCC,clinical: close-up,70.0,female,lower extremity
ISIC_0973981,IL_6017753,Benign,BKL,clinical: close-up,65.0,male,
ISIC_0975299,IL_4975498,Benign,BKL,clinical: close-up,70.0,male,
ISIC_0975720,IL_4123354,Malignant,SCCKA,clinical: close-up,70.0,male,lower extremity
ISIC_0976079,IL_8022344,Malignant,BCC,clinical: close-up,70.0,male,head/neck
ISIC_0977792,IL_1703552,Malignant,BCC,dermoscopic,65.0,male,
ISIC_0979678,IL_0513622,Malignant,BCC,dermoscopic,75.0,female,upper extremity
ISIC_0980403,IL_2772530,Malignant,SCCKA,clinical: close-up,65.0,male,head/neck
ISIC_0981634,IL_8359695,Benign,NV,clinical: close-up,40.0,female,
ISIC_0984507,IL_8384410,Malignant,SCCKA,dermoscopic,60.0,male,head/neck
ISIC_0986356,IL_2352772,Benign,NV,clinical: close-up,45.0,female,
ISIC_0987080,IL_6010748,Malignant,BCC,clinical: close-up,75.0,male,lower extremity
ISIC_0987929,IL_7117274,Malignant,BCC,clinical: close-up,80.0,male,
ISIC_0989126,IL_7173573,Benign,NV,clinical: close-up,35.0,female,
ISIC_0991616,IL_3460639,Benign,BKL,dermoscopic,65.0,female,lower extremity
ISIC_0991989,IL_4377076,Malignant,SCCKA,clinical: close-up,85.0,male,head/neck
ISIC_0993471,IL_1866416,Malignant,BCC,clinical: close-up,65.0,female,lower extremity
ISIC_0997976,IL_2830385,Malignant,SCCKA,dermoscopic,55.0,male,
ISIC_1001492,IL_1468442,Malignant,SCCKA,dermoscopic,75.0,male,upper extremity
ISIC_1002134,IL_6305058,Malignant,BCC,dermoscopic,40.0,male,upper extremity
ISIC_1006756,IL_3720458,Malignant,MEL,dermoscopic,50.0,male,
ISIC_1009291,IL_3385490,Malignant,MEL,dermoscopic,85.0,male,head/neck
ISIC_1009475,IL_3609983,Benign,NV,dermoscopic,50.0,female,
ISIC_1009860,IL_9982426,Malignant,SCCKA,clinical: close-up,80.0,male,head/neck
ISIC_1010358,IL_3544238,Benign,NV,dermoscopic,35.0,female,
ISIC_1010434,IL_9300408,Malignant,AKIEC,clinical: close-up,75.0,male,lower extremity
ISIC_1010567,IL_8012177,Malignant,BCC,dermoscopic,45.0,male,
ISIC_1011069,IL_6552664,Malignant,MEL,clinical: close-up,80.0,male,lower extremity
ISIC_1012687,IL_3767932,Benign,NV,clinical: close-up,45.0,male,
ISIC_1018753,IL_1860378,Malignant,BCC,dermoscopic,75.0,male,head/neck
ISIC_1019247,IL_2634845,Benign,BKL,clinical: close-up,70.0,male,head/neck
ISIC_1019384,IL_8038657,Malignant,MEL,dermoscopic,75.0,female,head/neck
ISIC_1025034,IL_8193835,Malignant,SCCKA,clinical: close-up,85.0,female,lower extremity
ISIC_1025100,IL_5022797,Benign,NV,dermoscopic,35.0,female,lower extremity
ISIC_1028434,IL_2243565,Indeterminate,AKIEC,clinical: close-up,60.0,male,head/neck
ISIC_1028789,IL_3772647,Malignant,BCC,dermoscopic,80.0,female,
ISIC_1029056,IL_1756405,Malignant,BCC,dermoscopic,45.0,male,head/neck
ISIC_1029957,IL_7577530,Benign,NV,dermoscopic,65.0,male,
ISIC_1030228,IL_6222346,Benign,BKL,dermoscopic,70.0,male,head/neck
ISIC_1032764,IL_6007498,Malignant,BCC,clinical: close-up,65.0,male,
ISIC_1033249,IL_0267094,Malignant,BCC,dermoscopic,75.0,male,head/neck
ISIC_1035863,IL_8247723,Malignant,SCCKA,clinical: close-up,85.0,female,lower extremity
ISIC_1042270,IL_4567076,Malignant,BCC,dermoscopic,65.0,male,
ISIC_1044266,IL_5882687,Malignant,BCC,dermoscopic,75.0,male,
ISIC_1045607,IL_2689695,Malignant,BCC,dermoscopic,80.0,female,head/neck
ISIC_1046103,IL_5278264,Benign,BKL,clinical: close-up,80.0,male,head/neck
ISIC_1052154,IL_6292784,Malignant,MEL,clinical: close-up,45.0,female,head/neck
ISIC_1054751,IL_2373762,Benign,BKL,clinical: close-up,65.0,female,upper extremity
ISIC_1055162,IL_9541079,Malignant,BCC,dermoscopic,70.0,male,head/neck
ISIC_1056095,IL_7464523,Malignant,SCCKA,dermoscopic,80.0,male,upper extremity
ISIC_1058069,IL_4642030,Malignant,SCCKA,clinical: close-up,85.0,male,
ISIC_1058258,IL_0252336,Malignant,MAL_OTH,clinical: close-up,80.0,male,
ISIC_1058813,IL_4015357,Malignant,BCC,clinical: close-up,55.0,male,
ISIC_1058937,IL_0335647,Malignant,MEL,clinical: close-up,70.0,male,
ISIC_1061716,IL_6008739,Malignant,BCC,dermoscopic,75.0,male,upper extremity
ISIC_1062335,IL_4174336,Indeterminate,AKIEC,dermoscopic,75.0,male,
ISIC_1063001,IL_1873116,Malignant,BCC,dermoscopic,65.0,female,lower extremity
ISIC_1063241,IL_4149051,Malignant,BCC,clinical: close-up,60.0,male,
ISIC_1066229,IL_7727420,Malignant,SCCKA,dermoscopic,65.0,male,
ISIC_1069722,IL_3017961,Malignant,BCC,dermoscopic,75.0,female,
ISIC_1070964,IL_4689658,Benign,BKL,dermoscopic,75.0,male,head/neck
ISIC_1074795,IL_8663536,Malignant,MEL,dermoscopic,50.0,male,
ISIC_1075770,IL_7520966,Malignant,SCCKA,clinical: close-up,75.0,female,head/neck
ISIC_1076265,IL_6033617,Malignant,AKIEC,dermoscopic,65.0,female,lower extremity
ISIC_1078763,IL_2710890,Benign,NV,dermoscopic,35.0,female,head/neck
ISIC_1080345,IL_0607268,Malignant,BCC,dermoscopic,75.0,male,head/neck
ISIC_1083704,IL_5592337,Malignant,AKIEC,dermoscopic,75.0,male,upper extremity
ISIC_1085320,IL_5809538,Malignant,MEL,clinical: close-up,60.0,male,
ISIC_1085321,IL_2899704,Malignant,BCC,clinical: close-up,80.0,male,head/neck
ISIC_1085608,IL_8075238,Malignant,BCC,dermoscopic,65.0,male,head/neck
ISIC_1089519,IL_6430052,Malignant,BCC,clinical: close-up,75.0,male,head/neck
ISIC_1090102,IL_0125566,Malignant,BCC,clinical: close-up,70.0,male,
ISIC_1090300,IL_6007909,Benign,BKL,dermoscopic,60.0,female,lower extremity
ISIC_1090781,IL_1253074,Malignant,BCC,dermoscopic,60.0,male,
ISIC_1090794,IL_5055807,Malignant,BCC,clinical: close-up,70.0,male,head/neck
ISIC_1097732,IL_8604928,Malignant,MEL,clinical: close-up,60.0,female,lower extremity
ISIC_1099402,IL_9983052,Malignant,AKIEC,dermoscopic,60.0,female,upper extremity
ISIC_1099492,IL_8391202,Malignant,BCC,clinical: close-up,80.0,male,
ISIC_1101076,IL_1801204,Malignant,BCC,dermoscopic,75.0,male,lower extremity
ISIC_1102101,IL_1141738,Malignant,BCC,dermoscopic,75.0,male,head/neck
ISIC_1107390,IL_2227380,Benign,NV,clinical: close-up,60.0,female,
ISIC_1111101,IL_5780868,Malignant,BCC,dermoscopic,60.0,male,head/neck
ISIC_1111291,IL_4287532,Benign,BKL,dermoscopic,80.0,female,head/neck
ISIC_1111646,IL_5019289,Malignant,BCC,clinical: close-up,55.0,male,lower extremity
ISIC_1115156,IL_3858708,Malignant,AKIEC,dermoscopic,80.0,female,
ISIC_1118925,IL_2255727,Benign,BKL,clinical: close-up,70.0,male,head/neck
ISIC_1121645,IL_8212938,Malignant,MEL,dermoscopic,50.0,female,
ISIC_1121888,IL_0446787,Malignant,MEL,dermoscopic,40.0,female,lower extremity
ISIC_1123171,IL_3984556,Malignant,BCC,clinical: close-up,60.0,male,head/neck
ISIC_1124077,IL_5019289,Malignant,BCC,dermoscopic,55.0,male,lower extremity
ISIC_1124387,IL_2095785,Malignant,BCC,clinical: close-up,60.0,female,head/neck
ISIC_1126401,IL_0807223,Malignant,MEL,dermoscopic,40.0,female,
ISIC_1126704,IL_5472522,Benign,BKL,clinical: close-up,45.0,female,lower extremity
ISIC_1128113,IL_0240650,Malignant,SCCKA,clinical: close-up,65.0,male,head/neck
ISIC_1129613,IL_5818628,Malignant,BCC,dermoscopic,80.0,male,lower extremity
ISIC_1130368,IL_7921375,Malignant,AKIEC,dermoscopic,70.0,male,upper extremity
ISIC_1134411,IL_8280553,Benign,BKL,clinical: close-up,70.0,female,
ISIC_1135159,IL_5042712,Malignant,BCC,dermoscopic,85.0,male,
ISIC_1136259,IL_3754821,Malignant,SCCKA,dermoscopic,75.0,female,
ISIC_1136498,IL_8012977,Benign,BKL,dermoscopic,45.0,female,head/neck
ISIC_1137894,IL_2751796,Malignant,BCC,clinical: close-up,70.0,female,head/neck
ISIC_1138976,IL_9636083,Malignant,BCC,dermoscopic,55.0,male,head/neck
ISIC_1140407,IL_0097757,Benign,BKL,clinical: close-up,75.0,female,head/neck
ISIC_1141942,IL_6931875,Malignant,BCC,clinical: close-up,85.0,male,head/neck
ISIC_1142211,IL_9513930,Malignant,AKIEC,dermoscopic,70.0,male,
ISIC_1143783,IL_1891015,Malignant,SCCKA,dermoscopic,70.0,male,upper extremity
ISIC_1145018,IL_7687991,Malignant,SCCKA,clinical: close-up,85.0,male,head/neck
ISIC_1146954,IL_2066626,Malignant,BCC,dermoscopic,50.0,female,head/neck
ISIC_1148803,IL_8918323,Benign,BKL,clinical: close-up,50.0,female,upper extremity
ISIC_1149850,IL_0320467,Malignant,BCC,dermoscopic,75.0,female,
ISIC_1151008,IL_0233778,Malignant,BCC,dermoscopic,50.0,male,
ISIC_1151059,IL_3709940,Malignant,MEL,dermoscopic,55.0,male,
ISIC_1152260,IL_2992485,Malignant,AKIEC,clinical: close-up,85.0,male,
ISIC_1154162,IL_7885179,Benign,BKL,dermoscopic,75.0,female,
ISIC_1154207,IL_0406808,Malignant,MEL,clinical: close-up,60.0,female,
ISIC_1154405,IL_1141738,Malignant,BCC,clinical: close-up,75.0,male,head/neck
ISIC_1156133,IL_7821260,Malignant,BCC,dermoscopic,65.0,female,lower extremity
ISIC_1156729,IL_4164624,Malignant,BCC,dermoscopic,75.0,male,lower extremity
ISIC_1157338,IL_7136276,Indeterminate,AKIEC,clinical: close-up,70.0,male,head/neck
ISIC_1159427,IL_8675438,Malignant,BCC,dermoscopic,65.0,male,
ISIC_1161165,IL_7749892,Benign,DF,clinical: close-up,50.0,male,lower extremity
ISIC_1161990,IL_1927976,Benign,BKL,clinical: close-up,60.0,male,head/neck
ISIC_1163119,IL_3545610,Malignant,AKIEC,dermoscopic,75.0,male,head/neck
ISIC_1167183,IL_7621728,Malignant,MEL,clinical: close-up,60.0,male,upper extremity
ISIC_1170720,IL_3057922,Malignant,BCC,dermoscopic,70.0,male,
ISIC_1170971,IL_2663991,Malignant,SCCKA,clinical: close-up,60.0,male,lower extremity
ISIC_1171368,IL_0291723,Malignant,BCC,dermoscopic,65.0,male,upper extremity
ISIC_1173037,IL_7845840,Malignant,BCC,clinical: close-up,50.0,male,
ISIC_1174739,IL_6296169,Malignant,BCC,dermoscopic,65.0,male,
ISIC_1175016,IL_0285359,Malignant,SCCKA,clinical: close-up,85.0,male,
ISIC_1176025,IL_0180498,Malignant,BCC,dermoscopic,60.0,male,lower extremity
ISIC_1176236,IL_5691794,Malignant,BCC,dermoscopic,50.0,male,head/neck
ISIC_1176359,IL_8604749,Malignant,AKIEC,clinical: close-up,50.0,male,upper extremity
ISIC_1176980,IL_5187554,Malignant,BCC,dermoscopic,50.0,female,lower extremity
ISIC_1177251,IL_6820116,Malignant,BCC,dermoscopic,65.0,male,lower extremity
ISIC_1179663,IL_8296810,Malignant,BCC,clinical: close-up,50.0,female,head/neck
ISIC_1179992,IL_6560903,Malignant,BCC,dermoscopic,55.0,male,upper extremity
ISIC_1181087,IL_0898594,Malignant,BCC,clinical: close-up,70.0,female,head/neck
ISIC_1182214,IL_3393264,Benign,NV,dermoscopic,35.0,female,
ISIC_1182747,IL_7224392,Malignant,BCC,dermoscopic,65.0,male,
ISIC_1184775,IL_3355699,Malignant,MEL,dermoscopic,70.0,female,head/neck
ISIC_1189166,IL_6352600,Malignant,BCC,clinical: close-up,85.0,male,head/neck
ISIC_1189485,IL_9420011,Malignant,BCC,dermoscopic,60.0,male,lower extremity
ISIC_1191914,IL_4003805,Malignant,BCC,clinical: close-up,70.0,male,head/neck
ISIC_1192068,IL_6248025,Benign,BKL,dermoscopic,70.0,male,head/neck
ISIC_1192517,IL_2610078,Malignant,BCC,clinical: close-up,50.0,male,
ISIC_1195811,IL_4337427,Benign,BKL,dermoscopic,60.0,female,
ISIC_1198104,IL_8423250,Malignant,AKIEC,clinical: close-up,85.0,female,upper extremity
ISIC_1199167,IL_8713171,Malignant,BCC,dermoscopic,70.0,male,
ISIC_1200835,IL_2211559,Malignant,BCC,clinical: close-up,50.0,female,upper extremity
ISIC_1201025,IL_0406808,Malignant,MEL,dermoscopic,60.0,female,
ISIC_1207350,IL_7296591,Malignant,BCC,dermoscopic,70.0,female,upper extremity
ISIC_1209022,IL_1366322,Malignant,BCC,dermoscopic,80.0,female,head/neck
ISIC_1210101,IL_0761074,Malignant,BCC,clinical: close-up,60.0,female,
ISIC_1210329,IL_9649678,Malignant,BCC,dermoscopic,70.0,male,
ISIC_1210456,IL_9661787,Benign,NV,clinical: close-up,55.0,male,
ISIC_1212172,IL_1175004,Malignant,BCC,clinical: close-up,25.0,male,head/neck
ISIC_1217127,IL_6890613,Malignant,BCC,dermoscopic,60.0,male,upper extremity
ISIC_1218465,IL_3340189,Malignant,BCC,clinical: close-up,70.0,female,upper extremity
ISIC_1219190,IL_4621496,Malignant,BCC,dermoscopic,60.0,female,upper extremity
ISIC_1220536,IL_8454574,Malignant,MEL,dermoscopic,75.0,female,head/neck
ISIC_1222561,IL_8277688,Benign,BKL,dermoscopic,50.0,female,head/neck
ISIC_1222720,IL_1717004,Benign,BKL,dermoscopic,60.0,female,upper extremity
ISIC_1223850,IL_0127859,Benign,NV,clinical: close-up,30.0,male,
ISIC_1225203,IL_9608205,Malignant,SCCKA,clinical: close-up,60.0,male,
ISIC_1225707,IL_1717004,Benign,BKL,clinical: close-up,60.0,female,upper extremity
ISIC_1226932,IL_7884218,Malignant,BCC,clinical: close-up,65.0,male,lower extremity
ISIC_1230479,IL_8322596,Malignant,BCC,dermoscopic,60.0,female,head/neck
ISIC_1230865,IL_0064763,Malignant,SCCKA,dermoscopic,60.0,female,
ISIC_1231719,IL_2228009,Benign,NV,dermoscopic,40.0,male,
ISIC_1232023,IL_9156080,Malignant,BCC,clinical: close-up,60.0,male,lower extremity
ISIC_1236473,IL_8662506,Benign,BKL,clinical: close-up,45.0,male,
ISIC_1237574,IL_4368392,Malignant,BCC,clinical: close-up,75.0,male,
ISIC_1237876,IL_1655830,Benign,BKL,clinical: close-up,55.0,male,head/neck
ISIC_1241018,IL_9826846,Benign,NV,dermoscopic,40.0,male,upper extremity
ISIC_1242913,IL_6691831,Malignant,BCC,clinical: close-up,85.0,female,head/neck
ISIC_1243858,IL_9755525,Benign,BKL,dermoscopic,50.0,male,head/neck
ISIC_1243982,IL_0773095,Malignant,BCC,clinical: close-up,65.0,male,lower extremity
ISIC_1244450,IL_8885600,Malignant,BCC,clinical: close-up,65.0,male,upper extremity
ISIC_1245273,IL_7389782,Malignant,BCC,clinical: close-up,80.0,male,
ISIC_1249178,IL_6889294,Benign,NV,clinical: close-up,30.0,female,head/neck
ISIC_1252883,IL_7047069,Malignant,BCC,dermoscopic,60.0,female,
ISIC_1253452,IL_2251187,Malignant,MEL,clinical: close-up,60.0,male,
ISIC_1255149,IL_1758673,Malignant,BCC,dermoscopic,80.0,male,
ISIC_1255346,IL_3939188,Malignant,AKIEC,clinical: close-up,70.0,male,upper extremity
ISIC_1255858,IL_9661787,Benign,NV,dermoscopic,55.0,male,
ISIC_1260636,IL_4262969,Malignant,SCCKA,dermoscopic,65.0,male,
ISIC_1262493,IL_8067499,Malignant,BCC,clinical: close-up,60.0,female,
ISIC_1262809,IL_0948841,Malignant,BCC,clinical: close-up,50.0,male,
ISIC_1264034,IL_1075740,Malignant,MEL,dermoscopic,70.0,female,upper extremity
ISIC_1272082,IL_0534902,Malignant,BCC,clinical: close-up,75.0,male,
ISIC_1275047,IL_8630897,Benign,BKL,clinical: close-up,60.0,female,upper extremity
ISIC_1276558,IL_7985046,Malignant,BCC,dermoscopic,45.0,female,lower extremity
ISIC_1279315,IL_4566979,Benign,INF,dermoscopic,70.0,female,lower extremity
ISIC_1279652,IL_9846683,Malignant,BCC,dermoscopic,55.0,male,
ISIC_1280046,IL_2201077,Benign,NV,dermoscopic,30.0,female,lower extremity
ISIC_1282117,IL_1151731,Malignant,BCC,clinical: close-up,70.0,male,head/neck
ISIC_1283766,IL_6629928,Benign,NV,dermoscopic,45.0,female,
ISIC_1284470,IL_2461087,Benign,NV,dermoscopic,85.0,female,
ISIC_1285909,IL_3248471,Malignant,BCC,dermoscopic,70.0,female,
ISIC_1285977,IL_8716299,Benign,BKL,clinical: close-up,45.0,male,upper extremity
ISIC_1286685,IL_8007348,Malignant,BCC,clinical: close-up,50.0,male,
ISIC_1287935,IL_8375718,Malignant,BCC,clinical: close-up,70.0,female,
ISIC_1298204,IL_8538421,Malignant,BCC,clinical: close-up,70.0,male,
ISIC_1300480,IL_5917369,Malignant,BCC,clinical: close-up,75.0,male,head/neck
ISIC_1305247,IL_8093153,Malignant,BCC,dermoscopic,70.0,male,
ISIC_1306180,IL_5066256,Benign,BKL,clinical: close-up,65.0,male,head/neck
ISIC_1307470,IL_4793144,Malignant,BCC,dermoscopic,80.0,male,head/neck
ISIC_1308671,IL_2958818,Malignant,BCC,dermoscopic,65.0,female,upper extremity
ISIC_1309001,IL_5156328,Malignant,BCC,dermoscopic,55.0,male,
ISIC_1309626,IL_9367787,Malignant,BCC,dermoscopic,75.0,female,head/neck
ISIC_1311673,IL_9801115,Malignant,SCCKA,clinical: close-up,75.0,female,lower extremity
ISIC_1313208,IL_9404638,Malignant,BCC,dermoscopic,85.0,male,lower extremity
ISIC_1315894,IL_2291869,Benign,BKL,clinical: close-up,60.0,male,
ISIC_1316170,IL_2163482,Malignant,BCC,clinical: close-up,55.0,female,
ISIC_1316256,IL_4682786,Malignant,BCC,clinical: close-up,70.0,male,
ISIC_1317686,IL_0932905,Malignant,BCC,dermoscopic,60.0,female,upper extremity
ISIC_1318325,IL_4358287,Malignant,BCC,dermoscopic,75.0,male,
ISIC_1319737,IL_0521926,Malignant,BCC,dermoscopic,50.0,male,upper extremity
ISIC_1320525,IL_6259285,Benign,BKL,dermoscopic,45.0,male,
ISIC_1320739,IL_0180498,Malignant,BCC,clinical: close-up,60.0,male,lower extremity
ISIC_1322016,IL_9579580,Malignant,MEL,clinical: close-up,50.0,female,
ISIC_1325809,IL_1799297,Malignant,MEL,clinical: close-up,70.0,male,
ISIC_1326092,IL_8890453,Benign,NV,dermoscopic,25.0,male,lower extremity
ISIC_1326309,IL_1351587,Malignant,BCC,dermoscopic,80.0,female,upper extremity
ISIC_1327102,IL_4686156,Benign,VASC,clinical: close-up,80.0,male,lower extremity
ISIC_1329019,IL_7070259,Malignant,BCC,dermoscopic,85.0,male,
ISIC_1329438,IL_8644938,Malignant,SCCKA,dermoscopic,65.0,male,upper extremity
ISIC_1330625,IL_9035179,Indeterminate,AKIEC,clinical: close-up,50.0,female,head/neck
ISIC_1330675,IL_7789479,Malignant,BCC,clinical: close-up,50.0,female,head/neck
ISIC_1331527,IL_1848853,Malignant,MEL,clinical: close-up,40.0,female,head/neck
ISIC_1332174,IL_2771122,Benign,BKL,clinical: close-up,65.0,male,head/neck
ISIC_1332797,IL_8461776,Malignant,BCC,clinical: close-up,65.0,male,lower extremity
ISIC_1334612,IL_1479283,Benign,NV,clinical: close-up,50.0,male,upper extremity
ISIC_1335240,IL_5584867,Malignant,SCCKA,dermoscopic,40.0,female,upper extremity
ISIC_1335894,IL_3952993,Malignant,BCC,dermoscopic,85.0,female,head/neck
ISIC_1338257,IL_2811473,Malignant,MEL,clinical: close-up,25.0,female,lower extremity
ISIC_1338697,IL_1085478,Indeterminate,AKIEC,dermoscopic,35.0,female,head/neck
ISIC_1339166,IL_3289221,Malignant,AKIEC,clinical: close-up,50.0,female,upper extremity
ISIC_1339797,IL_3327955,Benign,INF,clinical: close-up,45.0,female,head/neck
ISIC_1344355,IL_7708257,Malignant,BCC,dermoscopic,65.0,male,
ISIC_1345175,IL_3916438,Benign,NV,clinical: close-up,40.0,female,head/neck
ISIC_1346199,IL_2483019,Malignant,BCC,clinical: close-up,65.0,female,head/neck
ISIC_1346867,IL_7760285,Malignant,BCC,dermoscopic,60.0,male,
ISIC_1347520,IL_1024813,Malignant,SCCKA,clinical: close-up,70.0,female,upper extremity
ISIC_1347581,IL_0030541,Malignant,BCC,dermoscopic,60.0,male,
ISIC_1347975,IL_1178215,Benign,NV,clinical: close-up,40.0,female,
ISIC_1348618,IL_8073547,Benign,BKL,clinical: close-up,70.0,male,lower extremity
ISIC_1350051,IL_0828910,Malignant,BCC,dermoscopic,65.0,male,head/neck
ISIC_1350578,IL_4182529,Malignant,BCC,dermoscopic,80.0,male,head/neck
ISIC_1352448,IL_4384125,Malignant,BCC,clinical: close-up,60.0,female,head/neck
ISIC_1353980,IL_1749163,Malignant,BCC,clinical: close-up,55.0,male,upper extremity
ISIC_1354875,IL_5328451,Malignant,MEL,clinical: close-up,75.0,male,
ISIC_1355075,IL_5545955,Malignant,SCCKA,clinical: close-up,50.0,male,oral/genital
ISIC_1355713,IL_2057238,Malignant,SCCKA,clinical: close-up,85.0,male,upper extremity
ISIC_1357348,IL_0758142,Malignant,BCC,clinical: close-up,75.0,male,upper extremity
ISIC_1359419,IL_7320172,Malignant,MEL,clinical: close-up,85.0,male,
ISIC_1360383,IL_2012452,Benign,NV,clinical: close-up,15.0,female,upper extremity
ISIC_1362488,IL_0465605,Malignant,MEL,clinical: close-up,60.0,male,
ISIC_1364390,IL_1077035,Benign,NV,dermoscopic,30.0,male,
ISIC_1364908,IL_6888709,Malignant,BCC,clinical: close-up,70.0,male,head/neck
ISIC_1365576,IL_4975498,Benign,BKL,dermoscopic,70.0,male,
ISIC_1365903,IL_2247062,Benign,NV,clinical: close-up,25.0,female,lower extremity
ISIC_1375994,IL_6962518,Benign,BKL,dermoscopic,85.0,female,head/neck
ISIC_1382648,IL_5190686,Malignant,SCCKA,dermoscopic,65.0,female,head/neck
ISIC_1384590,IL_7502658,Malignant,SCCKA,dermoscopic,70.0,male,head/neck
ISIC_1385452,IL_3581501,Malignant,BCC,dermoscopic,50.0,male,upper extremity
ISIC_1386264,IL_7653735,Malignant,BCC,dermoscopic,40.0,female,upper extremity
ISIC_1386430,IL_3730515,Malignant,BCC,dermoscopic,75.0,male,head/neck
ISIC_1386630,IL_1512724,Benign,NV,clinical: close-up,80.0,male,upper extremity
ISIC_1389612,IL_7337548,Malignant,MEL,clinical: close-up,45.0,female,
ISIC_1390589,IL_0462841,Malignant,BCC,clinical: close-up,80.0,female,head/neck
ISIC_1396973,IL_9067447,Malignant,AKIEC,clinical: close-up,80.0,male,upper extremity
ISIC_1398271,IL_8903764,Indeterminate,AKIEC,clinical: close-up,70.0,male,head/neck
ISIC_1403022,IL_5827688,Benign,BKL,clinical: close-up,30.0,female,lower extremity
ISIC_1403739,IL_0333209,Benign,BKL,dermoscopic,65.0,male,lower extremity
ISIC_1408695,IL_1030040,Benign,NV,dermoscopic,65.0,male,
ISIC_1409513,IL_6157521,Benign,BKL,clinical: close-up,45.0,male,
ISIC_1411585,IL_7525754,Malignant,BCC,clinical: close-up,70.0,female,head/neck
ISIC_1414380,IL_4343472,Malignant,BCC,dermoscopic,75.0,female,lower extremity
ISIC_1415038,IL_7382399,Benign,NV,clinical: close-up,40.0,female,
ISIC_1416314,IL_8500465,Malignant,BCC,dermoscopic,55.0,male,
ISIC_1417674,IL_9701930,Malignant,BCC,dermoscopic,65.0,male,head/neck
ISIC_1419820,IL_5749341,Benign,NV,dermoscopic,65.0,female,
ISIC_1420747,IL_9623656,Malignant,BCC,dermoscopic,55.0,male,head/neck
ISIC_1421371,IL_0552883,Malignant,BCC,dermoscopic,60.0,female,head/neck
ISIC_1424339,IL_9086913,Malignant,SCCKA,clinical: close-up,80.0,female,lower extremity
ISIC_1424527,IL_3492716,Malignant,BCC,dermoscopic,55.0,male,
ISIC_1424974,IL_2048772,Malignant,BCC,dermoscopic,60.0,female,head/neck
ISIC_1425517,IL_2450651,Benign,BKL,clinical: close-up,65.0,female,head/neck
ISIC_1427974,IL_6128899,Malignant,BCC,dermoscopic,75.0,male,head/neck
ISIC_1428662,IL_8224521,Malignant,SCCKA,clinical: close-up,65.0,male,upper extremity
ISIC_1431170,IL_4310932,Malignant,MEL,clinical: close-up,70.0,female,
ISIC_1431910,IL_2477407,Malignant,BCC,clinical: close-up,55.0,male,
ISIC_1432182,IL_5975500,Malignant,SCCKA,clinical: close-up,85.0,female,head/neck
ISIC_1432476,IL_0172774,Benign,BKL,clinical: close-up,85.0,male,head/neck
ISIC_1435330,IL_5550587,Benign,NV,clinical: close-up,50.0,female,
ISIC_1435896,IL_4129190,Benign,BEN_OTH,dermoscopic,10.0,male,head/neck
ISIC_1436009,IL_2216444,Malignant,BCC,dermoscopic,65.0,male,
ISIC_1441039,IL_3871649,Benign,NV,dermoscopic,35.0,female,
ISIC_1441135,IL_4084018,Malignant,BCC,clinical: close-up,70.0,male,head/neck
ISIC_1441409,IL_7760454,Malignant,BCC,clinical: close-up,85.0,male,head/neck
ISIC_1442874,IL_8194145,Benign,BKL,clinical: close-up,70.0,male,upper extremity
ISIC_1445820,IL_7617195,Indeterminate,AKIEC,dermoscopic,60.0,female,upper extremity
ISIC_1446269,IL_7437846,Malignant,BCC,dermoscopic,75.0,male,
ISIC_1446565,IL_4790851,Indeterminate,AKIEC,dermoscopic,65.0,female,head/neck
ISIC_1447471,IL_4421569,Malignant,BCC,clinical: close-up,80.0,male,
ISIC_1447974,IL_8955960,Malignant,BCC,clinical: close-up,60.0,male,
ISIC_1448081,IL_5941345,Malignant,BCC,clinical: close-up,75.0,female,
ISIC_1448927,IL_7987633,Malignant,BCC,clinical: close-up,50.0,male,head/neck
ISIC_1454751,IL_7471558,Malignant,MEL,dermoscopic,80.0,male,head/neck
ISIC_1455195,IL_0246907,Malignant,SCCKA,clinical: close-up,75.0,female,upper extremity
ISIC_1457973,IL_0843327,Malignant,BCC,dermoscopic,55.0,female,
ISIC_1460872,IL_8509050,Malignant,BCC,dermoscopic,45.0,male,lower extremity
ISIC_1462182,IL_5725663,Malignant,SCCKA,dermoscopic,75.0,male,upper extremity
ISIC_1462656,IL_5331190,Benign,BKL,clinical: close-up,60.0,male,upper extremity
ISIC_1464471,IL_2674026,Malignant,BCC,dermoscopic,50.0,male,
ISIC_1464557,IL_7657935,Benign,NV,dermoscopic,70.0,male,
ISIC_1468180,IL_2292995,Malignant,BCC,clinical: close-up,80.0,male,
ISIC_1468532,IL_7131133,Malignant,BCC,clinical: close-up,50.0,male,
ISIC_1472142,IL_0583192,Malignant,AKIEC,dermoscopic,60.0,female,upper extremity
ISIC_1472934,IL_3812964,Benign,NV,dermoscopic,30.0,female,lower extremity
ISIC_1472958,IL_0336381,Benign,NV,dermoscopic,35.0,female,
ISIC_1473683,IL_2386676,Benign,NV,dermoscopic,60.0,female,
ISIC_1474193,IL_0895262,Benign,BKL,clinical: close-up,60.0,male,
ISIC_1476780,IL_4186726,Benign,NV,clinical: close-up,50.0,male,
ISIC_1476980,IL_4811840,Benign,NV,clinical: close-up,40.0,male,lower extremity
ISIC_1477042,IL_7287548,Malignant,BCC,dermoscopic,55.0,male,head/neck
ISIC_1480200,IL_6052286,Benign,BKL,dermoscopic,55.0,male,
ISIC_1481015,IL_1662116,Benign,NV,clinical: close-up,85.0,female,
ISIC_1482437,IL_4463388,Malignant,BCC,dermoscopic,65.0,female,lower extremity
ISIC_1482636,IL_8063074,Malignant,SCCKA,dermoscopic,85.0,male,head/neck
ISIC_1482756,IL_1625931,Malignant,BCC,clinical: close-up,80.0,male,
ISIC_1484276,IL_3559372,Malignant,BCC,dermoscopic,60.0,female,upper extremity
ISIC_1485788,IL_5214298,Malignant,SCCKA,dermoscopic,65.0,male,head/neck
ISIC_1487636,IL_1207845,Benign,VASC,clinical: close-up,55.0,male,
ISIC_1490956,IL_9167025,Malignant,BCC,dermoscopic,55.0,male,
ISIC_1491798,IL_8695505,Benign,NV,dermoscopic,55.0,male,
ISIC_1492266,IL_1565112,Benign,BEN_OTH,clinical: close-up,70.0,male,
ISIC_1492834,IL_8835996,Benign,NV,clinical: close-up,45.0,male,
ISIC_1492844,IL_8626747,Benign,NV,clinical: close-up,20.0,female,
ISIC_1494360,IL_1962885,Malignant,MEL,clinical: close-up,75.0,male,head/neck
ISIC_1494890,IL_5315129,Benign,BKL,clinical: close-up,60.0,female,head/neck
ISIC_1499717,IL_2495327,Malignant,BCC,dermoscopic,55.0,male,head/neck
ISIC_1502467,IL_2004753,Malignant,BCC,dermoscopic,70.0,female,upper extremity
ISIC_1502836,IL_7977795,Benign,NV,dermoscopic,45.0,male,lower extremity
ISIC_1503289,IL_8205824,Malignant,MEL,clinical: close-up,55.0,male,
ISIC_1504106,IL_4463388,Malignant,BCC,clinical: close-up,65.0,female,lower extremity
ISIC_1505022,IL_3288060,Malignant,BCC,dermoscopic,40.0,female,
ISIC_1505378,IL_2328480,Malignant,BCC,dermoscopic,70.0,female,
ISIC_1506683,IL_7402756,Malignant,BCC,clinical: close-up,85.0,female,upper extremity
ISIC_1508418,IL_4343472,Malignant,BCC,clinical: close-up,75.0,female,lower extremity
ISIC_1509602,IL_1039753,Malignant,MEL,clinical: close-up,50.0,male,lower extremity
ISIC_1513850,IL_7768823,Benign,NV,dermoscopic,80.0,male,
ISIC_1520820,IL_3160431,Benign,NV,clinical: close-up,25.0,female,head/neck
ISIC_1521786,IL_4316147,Malignant,BCC,clinical: close-up,80.0,male,head/neck
ISIC_1529132,IL_4041847,Malignant,MEL,dermoscopic,70.0,male,lower extremity
ISIC_1531730,IL_2689695,Malignant,BCC,clinical: close-up,80.0,female,head/neck
ISIC_1532756,IL_6475801,Malignant,BCC,clinical: close-up,75.0,female,
ISIC_1533241,IL_0867132,Malignant,SCCKA,clinical: close-up,50.0,male,lower extremity
ISIC_1535158,IL_3201374,Malignant,BCC,clinical: close-up,75.0,female,lower extremity
ISIC_1536147,IL_7871549,Malignant,SCCKA,clinical: close-up,75.0,male,lower extremity
ISIC_1536385,IL_9313247,Malignant,BCC,dermoscopic,85.0,male,head/neck
ISIC_1536397,IL_0717553,Benign,NV,dermoscopic,30.0,female,
ISIC_1537733,IL_3154330,Malignant,SCCKA,clinical: close-up,60.0,male,
ISIC_1537765,IL_7309398,Benign,NV,dermoscopic,45.0,female,upper extremity
ISIC_1537920,IL_0468810,Malignant,BCC,clinical: close-up,85.0,female,head/neck
ISIC_1539068,IL_1397250,Malignant,BCC,clinical: close-up,80.0,female,
ISIC_1546433,IL_0710877,Malignant,BCC,clinical: close-up,70.0,male,
ISIC_1548274,IL_6430136,Benign,NV,dermoscopic,60.0,male,lower extremity
ISIC_1549163,IL_4577281,Benign,BKL,dermoscopic,30.0,female,
ISIC_1550198,IL_8434747,Malignant,BCC,dermoscopic,70.0,male,lower extremity
ISIC_1552944,IL_4258964,Benign,BEN_OTH,clinical: close-up,70.0,male,lower extremity
ISIC_1556864,IL_7594910,Malignant,BCC,dermoscopic,65.0,male,upper extremity
ISIC_1557842,IL_1564314,Malignant,BCC,clinical: close-up,85.0,male,lower extremity
ISIC_1557986,IL_1713775,Malignant,BCC,dermoscopic,70.0,male,
ISIC_1558061,IL_7687091,Malignant,AKIEC,dermoscopic,80.0,male,upper extremity
ISIC_1559307,IL_7309398,Benign,NV,clinical: close-up,45.0,female,upper extremity
ISIC_1560650,IL_9408951,Benign,INF,clinical: close-up,75.0,male,lower extremity
ISIC_1562789,IL_6622231,Benign,NV,clinical: close-up,40.0,male,
ISIC_1564298,IL_7713960,Malignant,BCC,dermoscopic,60.0,male,lower extremity
ISIC_1568395,IL_3644739,Benign,NV,clinical: close-up,85.0,male,
ISIC_1568985,IL_5310899,Benign,BKL,clinical: close-up,55.0,female,upper extremity
ISIC_1569303,IL_6155109,Malignant,BCC,clinical: close-up,50.0,male,
ISIC_1569850,IL_0478451,Malignant,BCC,dermoscopic,75.0,female,
ISIC_1570827,IL_2095785,Malignant,BCC,dermoscopic,60.0,female,head/neck
ISIC_1571056,IL_0451875,Malignant,BCC,clinical: close-up,55.0,female,
ISIC_1571470,IL_9822160,Malignant,BCC,dermoscopic,45.0,female,
ISIC_1574997,IL_5436207,Malignant,BCC,dermoscopic,65.0,female,lower extremity
ISIC_1575643,IL_1461373,Malignant,BCC,clinical: close-up,60.0,male,
ISIC_1577177,IL_7070259,Malignant,BCC,clinical: close-up,85.0,male,
ISIC_1580681,IL_3581792,Malignant,BCC,dermoscopic,50.0,male,head/neck
ISIC_1580971,IL_5941947,Malignant,MEL,clinical: close-up,55.0,male,head/neck
ISIC_1585394,IL_3032174,Benign,DF,clinical: close-up,60.0,male,
ISIC_1589705,IL_4186623,Malignant,AKIEC,clinical: close-up,75.0,male,lower extremity
ISIC_1589936,IL_6806894,Benign,BEN_OTH,dermoscopic,65.0,male,lower extremity
ISIC_1591432,IL_0525024,Benign,NV,dermoscopic,40.0,male,head/neck
ISIC_1592625,IL_5938594,Malignant,BCC,clinical: close-up,45.0,male,
ISIC_1593079,IL_5842148,Benign,NV,clinical: close-up,85.0,male,
ISIC_1594005,IL_2291153,Malignant,BCC,dermoscopic,60.0,male,lower extremity
ISIC_1595205,IL_3732143,Malignant,BCC,dermoscopic,85.0,female,
ISIC_1595455,IL_1438394,Malignant,BCC,dermoscopic,80.0,male,upper extremity
ISIC_1597659,IL_7970033,Benign,BKL,dermoscopic,65.0,female,lower extremity
ISIC_1597752,IL_7363364,Malignant,BCC,dermoscopic,50.0,male,lower extremity
ISIC_1598653,IL_5945948,Malignant,SCCKA,clinical: close-up,65.0,male,lower extremity
ISIC_1598694,IL_9250980,Benign,DF,clinical: close-up,15.0,female,lower extremity
ISIC_1599277,IL_9590648,Malignant,BCC,clinical: close-up,70.0,female,
ISIC_1602614,IL_9145163,Malignant,BCC,dermoscopic,40.0,female,upper extremity
ISIC_1603737,IL_5124334,Malignant,BCC,dermoscopic,75.0,male,head/neck
ISIC_1603958,IL_9439830,Benign,INF,dermoscopic,50.0,female,
ISIC_1607224,IL_7252139,Benign,BKL,dermoscopic,65.0,male,upper extremity
ISIC_1607500,IL_8666651,Benign,NV,dermoscopic,30.0,male,
ISIC_1607939,IL_0333209,Benign,BKL,clinical: close-up,65.0,male,lower extremity
ISIC_1609351,IL_0915251,Benign,VASC,dermoscopic,80.0,female,upper extremity
ISIC_1610084,IL_2448175,Benign,NV,clinical: close-up,45.0,female,lower extremity
ISIC_1610798,IL_1036024,Malignant,BCC,clinical: close-up,75.0,male,
ISIC_1612482,IL_5263349,Benign,BKL,dermoscopic,60.0,female,upper extremity
ISIC_1614480,IL_3170694,Malignant,SCCKA,dermoscopic,50.0,male,head/neck
ISIC_1615543,IL_4375054,Malignant,SCCKA,clinical: close-up,45.0,male,
ISIC_1618649,IL_0620338,Malignant,BCC,clinical: close-up,55.0,male,lower extremity
ISIC_1620077,IL_3092019,Malignant,BCC,dermoscopic,70.0,female,upper extremity
ISIC_1623104,IL_8345128,Malignant,BCC,dermoscopic,85.0,male,
ISIC_1624532,IL_1242369,Malignant,MEL,clinical: close-up,80.0,male,
ISIC_1627498,IL_8491993,Benign,VASC,dermoscopic,35.0,female,lower extremity
ISIC_1635697,IL_8357719,Malignant,BCC,dermoscopic,70.0,male,
ISIC_1636355,IL_7478637,Benign,NV,dermoscopic,40.0,female,lower extremity
ISIC_1642723,IL_8822249,Malignant,BCC,dermoscopic,55.0,male,head/neck
ISIC_1643848,IL_5835237,Malignant,BCC,dermoscopic,75.0,female,
ISIC_1644843,IL_7244140,Benign,NV,clinical: close-up,15.0,female,upper extremity
ISIC_1645642,IL_3460639,Benign,BKL,clinical: close-up,65.0,female,lower extremity
ISIC_1646339,IL_1565112,Benign,BEN_OTH,dermoscopic,70.0,male,
ISIC_1647421,IL_3469370,Malignant,SCCKA,dermoscopic,80.0,male,lower extremity
ISIC_1647954,IL_5277754,Malignant,BCC,clinical: close-up,85.0,male,
ISIC_1649393,IL_1758628,Benign,BKL,clinical: close-up,80.0,female,upper extremity
ISIC_1649481,IL_8854625,Malignant,BCC,dermoscopic,75.0,male,
ISIC_1649554,IL_7675373,Benign,NV,dermoscopic,40.0,male,
ISIC_1652393,IL_2308802,Malignant,BCC,dermoscopic,85.0,female,
ISIC_1653372,IL_7643911,Malignant,BCC,dermoscopic,60.0,male,upper extremity
ISIC_1655136,IL_3044887,Benign,NV,dermoscopic,35.0,female,lower extremity
ISIC_1656238,IL_6118153,Benign,NV,clinical: close-up,45.0,male,
ISIC_1656295,IL_3154103,Benign,NV,dermoscopic,40.0,male,lower extremity
ISIC_1657968,IL_6455280,Malignant,BCC,clinical: close-up,70.0,female,
ISIC_1658566,IL_4585306,Malignant,BCC,dermoscopic,70.0,female,
ISIC_1660394,IL_0115590,Malignant,BCC,clinical: close-up,80.0,female,lower extremity
ISIC_1663532,IL_7631753,Malignant,BCC,dermoscopic,70.0,male,
ISIC_1664514,IL_8821899,Malignant,BCC,dermoscopic,85.0,male,
ISIC_1666328,IL_4935428,Indeterminate,AKIEC,dermoscopic,65.0,male,head/neck
ISIC_1666674,IL_0192026,Malignant,MEL,clinical: close-up,65.0,male,head/neck
ISIC_1668550,IL_5384456,Malignant,BCC,dermoscopic,60.0,female,upper extremity
ISIC_1670166,IL_5499388,Malignant,BCC,dermoscopic,50.0,male,upper extremity
ISIC_1673396,IL_0485034,Benign,INF,dermoscopic,65.0,male,
ISIC_1675475,IL_4609448,Malignant,BCC,dermoscopic,50.0,female,lower extremity
ISIC_1675975,IL_5366190,Malignant,MEL,dermoscopic,35.0,female,lower extremity
ISIC_1683950,IL_2150976,Benign,BEN_OTH,dermoscopic,45.0,female,
ISIC_1684388,IL_0508901,Benign,BKL,clinical: close-up,45.0,female,
ISIC_1685767,IL_2527689,Malignant,BCC,dermoscopic,60.0,female,lower extremity
ISIC_1690729,IL_8459572,Malignant,BCC,clinical: close-up,60.0,female,upper extremity
ISIC_1692214,IL_1927976,Benign,BKL,dermoscopic,60.0,male,head/neck
ISIC_1694966,IL_1735486,Malignant,BCC,dermoscopic,60.0,male,head/neck
ISIC_1695711,IL_5930295,Malignant,BCC,dermoscopic,65.0,male,lower extremity
ISIC_1698570,IL_9767273,Malignant,BCC,clinical: close-up,65.0,female,
ISIC_1701968,IL_4107565,Malignant,BCC,dermoscopic,50.0,female,
ISIC_1706772,IL_6060589,Malignant,BCC,clinical: close-up,80.0,male,upper extremity
ISIC_1708907,IL_1858842,Benign,VASC,dermoscopic,55.0,female,
ISIC_1709796,IL_2416806,Malignant,SCCKA,clinical: close-up,70.0,male,upper extremity
ISIC_1710948,IL_3787537,Malignant,BCC,clinical: close-up,80.0,male,
ISIC_1714093,IL_6093082,Malignant,BCC,clinical: close-up,60.0,male,
ISIC_1714879,IL_5543989,Malignant,BCC,dermoscopic,50.0,female,head/neck
ISIC_1715773,IL_9109267,Benign,NV,dermoscopic,45.0,female,lower extremity
ISIC_1716731,IL_8066484,Malignant,BCC,dermoscopic,65.0,female,head/neck
ISIC_1718501,IL_4155975,Malignant,BCC,dermoscopic,70.0,female,lower extremity
ISIC_1718630,IL_0201884,Benign,BKL,dermoscopic,55.0,female,upper extremity
ISIC_1718779,IL_2751796,Malignant,BCC,dermoscopic,70.0,female,head/neck
ISIC_1720500,IL_2534024,Malignant,BCC,dermoscopic,65.0,male,head/neck
ISIC_1720538,IL_6217582,Malignant,SCCKA,dermoscopic,65.0,male,head/neck
ISIC_1721377,IL_5441408,Malignant,BCC,clinical: close-up,75.0,female,
ISIC_1721507,IL_2338679,Malignant,BCC,dermoscopic,80.0,female,lower extremity
ISIC_1721747,IL_8822249,Malignant,BCC,clinical: close-up,55.0,male,head/neck
ISIC_1724838,IL_1274055,Benign,DF,dermoscopic,30.0,male,lower extremity
ISIC_1727938,IL_0967073,Malignant,SCCKA,clinical: close-up,70.0,male,head/neck
ISIC_1728615,IL_8145813,Benign,BEN_OTH,clinical: close-up,50.0,female,head/neck
ISIC_1731382,IL_4924418,Malignant,MEL,clinical: close-up,70.0,female,head/neck
ISIC_1733416,IL_1641012,Benign,NV,dermoscopic,55.0,male,
ISIC_1734487,IL_0211480,Malignant,BCC,dermoscopic,65.0,female,
ISIC_1738383,IL_7565291,Malignant,BCC,dermoscopic,80.0,male,
ISIC_1738482,IL_9727677,Benign,NV,clinical: close-up,40.0,male,
ISIC_1739677,IL_7602662,Malignant,BCC,clinical: close-up,75.0,female,
ISIC_1739775,IL_2707922,Malignant,SCCKA,clinical: close-up,50.0,male,head/neck
ISIC_1740962,IL_1030535,Malignant,BCC,dermoscopic,70.0,female,upper extremity
ISIC_1741107,IL_2012452,Benign,NV,dermoscopic,15.0,female,upper extremity
ISIC_1741197,IL_0898594,Malignant,BCC,dermoscopic,70.0,female,head/neck
ISIC_1741453,IL_5533204,Malignant,BCC,dermoscopic,65.0,male,
ISIC_1741885,IL_4068514,Malignant,BCC,clinical: close-up,85.0,male,head/neck
ISIC_1749481,IL_0541600,Malignant,AKIEC,dermoscopic,80.0,male,head/neck
ISIC_1749634,IL_7951071,Benign,BKL,clinical: close-up,75.0,male,head/neck
ISIC_1751483,IL_6793597,Malignant,BCC,clinical: close-up,55.0,female,
ISIC_1751525,IL_3544238,Benign,NV,clinical: close-up,35.0,female,
ISIC_1753112,IL_8578812,Malignant,AKIEC,clinical: close-up,65.0,male,head/neck
ISIC_1756486,IL_2379441,Benign,NV,dermoscopic,65.0,male,
ISIC_1756915,IL_0739777,Benign,NV,dermoscopic,40.0,male,
ISIC_1757189,IL_2735586,Benign,BKL,dermoscopic,50.0,female,
ISIC_1759311,IL_4339655,Malignant,BCC,dermoscopic,35.0,female,
ISIC_1761597,IL_0533923,Malignant,BCC,dermoscopic,70.0,male,
ISIC_1762147,IL_8366708,Malignant,MEL,dermoscopic,85.0,male,
ISIC_1763947,IL_1087504,Benign,NV,dermoscopic,45.0,female,lower extremity
ISIC_1764656,IL_7444227,Indeterminate,AKIEC,dermoscopic,70.0,male,head/neck
ISIC_1770277,IL_9171073,Malignant,BCC,dermoscopic,65.0,female,upper extremity
ISIC_1771077,IL_5513291,Benign,BKL,clinical: close-up,80.0,male,head/neck
ISIC_1771078,IL_2538872,Malignant,BCC,clinical: close-up,55.0,female,
ISIC_1772212,IL_8058935,Malignant,SCCKA,clinical: close-up,70.0,female,upper extremity
ISIC_1772876,IL_3529171,Malignant,SCCKA,clinical: close-up,60.0,male,lower extremity
ISIC_1773412,IL_3278541,Malignant,BCC,clinical: close-up,70.0,male,
ISIC_1775540,IL_4186623,Malignant,AKIEC,dermoscopic,75.0,male,lower extremity
ISIC_1780120,IL_9685244,Benign,BKL,clinical: close-up,55.0,male,
ISIC_1780213,IL_4478741,Malignant,BCC,dermoscopic,30.0,female,
ISIC_1784132,IL_7151010,Benign,BKL,clinical: close-up,45.0,female,head/neck
ISIC_1784261,IL_8312956,Malignant,BCC,clinical: close-up,70.0,male,
ISIC_1789556,IL_5293525,Benign,NV,dermoscopic,35.0,female,
ISIC_1793316,IL_6130939,Malignant,BCC,dermoscopic,75.0,female,
ISIC_1794713,IL_9485180,Malignant,BCC,dermoscopic,65.0,female,head/neck
ISIC_1795097,IL_1332909,Malignant,AKIEC,dermoscopic,50.0,female,head/neck
ISIC_1796015,IL_3070568,Malignant,BCC,dermoscopic,65.0,female,lower extremity
ISIC_1798918,IL_4907068,Malignant,BCC,clinical: close-up,75.0,female,lower extremity
ISIC_1800713,IL_4419075,Malignant,BCC,dermoscopic,65.0,male,head/neck
ISIC_1801591,IL_5941947,Malignant,MEL,dermoscopic,55.0,male,head/neck
ISIC_1803069,IL_5437959,Benign,VASC,dermoscopic,40.0,female,lower extremity
ISIC_1804844,IL_0697844,Malignant,BCC,dermoscopic,70.0,male,
ISIC_1805429,IL_9372364,Benign,BKL,dermoscopic,50.0,female,lower extremity
ISIC_1806435,IL_4392896,Benign,BKL,dermoscopic,75.0,male,
ISIC_1807046,IL_4745332,Benign,BKL,clinical: close-up,80.0,female,
ISIC_1808755,IL_2086126,Malignant,BCC,clinical: close-up,65.0,male,
ISIC_1809128,IL_7617195,Indeterminate,AKIEC,clinical: close-up,60.0,female,upper extremity
ISIC_1810342,IL_5764702,Malignant,BCC,dermoscopic,40.0,female,
ISIC_1812439,IL_0246803,Malignant,BCC,clinical: close-up,60.0,male,head/neck
ISIC_1814482,IL_7711358,Malignant,BCC,dermoscopic,85.0,male,head/neck
ISIC_1815891,IL_0793440,Benign,NV,dermoscopic,55.0,male,lower extremity
ISIC_1816648,IL_6037224,Malignant,BCC,clinical: close-up,75.0,male,
ISIC_1816917,IL_8188380,Malignant,BCC,dermoscopic,70.0,female,head/neck
ISIC_1816990,IL_0786469,Benign,NV,clinical: close-up,20.0,female,
ISIC_1817453,IL_1418511,Benign,NV,dermoscopic,,male,head/neck
ISIC_1817508,IL_6727928,Malignant,AKIEC,dermoscopic,75.0,male,lower extremity
ISIC_1818006,IL_9421903,Malignant,MEL,dermoscopic,60.0,female,
ISIC_1818377,IL_5513291,Benign,BKL,dermoscopic,80.0,male,head/neck
ISIC_1820380,IL_9449213,Malignant,BCC,clinical: close-up,85.0,female,upper extremity
ISIC_1821539,IL_1569334,Benign,NV,dermoscopic,35.0,male,
ISIC_1823276,IL_1001591,Malignant,MEL,clinical: close-up,80.0,female,head/neck
ISIC_1825802,IL_9604741,Malignant,BCC,clinical: close-up,70.0,male,head/neck
ISIC_1826131,IL_1888715,Benign,BKL,clinical: close-up,50.0,male,upper extremity
ISIC_1826258,IL_9513930,Malignant,AKIEC,clinical: close-up,70.0,male,
ISIC_1826997,IL_1293524,Malignant,BCC,clinical: close-up,70.0,male,
ISIC_1827820,IL_7633169,Benign,BKL,clinical: close-up,55.0,female,upper extremity
ISIC_1828118,IL_6004651,Malignant,BCC,clinical: close-up,65.0,male,
ISIC_1828288,IL_0233778,Malignant,BCC,clinical: close-up,50.0,male,
ISIC_1828351,IL_9482395,Malignant,MEL,dermoscopic,80.0,female,head/neck
ISIC_1830722,IL_3800728,Malignant,BCC,dermoscopic,55.0,male,head/neck
ISIC_1830925,IL_9998211,Benign,NV,clinical: close-up,70.0,male,
ISIC_1831934,IL_6655417,Benign,NV,dermoscopic,40.0,female,upper extremity
ISIC_1831940,IL_0485034,Benign,INF,clinical: close-up,65.0,male,
ISIC_1832093,IL_9101838,Malignant,BCC,dermoscopic,75.0,female,
ISIC_1832787,IL_2869334,Benign,BKL,dermoscopic,50.0,male,
ISIC_1833277,IL_2450142,Malignant,MEL,clinical: close-up,65.0,male,
ISIC_1837879,IL_5570821,Malignant,SCCKA,dermoscopic,80.0,male,head/neck
ISIC_1841456,IL_3420465,Benign,BKL,clinical: close-up,55.0,female,
ISIC_1841990,IL_3453159,Malignant,BCC,clinical: close-up,60.0,male,head/neck
ISIC_1843036,IL_0322831,Malignant,BCC,clinical: close-up,85.0,female,upper extremity
ISIC_1843399,IL_5270623,Malignant,BCC,dermoscopic,75.0,male,lower extremity
ISIC_1844015,IL_2760690,Malignant,BCC,dermoscopic,60.0,male,head/neck
ISIC_1844525,IL_7923672,Malignant,MEL,clinical: close-up,60.0,male,
ISIC_1844559,IL_5568661,Malignant,BCC,dermoscopic,55.0,male,upper extremity
ISIC_1845181,IL_3482678,Malignant,SCCKA,dermoscopic,70.0,male,lower extremity
ISIC_1845748,IL_2742965,Benign,BKL,clinical: close-up,75.0,male,lower extremity
ISIC_1848204,IL_9334838,Benign,BEN_OTH,clinical: close-up,70.0,male,
ISIC_1849199,IL_9516573,Malignant,MEL,clinical: close-up,65.0,female,
ISIC_1850255,IL_0331680,Malignant,MEL,clinical: close-up,70.0,male,
ISIC_1855151,IL_7465840,Malignant,BCC,dermoscopic,75.0,male,head/neck
ISIC_1858368,IL_6135781,Malignant,BCC,clinical: close-up,65.0,female,head/neck
ISIC_1858790,IL_0819034,Malignant,MEL,clinical: close-up,55.0,female,lower extremity
ISIC_1858857,IL_7002218,Malignant,BCC,clinical: close-up,75.0,male,
ISIC_1859149,IL_9840660,Benign,DF,clinical: close-up,25.0,male,lower extremity
ISIC_1859150,IL_0751731,Malignant,BCC,dermoscopic,50.0,male,upper extremity
ISIC_1859155,IL_5034134,Malignant,BCC,clinical: close-up,65.0,female,
ISIC_1859626,IL_1077349,Benign,NV,dermoscopic,10.0,male,lower extremity
ISIC_1860202,IL_8423250,Malignant,AKIEC,dermoscopic,85.0,female,upper extremity
ISIC_1861788,IL_8717569,Benign,NV,dermoscopic,35.0,female,
ISIC_1862003,IL_6234937,Malignant,BCC,clinical: close-up,70.0,male,head/neck
ISIC_1862412,IL_9523157,Malignant,BCC,clinical: close-up,75.0,female,head/neck
ISIC_1874006,IL_4747873,Malignant,BCC,clinical: close-up,55.0,male,
ISIC_1877271,IL_9803330,Malignant,MEL,clinical: close-up,60.0,male,
ISIC_1883149,IL_5158358,Malignant,BCC,clinical: close-up,80.0,male,head/neck
ISIC_1883913,IL_3566377,Benign,BKL,clinical: close-up,75.0,female,head/neck
ISIC_1889858,IL_0076383,Benign,BKL,clinical: close-up,70.0,female,head/neck
ISIC_1890330,IL_0710738,Malignant,BCC,dermoscopic,70.0,male,
ISIC_1891312,IL_9032748,Malignant,AKIEC,dermoscopic,55.0,female,upper extremity
ISIC_1894495,IL_7707991,Malignant,SCCKA,clinical: close-up,75.0,female,head/neck
ISIC_1895014,IL_1049569,Malignant,BCC,clinical: close-up,75.0,female,
ISIC_1895471,IL_0416544,Benign,NV,dermoscopic,40.0,female,
ISIC_1895532,IL_4935391,Malignant,BCC,clinical: close-up,60.0,male,head/neck
ISIC_1897923,IL_2968556,Malignant,AKIEC,dermoscopic,80.0,female,upper extremity
ISIC_1901457,IL_8154017,Malignant,BCC,dermoscopic,70.0,male,head/neck
ISIC_1902287,IL_1407853,Benign,NV,clinical: close-up,30.0,female,
ISIC_1904660,IL_2291194,Benign,BKL,clinical: close-up,25.0,female,lower extremity
ISIC_1906798,IL_2082500,Malignant,BCC,dermoscopic,60.0,female,head/neck
ISIC_1908460,IL_1558479,Benign,BKL,clinical: close-up,75.0,male,
ISIC_1909053,IL_8659124,Malignant,MEL,dermoscopic,60.0,female,lower extremity
ISIC_1909122,IL_4836988,Benign,BKL,clinical: close-up,60.0,male,
ISIC_1909868,IL_3948113,Benign,NV,dermoscopic,55.0,female,lower extremity
ISIC_1915189,IL_3334554,Malignant,MEL,clinical: close-up,25.0,female,
ISIC_1916169,IL_3323231,Malignant,MEL,dermoscopic,55.0,male,
ISIC_1916171,IL_1222046,Benign,BEN_OTH,clinical: close-up,70.0,male,head/neck
ISIC_1916468,IL_5246616,Malignant,BCC,clinical: close-up,70.0,female,lower extremity
ISIC_1923354,IL_0203872,Malignant,MEL,dermoscopic,75.0,male,
ISIC_1923944,IL_5835237,Malignant,BCC,clinical: close-up,75.0,female,
ISIC_1926555,IL_2717072,Indeterminate,AKIEC,dermoscopic,75.0,male,head/neck
ISIC_1926637,IL_0807223,Malignant,MEL,clinical: close-up,40.0,female,
ISIC_1929529,IL_2860298,Malignant,BCC,dermoscopic,75.0,male,
ISIC_1932860,IL_3930642,Malignant,BCC,clinical: close-up,55.0,male,lower extremity
ISIC_1933691,IL_2517543,Malignant,MEL,clinical: close-up,60.0,male,
ISIC_1936494,IL_8713171,Malignant,BCC,clinical: close-up,70.0,male,
ISIC_1937581,IL_5315129,Benign,BKL,dermoscopic,60.0,female,head/neck
ISIC_1938725,IL_2251531,Malignant,BCC,clinical: close-up,55.0,male,lower extremity
ISIC_1940214,IL_3157570,Malignant,BCC,dermoscopic,70.0,female,head/neck
ISIC_1940714,IL_8998802,Indeterminate,AKIEC,dermoscopic,70.0,male,head/neck
ISIC_1943368,IL_5066436,Benign,BKL,clinical: close-up,50.0,male,head/neck
ISIC_1943932,IL_8814250,Malignant,SCCKA,clinical: close-up,85.0,female,head/neck
ISIC_1947192,IL_4580726,Malignant,BCC,dermoscopic,70.0,male,
ISIC_1947250,IL_1272170,Malignant,BCC,clinical: close-up,65.0,male,
ISIC_1948728,IL_2875964,Malignant,BCC,dermoscopic,55.0,male,head/neck
ISIC_1949396,IL_1209024,Malignant,BCC,clinical: close-up,40.0,female,lower extremity
ISIC_1950578,IL_7348404,Malignant,BCC,clinical: close-up,70.0,female,upper extremity
ISIC_1950997,IL_6122240,Malignant,MEL,dermoscopic,75.0,male,lower extremity
ISIC_1951029,IL_4504352,Malignant,BCC,clinical: close-up,75.0,female,
ISIC_1952689,IL_5974480,Malignant,BCC,clinical: close-up,65.0,female,head/neck
ISIC_1954444,IL_7230788,Benign,DF,dermoscopic,65.0,male,upper extremity
ISIC_1955839,IL_3225155,Benign,NV,clinical: close-up,85.0,male,
ISIC_1955962,IL_8711548,Benign,BKL,dermoscopic,60.0,female,
ISIC_1957687,IL_5795574,Indeterminate,AKIEC,clinical: close-up,60.0,female,head/neck
ISIC_1958596,IL_3754821,Malignant,SCCKA,clinical: close-up,75.0,female,
ISIC_1958652,IL_7358979,Benign,NV,clinical: close-up,35.0,female,lower extremity
ISIC_1958975,IL_2994581,Malignant,BCC,clinical: close-up,55.0,male,head/neck
ISIC_1961823,IL_4793144,Malignant,BCC,clinical: close-up,80.0,male,head/neck
ISIC_1962329,IL_3853188,Benign,DF,dermoscopic,60.0,male,upper extremity
ISIC_1963504,IL_1020269,Malignant,BCC,clinical: close-up,65.0,female,
ISIC_1964200,IL_2463656,Benign,NV,dermoscopic,45.0,male,
ISIC_1967763,IL_7443254,Malignant,BCC,clinical: close-up,55.0,male,
ISIC_1967830,IL_8684310,Malignant,BCC,dermoscopic,50.0,male,
ISIC_1969306,IL_0688391,Malignant,BCC,dermoscopic,80.0,male,
ISIC_1970988,IL_0625469,Malignant,MEL,dermoscopic,80.0,male,
ISIC_1971219,IL_5111360,Malignant,BCC,clinical: close-up,60.0,male,
ISIC_1972798,IL_2103836,Benign,DF,dermoscopic,70.0,male,lower extremity
ISIC_1973292,IL_4358287,Malignant,BCC,clinical: close-up,75.0,male,
ISIC_1974672,IL_5570821,Malignant,SCCKA,clinical: close-up,80.0,male,head/neck
ISIC_1975493,IL_5364127,Benign,BKL,dermoscopic,70.0,male,head/neck
ISIC_1977334,IL_7660180,Malignant,BCC,clinical: close-up,75.0,male,upper extremity
ISIC_1978418,IL_1970176,Malignant,MEL,dermoscopic,70.0,female,lower extremity
ISIC_1980584,IL_2753111,Malignant,SCCKA,dermoscopic,80.0,male,upper extremity
ISIC_1982635,IL_0820798,Malignant,AKIEC,dermoscopic,70.0,male,lower extremity
ISIC_1983761,IL_8660536,Benign,BKL,dermoscopic,70.0,male,head/neck
ISIC_1989317,IL_0702204,Benign,BEN_OTH,clinical: close-up,20.0,female,head/neck
ISIC_1990401,IL_5384329,Malignant,BCC,clinical: close-up,65.0,male,head/neck
ISIC_1991989,IL_6506756,Benign,NV,dermoscopic,45.0,male,
ISIC_1992710,IL_6850540,Benign,BKL,dermoscopic,55.0,female,head/neck
ISIC_1993005,IL_2755803,Malignant,BCC,dermoscopic,55.0,male,upper extremity
ISIC_1994938,IL_4668896,Malignant,BCC,clinical: close-up,80.0,male,lower extremity
ISIC_1996485,IL_3067885,Benign,VASC,dermoscopic,60.0,male,
ISIC_1997951,IL_7657501,Malignant,BCC,dermoscopic,65.0,male,lower extremity
ISIC_1999475,IL_5160108,Malignant,BCC,dermoscopic,80.0,female,head/neck
ISIC_2000821,IL_3682570,Benign,NV,dermoscopic,30.0,female,
ISIC_2001011,IL_3907466,Malignant,BCC,clinical: close-up,50.0,male,
ISIC_2001195,IL_9334838,Benign,BEN_OTH,dermoscopic,70.0,male,
ISIC_2001379,IL_2477407,Malignant,BCC,dermoscopic,55.0,male,
ISIC_2005939,IL_7719893,Malignant,BCC,clinical: close-up,65.0,male,
ISIC_2006744,IL_8578513,Malignant,BCC,clinical: close-up,55.0,female,head/neck
ISIC_2006791,IL_7270407,Malignant,BCC,clinical: close-up,75.0,male,
ISIC_2011159,IL_4571901,Malignant,BCC,dermoscopic,80.0,male,head/neck
ISIC_2012204,IL_7001999,Benign,BKL,clinical: close-up,60.0,female,
ISIC_2013192,IL_2590916,Malignant,BCC,dermoscopic,75.0,female,
ISIC_2015391,IL_4180169,Benign,BKL,clinical: close-up,70.0,male,head/neck
ISIC_2015432,IL_9926530,Benign,NV,clinical: close-up,5.0,female,upper extremity
ISIC_2019971,IL_0177781,Malignant,BCC,clinical: close-up,60.0,male,
ISIC_2020398,IL_5753278,Malignant,BCC,dermoscopic,75.0,male,
ISIC_2020975,IL_4504352,Malignant,BCC,dermoscopic,75.0,female,
ISIC_2021070,IL_6138895,Malignant,BCC,dermoscopic,55.0,female,
ISIC_2022573,IL_7126907,Malignant,BCC,clinical: close-up,60.0,male,head/neck
ISIC_2023313,IL_5358765,Malignant,BCC,dermoscopic,75.0,female,head/neck
ISIC_2023729,IL_2473783,Benign,NV,clinical: close-up,45.0,male,head/neck
ISIC_2025477,IL_4954108,Benign,NV,clinical: close-up,30.0,male,
ISIC_2026805,IL_3147043,Malignant,MEL,clinical: close-up,75.0,male,lower extremity
ISIC_2029702,IL_4851899,Malignant,BCC,dermoscopic,75.0,male,head/neck
ISIC_2030005,IL_9843383,Benign,NV,dermoscopic,40.0,female,
ISIC_2030190,IL_8711548,Benign,BKL,clinical: close-up,60.0,female,
ISIC_2031105,IL_3818681,Malignant,SCCKA,dermoscopic,70.0,male,head/neck
ISIC_2031186,IL_8169516,Benign,BEN_OTH,clinical: close-up,40.0,female,head/neck
ISIC_2036187,IL_1655178,Malignant,BCC,clinical: close-up,60.0,male,upper extremity
ISIC_2036689,IL_1815141,Benign,NV,dermoscopic,35.0,male,
ISIC_2036909,IL_6192656,Malignant,BCC,dermoscopic,70.0,male,lower extremity
ISIC_2038683,IL_2470162,Benign,BKL,clinical: close-up,60.0,male,
ISIC_2038875,IL_2734899,Malignant,BCC,dermoscopic,70.0,male,
ISIC_2039556,IL_6907035,Indeterminate,AKIEC,dermoscopic,60.0,male,head/neck
ISIC_2040238,IL_9152183,Malignant,BCC,clinical: close-up,65.0,male,upper extremity
ISIC_2048164,IL_7633169,Benign,BKL,dermoscopic,55.0,female,upper extremity
ISIC_2049002,IL_5260419,Malignant,SCCKA,dermoscopic,60.0,male,head/neck
ISIC_2054960,IL_2473783,Benign,NV,dermoscopic,45.0,male,head/neck
ISIC_2057570,IL_4194346,Malignant,BCC,clinical: close-up,60.0,male,lower extremity
ISIC_2059259,IL_9589211,Benign,BKL,dermoscopic,70.0,male,
ISIC_2060638,IL_2484689,Benign,BKL,clinical: close-up,65.0,male,upper extremity
ISIC_2062148,IL_7288279,Malignant,BCC,dermoscopic,65.0,female,upper extremity
ISIC_2062505,IL_2504779,Benign,NV,dermoscopic,55.0,female,
ISIC_2062545,IL_7071169,Indeterminate,AKIEC,clinical: close-up,80.0,male,head/neck
ISIC_2068038,IL_5120662,Malignant,BCC,dermoscopic,70.0,female,upper extremity
ISIC_2070457,IL_5492781,Malignant,BCC,clinical: close-up,60.0,male,head/neck
ISIC_2072027,IL_8596118,Malignant,BCC,clinical: close-up,65.0,female,upper extremity
ISIC_2075270,IL_0478120,Malignant,SCCKA,clinical: close-up,85.0,female,lower extremity
ISIC_2078396,IL_7982097,Malignant,BCC,dermoscopic,40.0,female,head/neck
ISIC_2078548,IL_6352685,Malignant,BCC,clinical: close-up,70.0,female,lower extremity
ISIC_2078663,IL_9084119,Benign,NV,clinical: close-up,45.0,female,upper extremity
ISIC_2083558,IL_6144791,Malignant,BCC,clinical: close-up,50.0,male,
ISIC_2083813,IL_2797829,Benign,BKL,clinical: close-up,65.0,female,head/neck
ISIC_2084498,IL_0087252,Benign,BKL,clinical: close-up,75.0,male,lower extremity
ISIC_2087207,IL_6135781,Malignant,BCC,dermoscopic,65.0,female,head/neck
ISIC_2088540,IL_3237613,Benign,INF,dermoscopic,60.0,male,head/neck
ISIC_2088803,IL_0836583,Malignant,BCC,dermoscopic,65.0,female,lower extremity
ISIC_2090799,IL_0987624,Malignant,BCC,dermoscopic,55.0,male,head/neck
ISIC_2091010,IL_0772122,Benign,BKL,clinical: close-up,60.0,male,
ISIC_2091809,IL_9313120,Malignant,BCC,clinical: close-up,75.0,female,
ISIC_2093474,IL_3893799,Malignant,SCCKA,dermoscopic,80.0,female,
ISIC_2093906,IL_1287592,Indeterminate,AKIEC,dermoscopic,80.0,female,head/neck
ISIC_2094021,IL_1625931,Malignant,BCC,dermoscopic,80.0,male,
ISIC_2094159,IL_7974648,Benign,NV,clinical: close-up,10.0,female,lower extremity
ISIC_2094944,IL_2484689,Benign,BKL,dermoscopic,65.0,male,upper extremity
ISIC_2099638,IL_6845657,Malignant,BCC,clinical: close-up,50.0,male,head/neck
ISIC_2100757,IL_1263439,Benign,NV,dermoscopic,50.0,male,
ISIC_2100961,IL_2233251,Benign,VASC,dermoscopic,70.0,male,
ISIC_2102002,IL_1778367,Malignant,BCC,dermoscopic,45.0,male,head/neck
ISIC_2105399,IL_0336381,Benign,NV,clinical: close-up,35.0,female,
ISIC_2106139,IL_5930437,Benign,NV,dermoscopic,30.0,female,lower extremity
ISIC_2108278,IL_2770986,Malignant,MEL,clinical: close-up,45.0,male,
ISIC_2110451,IL_6481233,Benign,BKL,dermoscopic,70.0,male,
ISIC_2110641,IL_7340563,Malignant,MAL_OTH,clinical: close-up,60.0,male,
ISIC_2114322,IL_7072256,Indeterminate,AKIEC,clinical: close-up,50.0,male,head/neck
ISIC_2116783,IL_1608050,Malignant,BCC,dermoscopic,35.0,female,
ISIC_2118149,IL_2989326,Malignant,MEL,clinical: close-up,60.0,male,
ISIC_2119936,IL_2317693,Benign,NV,dermoscopic,30.0,female,
ISIC_2120680,IL_8659124,Malignant,MEL,clinical: close-up,60.0,female,lower extremity
ISIC_2121573,IL_8675438,Malignant,BCC,clinical: close-up,65.0,male,
ISIC_2122406,IL_6481536,Benign,NV,clinical: close-up,45.0,female,lower extremity
ISIC_2122704,IL_6953253,Benign,BKL,dermoscopic,60.0,female,lower extremity
ISIC_2122841,IL_5766493,Malignant,BCC,dermoscopic,70.0,male,head/neck
ISIC_2127182,IL_5775257,Malignant,SCCKA,clinical: close-up,75.0,female,lower extremity
ISIC_2127883,IL_9758278,Malignant,BCC,dermoscopic,65.0,male,
ISIC_2128070,IL_5451589,Malignant,SCCKA,dermoscopic,50.0,male,
ISIC_2131769,IL_6169727,Malignant,SCCKA,dermoscopic,75.0,male,
ISIC_2132224,IL_8562069,Malignant,BCC,clinical: close-up,60.0,male,upper extremity
ISIC_2133291,IL_8657794,Malignant,SCCKA,clinical: close-up,60.0,male,upper extremity
ISIC_2134211,IL_9072038,Malignant,BCC,dermoscopic,85.0,male,lower extremity
ISIC_2134793,IL_7965758,Malignant,BCC,clinical: close-up,55.0,male,
ISIC_2144270,IL_9379939,Malignant,SCCKA,dermoscopic,85.0,female,upper extremity
ISIC_2146381,IL_3897948,Malignant,BCC,dermoscopic,65.0,female,
ISIC_2146757,IL_6156024,Malignant,BCC,dermoscopic,80.0,female,
ISIC_2148280,IL_8154017,Malignant,BCC,clinical: close-up,70.0,male,head/neck
ISIC_2148940,IL_1379461,Malignant,BCC,clinical: close-up,30.0,male,head/neck
ISIC_2150126,IL_5466304,Malignant,BCC,clinical: close-up,75.0,male,lower extremity
ISIC_2150484,IL_6261131,Malignant,BCC,clinical: close-up,70.0,female,upper extremity
ISIC_2153011,IL_4891045,Malignant,BCC,dermoscopic,55.0,female,lower extremity
ISIC_2153022,IL_7970033,Benign,BKL,clinical: close-up,65.0,female,lower extremity
ISIC_2153383,IL_9421903,Malignant,MEL,clinical: close-up,60.0,female,
ISIC_2156383,IL_7743393,Malignant,AKIEC,dermoscopic,50.0,male,upper extremity
ISIC_2156824,IL_5857700,Malignant,SCCKA,clinical: close-up,75.0,female,head/neck
ISIC_2160112,IL_9921206,Benign,BKL,clinical: close-up,80.0,female,upper extremity
ISIC_2161258,IL_9753632,Malignant,BCC,clinical: close-up,55.0,male,
ISIC_2161394,IL_8194852,Malignant,MEL,dermoscopic,60.0,male,
ISIC_2164186,IL_6305050,Benign,NV,clinical: close-up,30.0,female,
ISIC_2167653,IL_2521408,Malignant,BCC,dermoscopic,60.0,female,upper extremity
ISIC_2171027,IL_2687877,Malignant,BCC,dermoscopic,85.0,female,head/neck
ISIC_2175735,IL_5703544,Benign,NV,dermoscopic,60.0,female,
ISIC_2175811,IL_3892399,Malignant,BCC,dermoscopic,65.0,female,head/neck
ISIC_2176321,IL_5087037,Indeterminate,AKIEC,clinical: close-up,70.0,male,head/neck
ISIC_2177016,IL_6369658,Malignant,BCC,clinical: close-up,85.0,male,
ISIC_2178421,IL_2381359,Benign,NV,dermoscopic,70.0,male,
ISIC_2179705,IL_9565231,Malignant,MEL,dermoscopic,70.0,male,
ISIC_2180502,IL_4508203,Malignant,AKIEC,clinical: close-up,55.0,female,upper extremity
ISIC_2181342,IL_8364095,Benign,VASC,dermoscopic,50.0,female,upper extremity
ISIC_2181594,IL_5466304,Malignant,BCC,dermoscopic,75.0,male,lower extremity
ISIC_2184033,IL_8124925,Benign,INF,clinical: close-up,20.0,male,
ISIC_2185560,IL_2612192,Malignant,BCC,clinical: close-up,65.0,female,
ISIC_2187177,IL_2359351,Benign,BKL,clinical: close-up,70.0,female,head/neck
ISIC_2187542,IL_1351587,Malignant,BCC,clinical: close-up,80.0,female,upper extremity
ISIC_2188105,IL_1139231,Benign,NV,clinical: close-up,55.0,male,
ISIC_2190119,IL_0895262,Benign,BKL,dermoscopic,60.0,male,
ISIC_2194194,IL_4444660,Malignant,MEL,clinical: close-up,70.0,male,
ISIC_2194211,IL_1693296,Benign,VASC,clinical: close-up,40.0,female,lower extremity
ISIC_2200184,IL_2329642,Malignant,BCC,clinical: close-up,85.0,female,
ISIC_2202352,IL_5060375,Malignant,BCC,dermoscopic,70.0,female,
ISIC_2202519,IL_8925719,Malignant,BCC,dermoscopic,85.0,male,head/neck
ISIC_2204119,IL_0610224,Malignant,SCCKA,dermoscopic,75.0,female,
ISIC_2204145,IL_9814557,Benign,BKL,clinical: close-up,65.0,female,head/neck
ISIC_2205154,IL_3907466,Malignant,BCC,dermoscopic,50.0,male,
ISIC_2205187,IL_6806231,Benign,NV,dermoscopic,50.0,female,upper extremity
ISIC_2205902,IL_5770532,Benign,NV,dermoscopic,50.0,female,head/neck
ISIC_2209183,IL_8752697,Malignant,SCCKA,dermoscopic,80.0,male,head/neck
ISIC_2211437,IL_1249286,Malignant,MEL,clinical: close-up,70.0,male,
ISIC_2211674,IL_9604741,Malignant,BCC,dermoscopic,70.0,male,head/neck
ISIC_2212095,IL_2372422,Benign,NV,dermoscopic,5.0,female,lower extremity
ISIC_2212859,IL_8876914,Malignant,BCC,clinical: close-up,70.0,male,
ISIC_2212922,IL_9086913,Malignant,SCCKA,dermoscopic,80.0,female,lower extremity
ISIC_2214376,IL_1558479,Benign,BKL,dermoscopic,75.0,male,
ISIC_2214683,IL_9681402,Malignant,BCC,clinical: close-up,60.0,female,upper extremity
ISIC_2214696,IL_0228777,Malignant,BCC,clinical: close-up,55.0,female,lower extremity
ISIC_2215653,IL_2292995,Malignant,BCC,dermoscopic,80.0,male,
ISIC_2216126,IL_7549554,Malignant,BCC,dermoscopic,70.0,male,lower extremity
ISIC_2217722,IL_9143908,Malignant,BCC,clinical: close-up,60.0,female,
ISIC_2221157,IL_3853188,Benign,DF,clinical: close-up,60.0,male,upper extremity
ISIC_2222084,IL_2503315,Malignant,MEL,dermoscopic,60.0,male,head/neck
ISIC_2223344,IL_8717569,Benign,NV,clinical: close-up,35.0,female,
ISIC_2224879,IL_8079402,Malignant,MEL,clinical: close-up,70.0,male,
ISIC_2226952,IL_6552855,Malignant,BCC,clinical: close-up,50.0,male,
ISIC_2226996,IL_5733908,Malignant,MEL,clinical: close-up,35.0,female,head/neck
ISIC_2228341,IL_0353074,Malignant,BCC,dermoscopic,80.0,female,head/neck
ISIC_2228525,IL_2745193,Benign,NV,clinical: close-up,45.0,male,
ISIC_2230113,IL_7232351,Malignant,BCC,clinical: close-up,65.0,female,lower extremity
ISIC_2230159,IL_4879979,Malignant,BCC,dermoscopic,55.0,male,
ISIC_2231359,IL_7950940,Malignant,SCCKA,dermoscopic,60.0,male,head/neck
ISIC_2232926,IL_5590663,Malignant,BCC,dermoscopic,60.0,male,
ISIC_2233726,IL_7103424,Malignant,BCC,clinical: close-up,65.0,female,head/neck
ISIC_2233970,IL_9122534,Malignant,BCC,clinical: close-up,50.0,male,upper extremity
ISIC_2235918,IL_1264405,Benign,NV,dermoscopic,25.0,male,head/neck
ISIC_2236717,IL_9229110,Malignant,MEL,clinical: close-up,70.0,male,upper extremity
ISIC_2240759,IL_8814250,Malignant,SCCKA,dermoscopic,85.0,female,head/neck
ISIC_2243897,IL_6677993,Benign,NV,clinical: close-up,55.0,male,head/neck
ISIC_2252587,IL_1645941,Benign,INF,dermoscopic,75.0,male,
ISIC_2258441,IL_5310086,Malignant,MEL,clinical: close-up,50.0,female,head/neck
ISIC_2258930,IL_3547221,Benign,BKL,dermoscopic,80.0,female,upper extremity
ISIC_2260950,IL_2176807,Malignant,BCC,clinical: close-up,75.0,male,upper extremity
ISIC_2264421,IL_8993407,Malignant,BCC,dermoscopic,75.0,female,head/neck
ISIC_2267440,IL_6019192,Malignant,MEL,dermoscopic,40.0,female,
ISIC_2267815,IL_0217482,Benign,NV,clinical: close-up,45.0,female,
ISIC_2271068,IL_0542551,Benign,BKL,clinical: close-up,70.0,male,head/neck
ISIC_2273572,IL_3542015,Malignant,SCCKA,dermoscopic,80.0,male,head/neck
ISIC_2277053,IL_4630533,Malignant,AKIEC,clinical: close-up,45.0,male,
ISIC_2277641,IL_6606069,Malignant,BCC,clinical: close-up,40.0,female,head/neck
ISIC_2278278,IL_2200466,Malignant,MEL,clinical: close-up,65.0,male,
ISIC_2281577,IL_1559121,Benign,INF,clinical: close-up,50.0,female,
ISIC_2282699,IL_7363602,Malignant,BCC,dermoscopic,55.0,male,head/neck
ISIC_2283574,IL_9157797,Benign,NV,dermoscopic,60.0,female,lower extremity
ISIC_2283635,IL_6004651,Malignant,BCC,dermoscopic,65.0,male,
ISIC_2286311,IL_2591955,Malignant,BCC,clinical: close-up,40.0,female,head/neck
ISIC_2288132,IL_6246713,Malignant,BCC,clinical: close-up,75.0,male,
ISIC_2288348,IL_6767312,Malignant,BCC,dermoscopic,85.0,female,
ISIC_2288878,IL_3752602,Malignant,BCC,clinical: close-up,60.0,female,head/neck
ISIC_2288953,IL_2482896,Benign,DF,clinical: close-up,45.0,female,lower extremity
ISIC_2289203,IL_6658554,Benign,BKL,dermoscopic,55.0,female,lower extremity
ISIC_2292844,IL_3035506,Benign,NV,clinical: close-up,10.0,female,head/neck
ISIC_2293465,IL_5118917,Malignant,BCC,clinical: close-up,75.0,male,
ISIC_2293783,IL_1641012,Benign,NV,clinical: close-up,55.0,male,
ISIC_2298923,IL_8626747,Benign,NV,dermoscopic,20.0,female,
ISIC_2299814,IL_2880261,Malignant,BCC,clinical: close-up,70.0,male,head/neck
ISIC_2301560,IL_5437959,Benign,VASC,clinical: close-up,40.0,female,lower extremity
ISIC_2302491,IL_5953610,Benign,BKL,dermoscopic,60.0,female,lower extremity
ISIC_2304241,IL_3082764,Benign,NV,dermoscopic,20.0,female,
ISIC_2304487,IL_5504376,Benign,NV,clinical: close-up,40.0,female,lower extremity
ISIC_2304788,IL_2803011,Benign,BKL,clinical: close-up,70.0,male,
ISIC_2305246,IL_9173728,Malignant,BCC,dermoscopic,55.0,female,upper extremity
ISIC_2306278,IL_8548746,Malignant,BCC,dermoscopic,50.0,male,
ISIC_2307898,IL_8339852,Malignant,MEL,clinical: close-up,30.0,female,lower extremity
ISIC_2307999,IL_4325075,Benign,BKL,clinical: close-up,55.0,female,
ISIC_2308076,IL_0047878,Benign,NV,clinical: close-up,40.0,male,head/neck
ISIC_2308599,IL_4316147,Malignant,BCC,dermoscopic,80.0,male,head/neck
ISIC_2309647,IL_5526869,Malignant,BCC,dermoscopic,50.0,male,
ISIC_2311853,IL_5684831,Malignant,BCC,dermoscopic,55.0,male,lower extremity
ISIC_2312468,IL_3672898,Benign,BKL,dermoscopic,55.0,male,
ISIC_2313224,IL_6982257,Benign,BKL,clinical: close-up,50.0,male,head/neck
ISIC_2314639,IL_3061699,Malignant,MEL,clinical: close-up,70.0,male,
ISIC_2314682,IL_9565456,Malignant,BCC,dermoscopic,75.0,male,
ISIC_2314908,IL_3180618,Benign,DF,clinical: close-up,45.0,male,lower extremity
ISIC_2319242,IL_2868879,Malignant,SCCKA,dermoscopic,45.0,male,
ISIC_2320042,IL_8662506,Benign,BKL,dermoscopic,45.0,male,
ISIC_2320067,IL_2171810,Malignant,SCCKA,clinical: close-up,60.0,male,
ISIC_2321009,IL_1192220,Malignant,BCC,dermoscopic,70.0,male,lower extremity
ISIC_2322494,IL_1397250,Malignant,BCC,dermoscopic,80.0,female,
ISIC_2323046,IL_7424810,Malignant,BCC,clinical: close-up,70.0,male,lower extremity
ISIC_2324630,IL_5386138,Malignant,BCC,dermoscopic,65.0,female,lower extremity
ISIC_2324691,IL_1098569,Malignant,BCC,dermoscopic,60.0,female,head/neck
ISIC_2325423,IL_2328375,Malignant,BCC,clinical: close-up,65.0,male,head/neck
ISIC_2330431,IL_1394947,Malignant,BCC,clinical: close-up,70.0,female,head/neck
ISIC_2330723,IL_1355090,Benign,NV,clinical: close-up,55.0,female,lower extremity
ISIC_2333635,IL_9708256,Malignant,SCCKA,clinical: close-up,70.0,male,lower extremity
ISIC_2334810,IL_7534180,Malignant,BCC,dermoscopic,75.0,male,head/neck
ISIC_2334974,IL_6296418,Malignant,BCC,dermoscopic,70.0,male,head/neck
ISIC_2335025,IL_4334005,Malignant,BCC,dermoscopic,60.0,male,
ISIC_2337700,IL_4708649,Malignant,BCC,dermoscopic,75.0,male,
ISIC_2337998,IL_1075649,Malignant,MEL,dermoscopic,40.0,female,lower extremity
ISIC_2340328,IL_7366789,Benign,BKL,clinical: close-up,65.0,male,
ISIC_2340494,IL_8723146,Benign,BKL,dermoscopic,60.0,male,head/neck
ISIC_2340822,IL_0428010,Benign,BKL,clinical: close-up,75.0,female,head/neck
ISIC_2343962,IL_5604150,Malignant,SCCKA,clinical: close-up,70.0,male,
ISIC_2344703,IL_1391471,Malignant,BCC,clinical: close-up,75.0,female,head/neck
ISIC_2346201,IL_1950813,Malignant,BCC,clinical: close-up,85.0,male,upper extremity
ISIC_2348044,IL_9364150,Malignant,BCC,clinical: close-up,70.0,male,head/neck
ISIC_2348795,IL_5842148,Benign,NV,dermoscopic,85.0,male,
ISIC_2352071,IL_1739101,Malignant,BCC,dermoscopic,50.0,male,
ISIC_2352288,IL_0838598,Malignant,SCCKA,dermoscopic,75.0,male,lower extremity
ISIC_2353418,IL_2918897,Malignant,BCC,dermoscopic,65.0,female,head/neck
ISIC_2353638,IL_4459414,Malignant,BCC,dermoscopic,60.0,male,
ISIC_2354975,IL_7974565,Benign,BKL,dermoscopic,50.0,female,upper extremity
ISIC_2359312,IL_4323973,Malignant,BCC,clinical: close-up,85.0,female,head/neck
ISIC_2360770,IL_7444377,Malignant,BCC,clinical: close-up,75.0,male,upper extremity
ISIC_2362668,IL_9018029,Indeterminate,AKIEC,clinical: close-up,60.0,female,head/neck
ISIC_2365922,IL_0931113,Malignant,SCCKA,clinical: close-up,60.0,male,head/neck
ISIC_2368224,IL_4109255,Malignant,SCCKA,clinical: close-up,70.0,male,head/neck
ISIC_2368450,IL_8767965,Indeterminate,AKIEC,dermoscopic,70.0,male,head/neck
ISIC_2368759,IL_2040993,Malignant,BCC,clinical: close-up,60.0,male,
ISIC_2370968,IL_5424289,Malignant,BCC,dermoscopic,65.0,male,
ISIC_2371823,IL_5584867,Malignant,SCCKA,clinical: close-up,40.0,female,upper extremity
ISIC_2372341,IL_5016629,Malignant,MEL,dermoscopic,55.0,female,head/neck
ISIC_2372470,IL_8449966,Benign,NV,dermoscopic,40.0,male,head/neck
ISIC_2374466,IL_1886112,Malignant,MEL,dermoscopic,65.0,male,
ISIC_2375503,IL_5693413,Malignant,MEL,clinical: close-up,50.0,female,lower extremity
ISIC_2376778,IL_7804656,Benign,NV,clinical: close-up,55.0,male,head/neck
ISIC_2376821,IL_9875986,Malignant,BCC,dermoscopic,50.0,male,head/neck
ISIC_2378626,IL_4896057,Malignant,BCC,dermoscopic,80.0,female,
ISIC_2378919,IL_4537840,Malignant,SCCKA,dermoscopic,85.0,male,head/neck
ISIC_2380041,IL_7938649,Malignant,BCC,dermoscopic,70.0,male,lower extremity
ISIC_2383380,IL_2483019,Malignant,BCC,dermoscopic,65.0,female,head/neck
ISIC_2384908,IL_0541036,Malignant,AKIEC,clinical: close-up,60.0,male,
ISIC_2384953,IL_4575462,Benign,BKL,dermoscopic,80.0,male,
ISIC_2391545,IL_0630567,Indeterminate,AKIEC,dermoscopic,75.0,male,head/neck
ISIC_2392847,IL_9917047,Malignant,BCC,clinical: close-up,75.0,male,
ISIC_2396618,IL_1445099,Malignant,MEL,clinical: close-up,70.0,male,
ISIC_2405387,IL_0909624,Malignant,SCCKA,clinical: close-up,80.0,female,upper extremity
ISIC_2409346,IL_9312646,Malignant,SCCKA,dermoscopic,70.0,male,head/neck
ISIC_2410311,IL_3844274,Malignant,BCC,dermoscopic,55.0,male,head/neck
ISIC_2410425,IL_1989864,Malignant,BCC,clinical: close-up,60.0,male,head/neck
ISIC_2414931,IL_7224392,Malignant,BCC,clinical: close-up,65.0,male,
ISIC_2415100,IL_0705529,Malignant,BCC,clinical: close-up,60.0,male,
ISIC_2415211,IL_7982097,Malignant,BCC,clinical: close-up,40.0,female,head/neck
ISIC_2415589,IL_1016151,Malignant,MEL,dermoscopic,80.0,female,head/neck
ISIC_2417592,IL_8578812,Malignant,AKIEC,dermoscopic,65.0,male,head/neck
ISIC_2418437,IL_1391368,Malignant,SCCKA,dermoscopic,85.0,male,head/neck
ISIC_2419039,IL_6111577,Benign,INF,dermoscopic,75.0,male,
ISIC_2420699,IL_5270623,Malignant,BCC,clinical: close-up,75.0,male,lower extremity
ISIC_2422166,IL_2643688,Malignant,BCC,dermoscopic,75.0,female,
ISIC_2424286,IL_8480988,Malignant,AKIEC,clinical: close-up,80.0,male,
ISIC_2424786,IL_8565372,Malignant,BCC,clinical: close-up,80.0,female,head/neck
ISIC_2425838,IL_9862724,Benign,NV,clinical: close-up,40.0,female,upper extremity
ISIC_2426257,IL_8756948,Malignant,BCC,dermoscopic,85.0,female,lower extremity
ISIC_2427256,IL_9463449,Benign,NV,dermoscopic,45.0,male,
ISIC_2427847,IL_1274055,Benign,DF,clinical: close-up,30.0,male,lower extremity
ISIC_2429951,IL_7685934,Malignant,MEL,clinical: close-up,75.0,male,head/neck
ISIC_2431328,IL_5590663,Malignant,BCC,clinical: close-up,60.0,male,
ISIC_2431538,IL_3529171,Malignant,SCCKA,dermoscopic,60.0,male,lower extremity
ISIC_2432981,IL_0433737,Malignant,BCC,dermoscopic,65.0,female,head/neck
ISIC_2434031,IL_6064590,Malignant,BCC,dermoscopic,60.0,male,head/neck
ISIC_2437084,IL_3147043,Malignant,MEL,dermoscopic,75.0,male,lower extremity
ISIC_2437960,IL_2265683,Malignant,MEL,clinical: close-up,60.0,female,head/neck
ISIC_2439277,IL_8157640,Malignant,BCC,clinical: close-up,85.0,male,upper extremity
ISIC_2440553,IL_8925719,Malignant,BCC,clinical: close-up,85.0,male,head/neck
ISIC_2443095,IL_3742316,Malignant,BCC,clinical: close-up,65.0,female,head/neck
ISIC_2443273,IL_6787106,Benign,BKL,clinical: close-up,60.0,male,
ISIC_2443446,IL_2216444,Malignant,BCC,clinical: close-up,65.0,male,
ISIC_2444876,IL_8756948,Malignant,BCC,clinical: close-up,85.0,female,lower extremity
ISIC_2449691,IL_4421569,Malignant,BCC,dermoscopic,80.0,male,
ISIC_2449826,IL_1659172,Benign,BKL,clinical: close-up,70.0,male,
ISIC_2451051,IL_4939300,Malignant,MAL_OTH,clinical: close-up,75.0,male,lower extremity
ISIC_2453811,IL_0080050,Malignant,BCC,clinical: close-up,70.0,male,head/neck
ISIC_2455305,IL_1366322,Malignant,BCC,clinical: close-up,80.0,female,head/neck
ISIC_2456679,IL_1735251,Malignant,BCC,dermoscopic,45.0,female,lower extremity
ISIC_2457583,IL_9038692,Malignant,SCCKA,dermoscopic,70.0,male,head/neck
ISIC_2459668,IL_3493081,Benign,NV,dermoscopic,50.0,female,
ISIC_2462068,IL_1606035,Malignant,SCCKA,clinical: close-up,65.0,male,
ISIC_2463268,IL_2293895,Benign,DF,clinical: close-up,40.0,male,
ISIC_2464882,IL_2309123,Benign,NV,dermoscopic,40.0,female,upper extremity
ISIC_2464952,IL_4682786,Malignant,BCC,dermoscopic,70.0,male,
ISIC_2467349,IL_4196586,Malignant,BCC,dermoscopic,50.0,female,head/neck
ISIC_2473287,IL_0710738,Malignant,BCC,clinical: close-up,70.0,male,
ISIC_2473856,IL_0082869,Benign,NV,dermoscopic,5.0,female,lower extremity
ISIC_2475721,IL_4429856,Malignant,SCCKA,clinical: close-up,85.0,male,
ISIC_2475811,IL_4713984,Malignant,BCC,dermoscopic,50.0,female,lower extremity
ISIC_2481301,IL_9587475,Benign,NV,clinical: close-up,45.0,male,
ISIC_2481693,IL_6559871,Malignant,BCC,clinical: close-up,60.0,female,upper extremity
ISIC_2482765,IL_2227490,Malignant,BCC,clinical: close-up,65.0,male,lower extremity
ISIC_2484661,IL_4749815,Malignant,BCC,dermoscopic,55.0,female,head/neck
ISIC_2485182,IL_0588245,Malignant,BCC,dermoscopic,75.0,male,
ISIC_2485685,IL_9473685,Benign,BKL,dermoscopic,65.0,male,head/neck
ISIC_2488572,IL_5287694,Malignant,BCC,clinical: close-up,65.0,male,
ISIC_2489023,IL_8124178,Benign,NV,clinical: close-up,45.0,female,upper extremity
ISIC_2490336,IL_2228009,Benign,NV,clinical: close-up,40.0,male,
ISIC_2490728,IL_7444377,Malignant,BCC,dermoscopic,75.0,male,upper extremity
ISIC_2492745,IL_1461373,Malignant,BCC,dermoscopic,60.0,male,
ISIC_2494258,IL_5478972,Benign,NV,clinical: close-up,55.0,female,upper extremity
ISIC_2495535,IL_2087483,Benign,DF,clinical: close-up,40.0,female,lower extremity
ISIC_2495960,IL_1098569,Malignant,BCC,clinical: close-up,60.0,female,head/neck
ISIC_2496140,IL_4185194,Malignant,MEL,dermoscopic,65.0,female,lower extremity
ISIC_2500263,IL_0216946,Malignant,BCC,clinical: close-up,60.0,male,head/neck
ISIC_2501467,IL_5245045,Malignant,BCC,dermoscopic,70.0,male,lower extremity
ISIC_2501558,IL_7743352,Benign,BEN_OTH,dermoscopic,50.0,female,head/neck
ISIC_2504068,IL_5420018,Malignant,BCC,clinical: close-up,55.0,female,
ISIC_2506667,IL_8994291,Malignant,BCC,dermoscopic,80.0,male,head/neck
ISIC_2510819,IL_6071484,Malignant,SCCKA,dermoscopic,75.0,male,head/neck
ISIC_2511643,IL_0079116,Malignant,BCC,clinical: close-up,50.0,female,
ISIC_2512661,IL_4615374,Malignant,SCCKA,clinical: close-up,70.0,female,lower extremity
ISIC_2513521,IL_0240650,Malignant,SCCKA,dermoscopic,65.0,male,head/neck
ISIC_2514435,IL_2423269,Benign,BKL,clinical: close-up,35.0,female,head/neck
ISIC_2514438,IL_9363657,Malignant,BCC,clinical: close-up,55.0,male,lower extremity
ISIC_2515747,IL_1812353,Benign,BKL,dermoscopic,60.0,female,head/neck
ISIC_2517252,IL_2360320,Malignant,BCC,clinical: close-up,75.0,male,
ISIC_2521142,IL_3980813,Malignant,BCC,dermoscopic,55.0,male,
ISIC_2524673,IL_5834228,Malignant,BCC,dermoscopic,70.0,female,lower extremity
ISIC_2525497,IL_5550587,Benign,NV,dermoscopic,50.0,female,
ISIC_2525661,IL_2921214,Benign,BKL,clinical: close-up,65.0,male,
ISIC_2526104,IL_0482521,Malignant,BCC,dermoscopic,75.0,male,
ISIC_2526585,IL_8322596,Malignant,BCC,clinical: close-up,60.0,female,head/neck
ISIC_2527161,IL_1758628,Benign,BKL,dermoscopic,80.0,female,upper extremity
ISIC_2530103,IL_8748283,Malignant,BCC,dermoscopic,75.0,male,head/neck
ISIC_2531173,IL_5818168,Malignant,BCC,clinical: close-up,75.0,male,
ISIC_2533061,IL_9167075,Malignant,BCC,dermoscopic,85.0,female,head/neck
ISIC_2533190,IL_7980891,Malignant,BCC,clinical: close-up,70.0,male,upper extremity
ISIC_2533248,IL_9972566,Malignant,BCC,dermoscopic,85.0,female,head/neck
ISIC_2533587,IL_2185095,Benign,BKL,clinical: close-up,60.0,female,head/neck
ISIC_2538384,IL_9685051,Benign,NV,dermoscopic,50.0,male,
ISIC_2538458,IL_9917899,Malignant,BCC,dermoscopic,80.0,male,head/neck
ISIC_2546414,IL_1409066,Malignant,BCC,clinical: close-up,80.0,male,
ISIC_2547869,IL_8339117,Malignant,BCC,clinical: close-up,45.0,female,upper extremity
ISIC_2548075,IL_0987624,Malignant,BCC,clinical: close-up,55.0,male,head/neck
ISIC_2552716,IL_2538278,Benign,BKL,dermoscopic,75.0,female,head/neck
ISIC_2553729,IL_0710877,Malignant,BCC,dermoscopic,70.0,male,
ISIC_2553804,IL_5186101,Benign,NV,clinical: close-up,35.0,male,head/neck
ISIC_2554103,IL_2015219,Benign,BKL,dermoscopic,75.0,female,head/neck
ISIC_2556688,IL_5167045,Malignant,BCC,clinical: close-up,65.0,female,head/neck
ISIC_2556744,IL_9156080,Malignant,BCC,dermoscopic,60.0,male,lower extremity
ISIC_2557089,IL_5217084,Malignant,AKIEC,clinical: close-up,75.0,female,head/neck
ISIC_2561690,IL_4240733,Malignant,BCC,dermoscopic,50.0,female,upper extremity
ISIC_2564518,IL_5189473,Benign,BKL,clinical: close-up,85.0,male,
ISIC_2565230,IL_0752294,Malignant,BCC,dermoscopic,75.0,female,lower extremity
ISIC_2565297,IL_2300316,Malignant,AKIEC,clinical: close-up,85.0,female,lower extremity
ISIC_2567274,IL_6242264,Benign,BKL,dermoscopic,75.0,female,lower extremity
ISIC_2567925,IL_1131642,Malignant,BCC,dermoscopic,50.0,male,
ISIC_2567983,IL_7719893,Malignant,BCC,dermoscopic,65.0,male,
ISIC_2568976,IL_8716299,Benign,BKL,dermoscopic,45.0,male,upper extremity
ISIC_2569198,IL_8647582,Benign,BKL,dermoscopic,55.0,female,lower extremity
ISIC_2578355,IL_7406040,Malignant,BCC,dermoscopic,65.0,male,
ISIC_2580507,IL_6681910,Malignant,BCC,clinical: close-up,70.0,male,upper extremity
ISIC_2580974,IL_6687595,Malignant,AKIEC,dermoscopic,65.0,male,
ISIC_2585061,IL_1105307,Benign,NV,clinical: close-up,45.0,male,upper extremity
ISIC_2585669,IL_9592947,Indeterminate,AKIEC,dermoscopic,80.0,male,
ISIC_2586707,IL_2740967,Malignant,MEL,dermoscopic,35.0,female,head/neck
ISIC_2590426,IL_1397522,Malignant,BCC,dermoscopic,70.0,female,lower extremity
ISIC_2591258,IL_4783389,Benign,NV,dermoscopic,25.0,female,
ISIC_2591806,IL_1752453,Malignant,BCC,clinical: close-up,85.0,male,lower extremity
ISIC_2593896,IL_3486066,Malignant,AKIEC,clinical: close-up,85.0,male,head/neck
ISIC_2595169,IL_0753013,Malignant,BCC,clinical: close-up,80.0,male,upper extremity
ISIC_2597603,IL_7625524,Malignant,BCC,dermoscopic,50.0,male,
ISIC_2598537,IL_6441506,Malignant,MEL,dermoscopic,55.0,male,
ISIC_2598676,IL_8861890,Malignant,BCC,clinical: close-up,65.0,male,
ISIC_2601487,IL_1981700,Malignant,BCC,dermoscopic,85.0,male,
ISIC_2601688,IL_7913818,Malignant,SCCKA,dermoscopic,55.0,female,lower extremity
ISIC_2604430,IL_0331680,Malignant,MEL,dermoscopic,70.0,male,
ISIC_2608885,IL_7749709,Malignant,SCCKA,dermoscopic,60.0,female,upper extremity
ISIC_2611090,IL_3038127,Malignant,BCC,clinical: close-up,60.0,female,
ISIC_2612910,IL_2553098,Malignant,BCC,dermoscopic,60.0,male,lower extremity
ISIC_2614337,IL_9489343,Malignant,MEL,clinical: close-up,65.0,male,head/neck
ISIC_2615324,IL_6370707,Benign,BKL,dermoscopic,75.0,male,lower extremity
ISIC_2616471,IL_9013007,Malignant,BCC,dermoscopic,50.0,female,lower extremity
ISIC_2620132,IL_2200466,Malignant,MEL,dermoscopic,65.0,male,
ISIC_2620875,IL_2222251,Benign,NV,clinical: close-up,40.0,male,
ISIC_2621421,IL_4100089,Benign,NV,dermoscopic,40.0,male,
ISIC_2621700,IL_4055680,Malignant,BCC,clinical: close-up,65.0,male,upper extremity
ISIC_2625621,IL_4340188,Malignant,BCC,dermoscopic,55.0,male,
ISIC_2627340,IL_6888709,Malignant,BCC,dermoscopic,70.0,male,head/neck
ISIC_2628667,IL_7257166,Malignant,BCC,dermoscopic,75.0,female,upper extremity
ISIC_2631859,IL_6004102,Malignant,MEL,dermoscopic,55.0,female,head/neck
ISIC_2633032,IL_5928623,Benign,BKL,dermoscopic,60.0,male,head/neck
ISIC_2633246,IL_4334005,Malignant,BCC,clinical: close-up,60.0,male,
ISIC_2642475,IL_1997703,Benign,NV,dermoscopic,70.0,female,lower extremity
ISIC_2642915,IL_2652500,Malignant,SCCKA,clinical: close-up,75.0,male,upper extremity
ISIC_2645530,IL_1418796,Benign,BKL,dermoscopic,75.0,female,upper extremity
ISIC_2645906,IL_9504116,Malignant,BCC,clinical: close-up,80.0,male,head/neck
ISIC_2646200,IL_4978975,Malignant,BCC,dermoscopic,70.0,male,head/neck
ISIC_2647192,IL_9453273,Malignant,BCC,dermoscopic,55.0,male,head/neck
ISIC_2649421,IL_8618190,Malignant,SCCKA,clinical: close-up,65.0,male,head/neck
ISIC_2650378,IL_3204310,Malignant,MEL,clinical: close-up,45.0,female,lower extremity
ISIC_2650547,IL_9513774,Malignant,BCC,dermoscopic,75.0,male,upper extremity
ISIC_2651140,IL_4402177,Malignant,BCC,dermoscopic,75.0,male,upper extremity
ISIC_2654339,IL_0982091,Malignant,BCC,dermoscopic,45.0,male,head/neck
ISIC_2655630,IL_8613876,Malignant,BCC,clinical: close-up,45.0,female,head/neck
ISIC_2655730,IL_8073547,Benign,BKL,dermoscopic,70.0,male,lower extremity
ISIC_2657415,IL_4316869,Malignant,BCC,dermoscopic,70.0,male,
ISIC_2659768,IL_6867211,Malignant,BCC,clinical: close-up,60.0,male,upper extremity
ISIC_2665761,IL_9300549,Malignant,MEL,clinical: close-up,45.0,female,upper extremity
ISIC_2667471,IL_1575936,Malignant,BCC,clinical: close-up,75.0,female,head/neck
ISIC_2668678,IL_6389219,Malignant,AKIEC,clinical: close-up,85.0,male,head/neck
ISIC_2669811,IL_5931575,Malignant,BCC,dermoscopic,75.0,female,upper extremity
ISIC_2671356,IL_1118259,Malignant,BCC,dermoscopic,65.0,male,upper extremity
ISIC_2671519,IL_5156328,Malignant,BCC,clinical: close-up,55.0,male,
ISIC_2673443,IL_9936896,Benign,NV,dermoscopic,30.0,female,
ISIC_2677713,IL_5631172,Benign,DF,clinical: close-up,45.0,male,
ISIC_2683795,IL_7746701,Malignant,BCC,dermoscopic,70.0,male,head/neck
ISIC_2684838,IL_1404122,Benign,NV,clinical: close-up,15.0,male,
ISIC_2685248,IL_3702520,Malignant,BCC,clinical: close-up,65.0,female,
ISIC_2687321,IL_2326241,Malignant,BCC,clinical: close-up,65.0,female,
ISIC_2689339,IL_3452976,Malignant,BCC,dermoscopic,85.0,male,lower extremity
ISIC_2689544,IL_2783925,Malignant,BCC,dermoscopic,70.0,female,
ISIC_2695360,IL_0404248,Benign,BKL,dermoscopic,80.0,male,upper extremity
ISIC_2696043,IL_5122434,Malignant,BCC,clinical: close-up,50.0,male,
ISIC_2696566,IL_2851891,Benign,NV,clinical: close-up,20.0,female,head/neck
ISIC_2698174,IL_3487572,Malignant,SCCKA,dermoscopic,85.0,male,head/neck
ISIC_2700916,IL_9032748,Malignant,AKIEC,clinical: close-up,55.0,female,upper extremity
ISIC_2702984,IL_5278264,Benign,BKL,dermoscopic,80.0,male,head/neck
ISIC_2704901,IL_4312486,Malignant,SCCKA,clinical: close-up,70.0,female,lower extremity
ISIC_2708483,IL_4902054,Benign,NV,clinical: close-up,55.0,female,head/neck
ISIC_2709383,IL_3065400,Malignant,MEL,clinical: close-up,70.0,male,
ISIC_2710214,IL_0694902,Benign,VASC,clinical: close-up,10.0,female,
ISIC_2711142,IL_1948146,Malignant,BCC,clinical: close-up,70.0,female,head/neck
ISIC_2712947,IL_1963304,Malignant,SCCKA,clinical: close-up,60.0,female,lower extremity
ISIC_2713587,IL_2237445,Benign,NV,dermoscopic,30.0,female,upper extremity
ISIC_2716264,IL_2407358,Benign,BKL,dermoscopic,75.0,female,
ISIC_2716900,IL_1496554,Malignant,SCCKA,dermoscopic,80.0,male,lower extremity
ISIC_2721569,IL_8994019,Benign,NV,clinical: close-up,40.0,male,
ISIC_2730868,IL_2072035,Malignant,BCC,dermoscopic,55.0,male,
ISIC_2731321,IL_7928790,Malignant,SCCKA,dermoscopic,65.0,female,head/neck
ISIC_2733266,IL_2514915,Benign,BKL,clinical: close-up,75.0,female,lower extremity
ISIC_2733454,IL_6049551,Malignant,BCC,dermoscopic,40.0,female,
ISIC_2734876,IL_3596093,Malignant,BCC,clinical: close-up,65.0,male,
ISIC_2735511,IL_4836988,Benign,BKL,dermoscopic,60.0,male,
ISIC_2735653,IL_8022344,Malignant,BCC,dermoscopic,70.0,male,head/neck
ISIC_2736195,IL_8401805,Malignant,BCC,clinical: close-up,45.0,male,
ISIC_2738904,IL_5040782,Benign,BKL,dermoscopic,60.0,female,lower extremity
ISIC_2741027,IL_0246907,Malignant,SCCKA,dermoscopic,75.0,female,upper extremity
ISIC_2741156,IL_4744956,Malignant,BCC,dermoscopic,85.0,male,upper extremity
ISIC_2744921,IL_6356650,Malignant,BCC,clinical: close-up,45.0,female,head/neck
ISIC_2744993,IL_3944714,Malignant,BCC,dermoscopic,75.0,female,
ISIC_2747596,IL_3453159,Malignant,BCC,dermoscopic,60.0,male,head/neck
ISIC_2748624,IL_7980891,Malignant,BCC,dermoscopic,70.0,male,upper extremity
ISIC_2751556,IL_5287694,Malignant,BCC,dermoscopic,65.0,male,
ISIC_2752768,IL_9878565,Malignant,MEL,dermoscopic,55.0,male,
ISIC_2752952,IL_6752385,Benign,NV,clinical: close-up,30.0,female,
ISIC_2755460,IL_0226639,Malignant,BCC,dermoscopic,85.0,male,lower extremity
ISIC_2755934,IL_3252153,Benign,VASC,clinical: close-up,70.0,male,upper extremity
ISIC_2756327,IL_0469511,Benign,NV,clinical: close-up,40.0,female,
ISIC_2758033,IL_5260419,Malignant,SCCKA,clinical: close-up,60.0,male,head/neck
ISIC_2759533,IL_7340563,Malignant,MAL_OTH,dermoscopic,60.0,male,
ISIC_2763588,IL_4918829,Malignant,BCC,dermoscopic,75.0,male,
ISIC_2764511,IL_1744975,Malignant,BCC,dermoscopic,70.0,male,lower extremity
ISIC_2766210,IL_6806231,Benign,NV,clinical: close-up,50.0,female,upper extremity
ISIC_2767026,IL_7287548,Malignant,BCC,clinical: close-up,55.0,male,head/neck
ISIC_2768555,IL_0026510,Malignant,SCCKA,dermoscopic,75.0,female,head/neck
ISIC_2768681,IL_4376551,Benign,NV,clinical: close-up,75.0,female,head/neck
ISIC_2770352,IL_7443254,Malignant,BCC,dermoscopic,55.0,male,
ISIC_2770547,IL_3581501,Malignant,BCC,clinical: close-up,50.0,male,upper extremity
ISIC_2770868,IL_9708256,Malignant,SCCKA,dermoscopic,70.0,male,lower extremity
ISIC_2771215,IL_6972994,Benign,BKL,clinical: close-up,85.0,male,
ISIC_2772998,IL_4855362,Malignant,BCC,clinical: close-up,45.0,female,
ISIC_2774941,IL_4365113,Malignant,BCC,clinical: close-up,85.0,female,upper extremity
ISIC_2775534,IL_9324505,Benign,NV,dermoscopic,60.0,male,head/neck
ISIC_2775686,IL_3518875,Malignant,BCC,clinical: close-up,60.0,male,lower extremity
ISIC_2777762,IL_0732764,Benign,BKL,dermoscopic,70.0,female,head/neck
ISIC_2785273,IL_8262115,Malignant,BCC,clinical: close-up,75.0,female,
ISIC_2786202,IL_2610875,Malignant,BCC,clinical: close-up,70.0,female,upper extremity
ISIC_2790154,IL_5490327,Malignant,BCC,clinical: close-up,85.0,male,
ISIC_2793180,IL_7297013,Malignant,MEL,dermoscopic,70.0,female,lower extremity
ISIC_2794417,IL_4061949,Benign,NV,clinical: close-up,5.0,male,
ISIC_2794614,IL_5154622,Benign,NV,clinical: close-up,60.0,male,
ISIC_2795308,IL_6481536,Benign,NV,dermoscopic,45.0,female,lower extremity
ISIC_2796878,IL_1595494,Benign,BKL,dermoscopic,80.0,male,
ISIC_2799124,IL_0169358,Benign,BKL,dermoscopic,55.0,male,
ISIC_2799788,IL_9588248,Malignant,BCC,dermoscopic,45.0,male,head/neck
ISIC_2800738,IL_9584761,Malignant,BCC,clinical: close-up,70.0,male,upper extremity
ISIC_2802992,IL_1846294,Malignant,BCC,clinical: close-up,85.0,female,
ISIC_2803954,IL_9091693,Malignant,BCC,dermoscopic,40.0,female,
ISIC_2804242,IL_4072310,Benign,NV,dermoscopic,45.0,male,
ISIC_2808502,IL_7749709,Malignant,SCCKA,clinical: close-up,60.0,female,upper extremity
ISIC_2809795,IL_0480697,Malignant,BCC,clinical: close-up,85.0,male,head/neck
ISIC_2811259,IL_3044887,Benign,NV,clinical: close-up,35.0,female,lower extremity
ISIC_2812513,IL_4618514,Benign,NV,dermoscopic,,female,head/neck
ISIC_2817890,IL_5882272,Malignant,SCCKA,clinical: close-up,75.0,female,head/neck
ISIC_2818418,IL_6296094,Malignant,BCC,dermoscopic,60.0,male,
ISIC_2818434,IL_8684310,Malignant,BCC,clinical: close-up,50.0,male,
ISIC_2821063,IL_6995800,Malignant,BCC,dermoscopic,50.0,female,head/neck
ISIC_2822341,IL_5472522,Benign,BKL,dermoscopic,45.0,female,lower extremity
ISIC_2823934,IL_2531904,Benign,BKL,clinical: close-up,60.0,female,head/neck
ISIC_2824759,IL_1394947,Malignant,BCC,dermoscopic,70.0,female,head/neck
ISIC_2826846,IL_2965012,Malignant,BCC,dermoscopic,75.0,male,
ISIC_2827957,IL_3256866,Malignant,SCCKA,clinical: close-up,85.0,male,head/neck
ISIC_2828400,IL_9275908,Malignant,BCC,clinical: close-up,45.0,male,upper extremity
ISIC_2832798,IL_3627285,Benign,NV,dermoscopic,70.0,male,
ISIC_2832853,IL_1361358,Malignant,BCC,dermoscopic,60.0,female,upper extremity
ISIC_2833179,IL_9575395,Malignant,BCC,dermoscopic,65.0,female,upper extremity
ISIC_2833803,IL_9701930,Malignant,BCC,clinical: close-up,65.0,male,head/neck
ISIC_2835239,IL_6970769,Indeterminate,AKIEC,clinical: close-up,55.0,male,
ISIC_2835261,IL_4405494,Benign,NV,clinical: close-up,50.0,male,lower extremity
ISIC_2838288,IL_9783662,Malignant,BCC,clinical: close-up,50.0,male,head/neck
ISIC_2839422,IL_3824420,Benign,NV,clinical: close-up,35.0,male,
ISIC_2839614,IL_8572700,Malignant,BCC,dermoscopic,80.0,male,head/neck
ISIC_2842565,IL_4484576,Malignant,BCC,dermoscopic,65.0,male,head/neck
ISIC_2843665,IL_5733908,Malignant,MEL,dermoscopic,35.0,female,head/neck
ISIC_2845349,IL_3151519,Malignant,MEL,clinical: close-up,55.0,male,
ISIC_2845706,IL_5580548,Malignant,SCCKA,dermoscopic,75.0,male,lower extremity
ISIC_2846004,IL_9344336,Benign,DF,dermoscopic,50.0,female,lower extremity
ISIC_2846074,IL_9707582,Malignant,BCC,clinical: close-up,70.0,male,
ISIC_2846120,IL_3938261,Malignant,BCC,clinical: close-up,40.0,male,
ISIC_2846167,IL_1313145,Benign,BKL,dermoscopic,55.0,male,
ISIC_2846740,IL_2103836,Benign,DF,clinical: close-up,70.0,male,lower extremity
ISIC_2847750,IL_1225900,Malignant,BCC,dermoscopic,55.0,male,head/neck
ISIC_2848199,IL_9353548,Malignant,BCC,clinical: close-up,75.0,female,head/neck
ISIC_2848487,IL_6609864,Benign,NV,dermoscopic,70.0,male,
ISIC_2851725,IL_1242369,Malignant,MEL,dermoscopic,80.0,male,
ISIC_2854469,IL_9325305,Malignant,BCC,dermoscopic,70.0,female,head/neck
ISIC_2855373,IL_9157359,Malignant,SCCKA,clinical: close-up,65.0,female,head/neck
ISIC_2855847,IL_4410437,Malignant,BCC,clinical: close-up,80.0,female,upper extremity
ISIC_2857248,IL_7237834,Malignant,BCC,dermoscopic,55.0,male,lower extremity
ISIC_2861255,IL_5359337,Malignant,BCC,clinical: close-up,60.0,female,
ISIC_2861892,IL_3644739,Benign,NV,dermoscopic,85.0,male,
ISIC_2864613,IL_5197264,Malignant,BCC,dermoscopic,70.0,male,head/neck
ISIC_2866672,IL_7749892,Benign,DF,dermoscopic,50.0,male,lower extremity
ISIC_2866719,IL_7281878,Malignant,BCC,dermoscopic,65.0,male,
ISIC_2868896,IL_2482896,Benign,DF,dermoscopic,45.0,female,lower extremity
ISIC_2869678,IL_2714840,Malignant,BCC,clinical: close-up,70.0,female,lower extremity
ISIC_2869987,IL_6040962,Malignant,AKIEC,clinical: close-up,60.0,female,upper extremity
ISIC_2870164,IL_3339713,Benign,NV,clinical: close-up,60.0,male,
ISIC_2872052,IL_2096474,Malignant,SCCKA,dermoscopic,50.0,male,head/neck
ISIC_2873444,IL_2663991,Malignant,SCCKA,dermoscopic,60.0,male,lower extremity
ISIC_2873569,IL_4320336,Benign,NV,clinical: close-up,50.0,male,
ISIC_2874145,IL_5709126,Malignant,BCC,clinical: close-up,75.0,male,
ISIC_2876063,IL_4566979,Benign,INF,clinical: close-up,70.0,female,lower extremity
ISIC_2877008,IL_2466872,Malignant,BCC,clinical: close-up,65.0,female,
ISIC_2877235,IL_5631172,Benign,DF,dermoscopic,45.0,male,
ISIC_2878962,IL_0963446,Malignant,BCC,clinical: close-up,65.0,female,head/neck
ISIC_2879057,IL_1799297,Malignant,MEL,dermoscopic,70.0,male,
ISIC_2882147,IL_6784777,Malignant,BCC,clinical: close-up,50.0,female,head/neck
ISIC_2886495,IL_9556887,Benign,BKL,dermoscopic,75.0,female,lower extremity
ISIC_2887419,IL_7925495,Malignant,BCC,clinical: close-up,60.0,male,head/neck
ISIC_2888616,IL_6004998,Benign,INF,dermoscopic,40.0,male,head/neck
ISIC_2889500,IL_3656714,Malignant,BCC,clinical: close-up,85.0,male,
ISIC_2891509,IL_3242715,Malignant,BCC,dermoscopic,75.0,male,
ISIC_2891524,IL_6692380,Malignant,AKIEC,clinical: close-up,65.0,male,head/neck
ISIC_2891861,IL_8805142,Benign,BKL,clinical: close-up,65.0,female,head/neck
ISIC_2892335,IL_4932041,Benign,BKL,clinical: close-up,85.0,female,head/neck
ISIC_2893311,IL_2470162,Benign,BKL,dermoscopic,60.0,male,
ISIC_2894216,IL_9358381,Benign,NV,dermoscopic,15.0,female,head/neck
ISIC_2897284,IL_4641417,Malignant,BCC,dermoscopic,55.0,male,head/neck
ISIC_2900527,IL_5535772,Malignant,BCC,clinical: close-up,75.0,male,upper extremity
ISIC_2900622,IL_8618190,Malignant,SCCKA,dermoscopic,65.0,male,head/neck
ISIC_2900811,IL_9150101,Malignant,BCC,clinical: close-up,40.0,male,head/neck
ISIC_2902367,IL_5493547,Malignant,SCCKA,dermoscopic,80.0,male,head/neck
ISIC_2903873,IL_1140654,Malignant,BCC,clinical: close-up,70.0,female,
ISIC_2905836,IL_0761074,Malignant,BCC,dermoscopic,60.0,female,
ISIC_2906597,IL_1752331,Malignant,BCC,clinical: close-up,85.0,male,head/neck
ISIC_2907125,IL_7604860,Benign,BKL,dermoscopic,45.0,female,upper extremity
ISIC_2907780,IL_2714840,Malignant,BCC,dermoscopic,70.0,female,lower extremity
ISIC_2909896,IL_6920562,Malignant,BCC,clinical: close-up,55.0,female,
ISIC_2912041,IL_9471621,Benign,NV,dermoscopic,35.0,female,
ISIC_2913187,IL_0262433,Indeterminate,AKIEC,dermoscopic,70.0,male,head/neck
ISIC_2914456,IL_3884933,Malignant,BCC,dermoscopic,45.0,male,head/neck
ISIC_2915213,IL_4726113,Malignant,BCC,clinical: close-up,70.0,female,upper extremity
ISIC_2915605,IL_2096357,Malignant,BCC,clinical: close-up,50.0,male,upper extremity
ISIC_2916022,IL_3608971,Malignant,BCC,dermoscopic,55.0,male,
ISIC_2917647,IL_9734938,Malignant,BCC,clinical: close-up,55.0,male,upper extremity
ISIC_2918081,IL_7237859,Benign,NV,dermoscopic,65.0,male,
ISIC_2919752,IL_1544139,Malignant,SCCKA,dermoscopic,50.0,male,
ISIC_2920020,IL_8954957,Malignant,BCC,clinical: close-up,50.0,female,lower extremity
ISIC_2921012,IL_9428549,Malignant,AKIEC,dermoscopic,45.0,male,
ISIC_2923050,IL_9801115,Malignant,SCCKA,dermoscopic,75.0,female,lower extremity
ISIC_2925612,IL_8823164,Malignant,BCC,dermoscopic,70.0,male,head/neck
ISIC_2925746,IL_8401362,Benign,NV,dermoscopic,40.0,male,
ISIC_2926418,IL_7940673,Malignant,MEL,dermoscopic,45.0,male,
ISIC_2926621,IL_0618534,Benign,NV,clinical: close-up,35.0,female,
ISIC_2927179,IL_8657794,Malignant,SCCKA,dermoscopic,60.0,male,upper extremity
ISIC_2930366,IL_1320390,Malignant,MEL,dermoscopic,55.0,male,
ISIC_2930478,IL_5562402,Malignant,BCC,clinical: close-up,70.0,male,
ISIC_2936914,IL_7744787,Malignant,MEL,clinical: close-up,40.0,female,lower extremity
ISIC_2944762,IL_0030541,Malignant,BCC,clinical: close-up,60.0,male,
ISIC_2948051,IL_3966322,Benign,DF,clinical: close-up,75.0,male,lower extremity
ISIC_2950662,IL_3600941,Malignant,BCC,dermoscopic,60.0,female,upper extremity
ISIC_2950781,IL_8454481,Malignant,BCC,clinical: close-up,70.0,female,lower extremity
ISIC_2952204,IL_6940421,Malignant,BCC,dermoscopic,75.0,male,
ISIC_2953977,IL_8760239,Malignant,BCC,clinical: close-up,85.0,female,head/neck
ISIC_2956882,IL_3252703,Malignant,MEL,clinical: close-up,60.0,male,
ISIC_2959395,IL_9191697,Malignant,MEL,dermoscopic,40.0,male,lower extremity
ISIC_2961262,IL_5725802,Benign,NV,dermoscopic,55.0,male,lower extremity
ISIC_2961437,IL_6677993,Benign,NV,dermoscopic,55.0,male,head/neck
ISIC_2962014,IL_9840660,Benign,DF,dermoscopic,25.0,male,lower extremity
ISIC_2963084,IL_9489343,Malignant,MEL,dermoscopic,65.0,male,head/neck
ISIC_2963181,IL_3358821,Benign,BKL,clinical: close-up,40.0,male,head/neck
ISIC_2964078,IL_9349173,Benign,NV,clinical: close-up,35.0,female,lower extremity
ISIC_2965800,IL_6197231,Malignant,BCC,clinical: close-up,75.0,female,head/neck
ISIC_2968192,IL_5762747,Malignant,BCC,clinical: close-up,50.0,male,lower extremity
ISIC_2968300,IL_4245376,Malignant,BCC,clinical: close-up,30.0,female,
ISIC_2970872,IL_7768823,Benign,NV,clinical: close-up,80.0,male,
ISIC_2973118,IL_7744889,Malignant,BCC,dermoscopic,80.0,female,lower extremity
ISIC_2973605,IL_6536248,Malignant,BCC,dermoscopic,70.0,male,
ISIC_2973607,IL_8880456,Benign,NV,dermoscopic,35.0,female,upper extremity
ISIC_2975261,IL_0719888,Malignant,BCC,dermoscopic,45.0,male,upper extremity
ISIC_2976358,IL_2803011,Benign,BKL,dermoscopic,70.0,male,
ISIC_2978483,IL_0009339,Malignant,BCC,clinical: close-up,70.0,male,
ISIC_2984850,IL_6660320,Benign,INF,clinical: close-up,50.0,female,
ISIC_2987893,IL_2454267,Malignant,SCCKA,clinical: close-up,85.0,male,upper extremity
ISIC_2988309,IL_4511689,Malignant,BCC,clinical: close-up,65.0,male,
ISIC_2989365,IL_4701281,Benign,NV,dermoscopic,40.0,male,
ISIC_2991167,IL_2707653,Malignant,BCC,dermoscopic,65.0,female,lower extremity
ISIC_2992927,IL_4732392,Benign,NV,clinical: close-up,65.0,male,
ISIC_2993047,IL_5281501,Malignant,BCC,dermoscopic,55.0,male,upper extremity
ISIC_2993511,IL_6458200,Malignant,BCC,clinical: close-up,80.0,female,head/neck
ISIC_2994689,IL_8509050,Malignant,BCC,clinical: close-up,45.0,male,lower extremity
ISIC_2995621,IL_4491344,Malignant,SCCKA,dermoscopic,70.0,male,lower extremity
ISIC_2996843,IL_7770574,Benign,NV,dermoscopic,30.0,female,
ISIC_2998511,IL_7360885,Malignant,SCCKA,clinical: close-up,80.0,female,lower extremity
ISIC_2999230,IL_9463449,Benign,NV,clinical: close-up,45.0,male,
ISIC_3002045,IL_1529488,Malignant,BCC,dermoscopic,75.0,female,head/neck
ISIC_3003493,IL_4693876,Benign,NV,clinical: close-up,45.0,female,lower extremity
ISIC_3004699,IL_0586975,Malignant,AKIEC,dermoscopic,45.0,female,head/neck
ISIC_3004974,IL_3226127,Malignant,BCC,clinical: close-up,70.0,male,head/neck
ISIC_3005181,IL_5901848,Malignant,BCC,dermoscopic,70.0,male,head/neck
ISIC_3006692,IL_5979205,Benign,NV,dermoscopic,45.0,male,
ISIC_3011551,IL_8028208,Malignant,BCC,dermoscopic,55.0,male,lower extremity
ISIC_3011830,IL_2080493,Malignant,BCC,clinical: close-up,75.0,male,upper extremity
ISIC_3012180,IL_9186164,Benign,NV,clinical: close-up,30.0,male,
ISIC_3013323,IL_9173728,Malignant,BCC,clinical: close-up,55.0,female,upper extremity
ISIC_3014842,IL_4686156,Benign,VASC,dermoscopic,80.0,male,lower extremity
ISIC_3015060,IL_0143868,Malignant,SCCKA,clinical: close-up,75.0,male,lower extremity
ISIC_3015606,IL_4932041,Benign,BKL,dermoscopic,85.0,female,head/neck
ISIC_3020708,IL_3161525,Malignant,BCC,clinical: close-up,80.0,female,lower extremity
ISIC_3021033,IL_1610839,Malignant,BCC,clinical: close-up,65.0,female,
ISIC_3022005,IL_8678010,Malignant,BCC,dermoscopic,65.0,male,
ISIC_3022090,IL_2308802,Malignant,BCC,clinical: close-up,85.0,female,
ISIC_3022261,IL_7232351,Malignant,BCC,dermoscopic,65.0,female,lower extremity
ISIC_3023055,IL_7041328,Malignant,BCC,dermoscopic,50.0,female,head/neck
ISIC_3023198,IL_5857700,Malignant,SCCKA,dermoscopic,75.0,female,head/neck
ISIC_3023607,IL_2041854,Malignant,BCC,dermoscopic,60.0,male,
ISIC_3024107,IL_5770532,Benign,NV,clinical: close-up,50.0,female,head/neck
ISIC_3027737,IL_0486973,Malignant,BCC,dermoscopic,55.0,male,lower extremity
ISIC_3028893,IL_1293344,Malignant,BCC,dermoscopic,85.0,male,lower extremity
ISIC_3032522,IL_7644986,Malignant,BCC,dermoscopic,55.0,male,lower extremity
ISIC_3032936,IL_8623276,Benign,NV,dermoscopic,10.0,female,lower extremity
ISIC_3032983,IL_2321044,Malignant,AKIEC,dermoscopic,50.0,female,
ISIC_3033593,IL_6831423,Benign,BKL,clinical: close-up,75.0,male,upper extremity
ISIC_3033732,IL_4644252,Benign,NV,dermoscopic,40.0,female,lower extremity
ISIC_3034326,IL_9265331,Benign,BKL,clinical: close-up,60.0,male,
ISIC_3034439,IL_1653926,Malignant,BCC,dermoscopic,70.0,male,
ISIC_3034620,IL_0446787,Malignant,MEL,clinical: close-up,40.0,female,lower extremity
ISIC_3037508,IL_2816298,Malignant,BCC,clinical: close-up,60.0,female,head/neck
ISIC_3037740,IL_7133935,Benign,NV,clinical: close-up,20.0,male,lower extremity
ISIC_3039458,IL_3398129,Malignant,BCC,clinical: close-up,85.0,male,head/neck
ISIC_3039673,IL_0957907,Malignant,SCCKA,clinical: close-up,85.0,female,upper extremity
ISIC_3042149,IL_8500079,Malignant,BCC,clinical: close-up,50.0,male,
ISIC_3042275,IL_8825058,Malignant,SCCKA,dermoscopic,65.0,male,lower extremity
ISIC_3043432,IL_6950574,Malignant,SCCKA,clinical: close-up,75.0,female,head/neck
ISIC_3045023,IL_5961668,Benign,NV,clinical: close-up,45.0,female,
ISIC_3045387,IL_3568904,Malignant,BCC,dermoscopic,70.0,female,
ISIC_3045477,IL_5704362,Malignant,AKIEC,clinical: close-up,70.0,male,upper extremity
ISIC_3045480,IL_0465605,Malignant,MEL,dermoscopic,60.0,male,
ISIC_3046799,IL_6481233,Benign,BKL,clinical: close-up,70.0,male,
ISIC_3048228,IL_2315755,Malignant,MEL,dermoscopic,45.0,female,lower extremity
ISIC_3049767,IL_9755215,Malignant,BCC,dermoscopic,65.0,male,
ISIC_3050024,IL_9353548,Malignant,BCC,dermoscopic,75.0,female,head/neck
ISIC_3050113,IL_9991953,Malignant,MEL,clinical: close-up,70.0,male,
ISIC_3053943,IL_6448360,Benign,NV,clinical: close-up,40.0,female,
ISIC_3057675,IL_0208925,Malignant,SCCKA,clinical: close-up,60.0,male,head/neck
ISIC_3059704,IL_4618514,Benign,NV,clinical: close-up,,female,head/neck
ISIC_3062370,IL_6455878,Malignant,BCC,dermoscopic,60.0,female,head/neck
ISIC_3063587,IL_4865476,Malignant,BCC,dermoscopic,50.0,male,
ISIC_3064112,IL_1765810,Indeterminate,AKIEC,dermoscopic,60.0,male,lower extremity
ISIC_3066491,IL_9375676,Malignant,MEL,dermoscopic,70.0,male,head/neck
ISIC_3067376,IL_6687584,Malignant,SCCKA,clinical: close-up,70.0,male,upper extremity
ISIC_3070466,IL_4924418,Malignant,MEL,dermoscopic,70.0,female,head/neck
ISIC_3072008,IL_9767273,Malignant,BCC,dermoscopic,65.0,female,
ISIC_3072984,IL_6850540,Benign,BKL,clinical: close-up,55.0,female,head/neck
ISIC_3080695,IL_2463656,Benign,NV,clinical: close-up,45.0,male,
ISIC_3082193,IL_2908166,Benign,BKL,clinical: close-up,55.0,male,
ISIC_3082676,IL_9367343,Malignant,BCC,clinical: close-up,65.0,male,head/neck
ISIC_3083384,IL_6249500,Malignant,BCC,dermoscopic,75.0,male,
ISIC_3083566,IL_8083531,Malignant,BCC,clinical: close-up,45.0,male,
ISIC_3085694,IL_3090203,Benign,BEN_OTH,dermoscopic,60.0,male,head/neck
ISIC_3088033,IL_4149051,Malignant,BCC,dermoscopic,60.0,male,
ISIC_3090517,IL_5415624,Malignant,MEL,dermoscopic,75.0,female,head/neck
ISIC_3091817,IL_4561520,Benign,NV,clinical: close-up,,male,head/neck
ISIC_3093760,IL_7627926,Malignant,AKIEC,clinical: close-up,65.0,male,lower extremity
ISIC_3094215,IL_1286984,Benign,NV,dermoscopic,15.0,female,
ISIC_3094600,IL_8788016,Malignant,BCC,dermoscopic,60.0,male,head/neck
ISIC_3095773,IL_8316366,Malignant,BCC,clinical: close-up,75.0,male,
ISIC_3100024,IL_3673617,Malignant,BCC,clinical: close-up,75.0,male,head/neck
ISIC_3100293,IL_2433161,Malignant,MEL,clinical: close-up,50.0,male,
ISIC_3101169,IL_7459473,Benign,BKL,dermoscopic,40.0,male,
ISIC_3102604,IL_8581964,Malignant,BCC,clinical: close-up,60.0,female,lower extremity
ISIC_3102873,IL_2228452,Malignant,BCC,clinical: close-up,60.0,female,lower extremity
ISIC_3103579,IL_1734179,Malignant,MEL,dermoscopic,65.0,female,upper extremity
ISIC_3103756,IL_1020269,Malignant,BCC,dermoscopic,65.0,female,
ISIC_3105211,IL_6119017,Benign,NV,dermoscopic,30.0,male,
ISIC_3115412,IL_5074054,Benign,BKL,clinical: close-up,65.0,male,
ISIC_3117423,IL_3096857,Malignant,BCC,dermoscopic,65.0,female,
ISIC_3118860,IL_2211543,Malignant,BCC,dermoscopic,65.0,female,head/neck
ISIC_3120412,IL_6145906,Malignant,BCC,dermoscopic,60.0,female,upper extremity
ISIC_3122081,IL_8813361,Malignant,SCCKA,dermoscopic,70.0,male,upper extremity
ISIC_3122147,IL_7717192,Malignant,BCC,dermoscopic,60.0,male,
ISIC_3125449,IL_7532219,Malignant,BCC,clinical: close-up,85.0,male,
ISIC_3127974,IL_0808722,Malignant,AKIEC,dermoscopic,55.0,female,head/neck
ISIC_3138874,IL_9067051,Malignant,BCC,dermoscopic,70.0,female,upper extremity
ISIC_3140203,IL_7975365,Benign,BKL,dermoscopic,70.0,male,upper extremity
ISIC_3140817,IL_8273782,Malignant,MEL,clinical: close-up,75.0,male,
ISIC_3145046,IL_7602134,Benign,BKL,clinical: close-up,75.0,male,head/neck
ISIC_3147082,IL_8157640,Malignant,BCC,dermoscopic,85.0,male,upper extremity
ISIC_3148471,IL_9644820,Malignant,AKIEC,dermoscopic,65.0,male,
ISIC_3151108,IL_7602662,Malignant,BCC,dermoscopic,75.0,female,
ISIC_3155654,IL_2988717,Benign,BKL,dermoscopic,85.0,male,upper extremity
ISIC_3156175,IL_3577604,Malignant,BCC,clinical: close-up,65.0,male,
ISIC_3158315,IL_1042146,Malignant,BCC,dermoscopic,55.0,female,upper extremity
ISIC_3159993,IL_7252139,Benign,BKL,clinical: close-up,65.0,male,upper extremity
ISIC_3162480,IL_4588055,Benign,NV,clinical: close-up,70.0,male,
ISIC_3162488,IL_9180123,Benign,NV,dermoscopic,65.0,female,lower extremity
ISIC_3163093,IL_3052148,Malignant,BCC,dermoscopic,65.0,male,head/neck
ISIC_3166154,IL_6295133,Malignant,BCC,clinical: close-up,80.0,male,
ISIC_3167280,IL_5655863,Malignant,BCC,clinical: close-up,75.0,female,
ISIC_3168049,IL_6829628,Benign,VASC,clinical: close-up,35.0,male,head/neck
ISIC_3173642,IL_4581879,Benign,BKL,dermoscopic,70.0,female,
ISIC_3175480,IL_0076523,Benign,BKL,dermoscopic,60.0,male,
ISIC_3175640,IL_9958247,Malignant,MEL,clinical: close-up,75.0,male,
ISIC_3175755,IL_0076383,Benign,BKL,dermoscopic,70.0,female,head/neck
ISIC_3178739,IL_8784837,Malignant,SCCKA,dermoscopic,45.0,female,head/neck
ISIC_3178945,IL_1393586,Malignant,AKIEC,dermoscopic,45.0,male,upper extremity
ISIC_3179593,IL_7724286,Benign,BKL,clinical: close-up,40.0,male,
ISIC_3181599,IL_4425238,Indeterminate,AKIEC,clinical: close-up,85.0,female,head/neck
ISIC_3185613,IL_7744889,Malignant,BCC,clinical: close-up,80.0,female,lower extremity
ISIC_3187803,IL_8019185,Malignant,BCC,dermoscopic,50.0,female,
ISIC_3188102,IL_4567076,Malignant,BCC,clinical: close-up,65.0,male,
ISIC_3189171,IL_4576519,Benign,BKL,clinical: close-up,70.0,male,
ISIC_3190111,IL_4196586,Malignant,BCC,clinical: close-up,50.0,female,head/neck
ISIC_3191236,IL_8574394,Benign,BKL,clinical: close-up,50.0,female,lower extremity
ISIC_3192193,IL_5444067,Malignant,SCCKA,dermoscopic,85.0,male,upper extremity
ISIC_3193023,IL_5334978,Malignant,SCCKA,clinical: close-up,70.0,female,lower extremity
ISIC_3195835,IL_1097416,Malignant,MEL,clinical: close-up,65.0,female,lower extremity
ISIC_3198901,IL_8093153,Malignant,BCC,clinical: close-up,70.0,male,
ISIC_3199091,IL_0285359,Malignant,SCCKA,dermoscopic,85.0,male,
ISIC_3201153,IL_8596118,Malignant,BCC,dermoscopic,65.0,female,upper extremity
ISIC_3202131,IL_4032285,Malignant,BCC,dermoscopic,50.0,male,
ISIC_3203799,IL_7154137,Malignant,SCCKA,dermoscopic,50.0,male,head/neck
ISIC_3204093,IL_3319164,Malignant,AKIEC,dermoscopic,85.0,male,upper extremity
ISIC_3208305,IL_9379211,Malignant,BCC,dermoscopic,60.0,male,lower extremity
ISIC_3208971,IL_2974900,Malignant,BCC,clinical: close-up,70.0,male,
ISIC_3210379,IL_9179021,Malignant,BCC,dermoscopic,55.0,female,lower extremity
ISIC_3211369,IL_1361358,Malignant,BCC,clinical: close-up,60.0,female,upper extremity
ISIC_3211851,IL_8240829,Benign,NV,dermoscopic,50.0,male,
ISIC_3217731,IL_8650948,Malignant,SCCKA,clinical: close-up,45.0,male,
ISIC_3220453,IL_7867833,Indeterminate,AKIEC,clinical: close-up,75.0,male,head/neck
ISIC_3220827,IL_2058691,Malignant,BCC,clinical: close-up,75.0,male,
ISIC_3224359,IL_6752385,Benign,NV,dermoscopic,30.0,female,
ISIC_3231371,IL_9166527,Malignant,BCC,clinical: close-up,70.0,male,head/neck
ISIC_3233781,IL_2066626,Malignant,BCC,clinical: close-up,50.0,female,head/neck
ISIC_3235332,IL_2704222,Malignant,BCC,dermoscopic,60.0,male,
ISIC_3237120,IL_5930295,Malignant,BCC,clinical: close-up,65.0,male,lower extremity
ISIC_3242637,IL_5190686,Malignant,SCCKA,clinical: close-up,65.0,female,head/neck
ISIC_3244506,IL_3503825,Malignant,MEL,clinical: close-up,20.0,male,
ISIC_3247057,IL_8612216,Malignant,BCC,dermoscopic,70.0,female,upper extremity
ISIC_3248418,IL_9229110,Malignant,MEL,dermoscopic,70.0,male,upper extremity
ISIC_3248460,IL_7825676,Malignant,SCCKA,clinical: close-up,65.0,male,head/neck
ISIC_3251194,IL_4715886,Malignant,BCC,clinical: close-up,70.0,female,
ISIC_3251490,IL_2868524,Malignant,BCC,clinical: close-up,70.0,male,
ISIC_3252559,IL_0967073,Malignant,SCCKA,dermoscopic,70.0,male,head/neck
ISIC_3253665,IL_2442202,Malignant,SCCKA,clinical: close-up,75.0,male,head/neck
ISIC_3255507,IL_3052148,Malignant,BCC,clinical: close-up,65.0,male,head/neck
ISIC_3259871,IL_2433161,Malignant,MEL,dermoscopic,50.0,male,
ISIC_3261040,IL_1874719,Benign,BKL,clinical: close-up,70.0,male,head/neck
ISIC_3261212,IL_2307206,Malignant,BCC,clinical: close-up,50.0,male,upper extremity
ISIC_3262933,IL_2201077,Benign,NV,clinical: close-up,30.0,female,lower extremity
ISIC_3265547,IL_1752453,Malignant,BCC,dermoscopic,85.0,male,lower extremity
ISIC_3265655,IL_8224521,Malignant,SCCKA,dermoscopic,65.0,male,upper extremity
ISIC_3265817,IL_1141889,Benign,BKL,dermoscopic,80.0,male,head/neck
ISIC_3265828,IL_1418796,Benign,BKL,clinical: close-up,75.0,female,upper extremity
ISIC_3266019,IL_0203121,Malignant,BCC,clinical: close-up,70.0,female,upper extremity
ISIC_3267303,IL_9127211,Malignant,BCC,dermoscopic,30.0,female,
ISIC_3267363,IL_3186878,Benign,NV,dermoscopic,35.0,female,head/neck
ISIC_3268800,IL_3249139,Malignant,MEL,dermoscopic,25.0,male,
ISIC_3269390,IL_7933617,Malignant,SCCKA,clinical: close-up,55.0,male,head/neck
ISIC_3272276,IL_0069690,Malignant,BCC,clinical: close-up,50.0,male,
ISIC_3273746,IL_1046735,Malignant,BCC,clinical: close-up,75.0,female,head/neck
ISIC_3277520,IL_3772690,Malignant,SCCKA,clinical: close-up,65.0,female,lower extremity
ISIC_3277541,IL_5835931,Malignant,BCC,dermoscopic,55.0,male,
ISIC_3280000,IL_9871748,Malignant,BCC,dermoscopic,50.0,male,lower extremity
ISIC_3281875,IL_2163482,Malignant,BCC,dermoscopic,55.0,female,
ISIC_3284065,IL_8168935,Malignant,BCC,clinical: close-up,55.0,male,
ISIC_3284822,IL_9734690,Benign,BKL,clinical: close-up,60.0,male,
ISIC_3287000,IL_5160108,Malignant,BCC,clinical: close-up,80.0,female,head/neck
ISIC_3288032,IL_0772858,Benign,NV,dermoscopic,50.0,female,upper extremity
ISIC_3288726,IL_7230035,Malignant,MEL,clinical: close-up,50.0,male,
ISIC_3289736,IL_1264405,Benign,NV,clinical: close-up,25.0,male,head/neck
ISIC_3290113,IL_4203522,Malignant,BCC,clinical: close-up,80.0,female,
ISIC_3295711,IL_1173774,Malignant,BCC,clinical: close-up,65.0,female,head/neck
ISIC_3297304,IL_3660517,Malignant,BCC,clinical: close-up,85.0,male,head/neck
ISIC_3298684,IL_2369272,Malignant,BCC,clinical: close-up,50.0,female,
ISIC_3298769,IL_5880830,Malignant,BCC,clinical: close-up,55.0,male,head/neck
ISIC_3300164,IL_6179190,Malignant,BCC,clinical: close-up,70.0,male,head/neck
ISIC_3301517,IL_9439639,Malignant,MEL,clinical: close-up,60.0,female,head/neck
ISIC_3302093,IL_6585247,Malignant,BCC,dermoscopic,55.0,male,
ISIC_3302562,IL_7438148,Malignant,BCC,dermoscopic,50.0,male,
ISIC_3302639,IL_3576775,Malignant,BCC,clinical: close-up,80.0,male,head/neck
ISIC_3303065,IL_1075637,Benign,BEN_OTH,dermoscopic,40.0,male,
ISIC_3303508,IL_8918294,Malignant,BCC,clinical: close-up,70.0,male,head/neck
ISIC_3303900,IL_1330840,Malignant,BCC,clinical: close-up,85.0,male,head/neck
ISIC_3304492,IL_1724111,Malignant,BCC,clinical: close-up,50.0,male,head/neck
ISIC_3304699,IL_1379461,Malignant,BCC,dermoscopic,30.0,male,head/neck
ISIC_3305736,IL_4259572,Malignant,BCC,clinical: close-up,65.0,female,upper extremity
ISIC_3306172,IL_9630385,Malignant,MEL,clinical: close-up,35.0,male,
ISIC_3306550,IL_7440371,Benign,NV,clinical: close-up,40.0,female,head/neck
ISIC_3307579,IL_0894322,Malignant,BCC,dermoscopic,65.0,male,upper extremity
ISIC_3308043,IL_9106162,Malignant,BCC,clinical: close-up,55.0,female,
ISIC_3309783,IL_9193873,Malignant,BCC,clinical: close-up,40.0,female,
ISIC_3310439,IL_4628159,Malignant,BCC,clinical: close-up,65.0,male,lower extremity
ISIC_3317235,IL_6228849,Malignant,BCC,dermoscopic,65.0,male,lower extremity
ISIC_3317643,IL_6502535,Benign,BKL,dermoscopic,65.0,female,upper extremity
ISIC_3318403,IL_8188380,Malignant,BCC,clinical: close-up,70.0,female,head/neck
ISIC_3318576,IL_5236788,Benign,BKL,clinical: close-up,80.0,female,head/neck
ISIC_3320667,IL_4826540,Malignant,MEL,dermoscopic,75.0,male,head/neck
ISIC_3322515,IL_7713182,Benign,NV,dermoscopic,15.0,male,head/neck
ISIC_3326999,IL_8508107,Malignant,BCC,clinical: close-up,85.0,male,head/neck
ISIC_3327928,IL_5795869,Malignant,MEL,dermoscopic,65.0,female,head/neck
ISIC_3327943,IL_2172033,Malignant,BCC,dermoscopic,60.0,male,head/neck
ISIC_3328629,IL_1571488,Malignant,BCC,clinical: close-up,75.0,male,
ISIC_3329063,IL_1831903,Malignant,BCC,clinical: close-up,75.0,female,
ISIC_3331148,IL_8569852,Malignant,BCC,dermoscopic,70.0,male,upper extremity
ISIC_3331894,IL_7689829,Malignant,BCC,clinical: close-up,60.0,male,head/neck
ISIC_3331939,IL_0308354,Malignant,BCC,clinical: close-up,80.0,male,
ISIC_3336908,IL_3334554,Malignant,MEL,dermoscopic,25.0,female,
ISIC_3337707,IL_0317980,Malignant,BCC,clinical: close-up,65.0,female,upper extremity
ISIC_3338902,IL_2166765,Benign,BKL,clinical: close-up,15.0,female,lower extremity
ISIC_3343865,IL_3570537,Indeterminate,AKIEC,dermoscopic,65.0,male,head/neck
ISIC_3344319,IL_3550428,Malignant,BCC,dermoscopic,55.0,female,lower extremity
ISIC_3346679,IL_7197131,Malignant,BCC,dermoscopic,75.0,male,
ISIC_3347493,IL_1495229,Malignant,BCC,dermoscopic,55.0,female,upper extremity
ISIC_3349058,IL_4212984,Malignant,BCC,dermoscopic,55.0,male,head/neck
ISIC_3349986,IL_9608485,Benign,NV,clinical: close-up,30.0,male,
ISIC_3354653,IL_4624720,Indeterminate,AKIEC,dermoscopic,80.0,male,head/neck
ISIC_3355310,IL_4913494,Benign,BKL,clinical: close-up,85.0,female,upper extremity
ISIC_3356573,IL_5045775,Benign,VASC,dermoscopic,70.0,female,lower extremity
ISIC_3357525,IL_3060691,Malignant,BCC,dermoscopic,40.0,male,head/neck
ISIC_3357576,IL_6362018,Malignant,BCC,dermoscopic,55.0,male,upper extremity
ISIC_3360186,IL_6599749,Benign,NV,dermoscopic,25.0,female,
ISIC_3361208,IL_3368963,Malignant,BCC,dermoscopic,25.0,male,upper extremity
ISIC_3362091,IL_7173573,Benign,NV,dermoscopic,35.0,female,
ISIC_3366370,IL_1894858,Malignant,BCC,clinical: close-up,50.0,female,upper extremity
ISIC_3368184,IL_7653735,Malignant,BCC,clinical: close-up,40.0,female,upper extremity
ISIC_3368269,IL_0257486,Benign,NV,clinical: close-up,20.0,male,head/neck
ISIC_3369700,IL_0636154,Benign,BKL,clinical: close-up,55.0,male,
ISIC_3371218,IL_8383981,Malignant,BCC,clinical: close-up,60.0,female,lower extremity
ISIC_3375059,IL_9617690,Malignant,BCC,clinical: close-up,55.0,male,
ISIC_3379605,IL_9487035,Malignant,BCC,clinical: close-up,60.0,male,
ISIC_3384621,IL_4790856,Malignant,BCC,dermoscopic,70.0,male,
ISIC_3388002,IL_5821357,Benign,BKL,clinical: close-up,55.0,male,head/neck
ISIC_3389976,IL_1406578,Malignant,BCC,clinical: close-up,70.0,female,upper extremity
ISIC_3392380,IL_7749269,Malignant,BCC,dermoscopic,50.0,male,lower extremity
ISIC_3396463,IL_7825697,Malignant,MEL,dermoscopic,55.0,male,
ISIC_3396860,IL_8193590,Malignant,MEL,dermoscopic,70.0,male,head/neck
ISIC_3397320,IL_4392896,Benign,BKL,clinical: close-up,75.0,male,
ISIC_3397720,IL_2802715,Malignant,BCC,dermoscopic,75.0,male,head/neck
ISIC_3399647,IL_2545098,Benign,BKL,dermoscopic,60.0,male,
ISIC_3401124,IL_8339117,Malignant,BCC,dermoscopic,45.0,female,upper extremity
ISIC_3408569,IL_7504517,Malignant,SCCKA,clinical: close-up,65.0,male,lower extremity
ISIC_3408726,IL_1102266,Malignant,MEL,clinical: close-up,85.0,female,lower extremity
ISIC_3408779,IL_0177781,Malignant,BCC,dermoscopic,60.0,male,
ISIC_3411624,IL_5543989,Malignant,BCC,clinical: close-up,50.0,female,head/neck
ISIC_3414486,IL_5311441,Benign,DF,dermoscopic,50.0,male,lower extremity
ISIC_3416227,IL_1848591,Malignant,SCCKA,clinical: close-up,80.0,female,upper extremity
ISIC_3418246,IL_6600785,Malignant,SCCKA,dermoscopic,70.0,male,head/neck
ISIC_3420179,IL_3892342,Malignant,BCC,dermoscopic,75.0,female,head/neck
ISIC_3420842,IL_5992819,Benign,BKL,clinical: close-up,65.0,male,
ISIC_3425683,IL_3532115,Benign,BKL,dermoscopic,55.0,female,
ISIC_3428379,IL_1075637,Benign,BEN_OTH,clinical: close-up,40.0,male,
ISIC_3428486,IL_8462731,Indeterminate,AKIEC,dermoscopic,75.0,male,upper extremity
ISIC_3428806,IL_2791803,Benign,BKL,clinical: close-up,60.0,male,lower extremity
ISIC_3429549,IL_2171810,Malignant,SCCKA,dermoscopic,60.0,male,
ISIC_3430375,IL_2135126,Benign,BKL,clinical: close-up,65.0,female,upper extremity
ISIC_3430609,IL_2707139,Malignant,AKIEC,dermoscopic,80.0,female,
ISIC_3430932,IL_5954640,Benign,BKL,dermoscopic,70.0,male,head/neck
ISIC_3431903,IL_2450651,Benign,BKL,dermoscopic,65.0,female,head/neck
ISIC_3431989,IL_2291869,Benign,BKL,dermoscopic,60.0,male,
ISIC_3432012,IL_9899181,Malignant,BCC,dermoscopic,85.0,male,head/neck
ISIC_3433968,IL_1181749,Malignant,SCCKA,clinical: close-up,75.0,female,lower extremity
ISIC_3434316,IL_8102879,Benign,INF,dermoscopic,50.0,male,head/neck
ISIC_3436668,IL_8638873,Benign,NV,dermoscopic,65.0,male,
ISIC_3436899,IL_5672522,Malignant,BCC,clinical: close-up,60.0,female,lower extremity
ISIC_3439130,IL_6259285,Benign,BKL,clinical: close-up,45.0,male,
ISIC_3442516,IL_1313650,Malignant,SCCKA,clinical: close-up,50.0,male,upper extremity
ISIC_3444223,IL_2775597,Malignant,BCC,clinical: close-up,75.0,male,
ISIC_3445025,IL_5328388,Malignant,BCC,dermoscopic,75.0,male,head/neck
ISIC_3445231,IL_9230375,Malignant,BCC,dermoscopic,45.0,female,
ISIC_3446517,IL_3314266,Benign,BKL,clinical: close-up,75.0,female,lower extremity
ISIC_3447417,IL_3038127,Malignant,BCC,dermoscopic,60.0,female,
ISIC_3447732,IL_3974873,Malignant,BCC,clinical: close-up,80.0,male,
ISIC_3455310,IL_4400471,Malignant,MEL,dermoscopic,45.0,male,
ISIC_3456765,IL_8233032,Malignant,MEL,clinical: close-up,65.0,male,head/neck
ISIC_3456998,IL_3576775,Malignant,BCC,dermoscopic,80.0,male,head/neck
ISIC_3457455,IL_0784156,Malignant,BCC,dermoscopic,65.0,female,lower extremity
ISIC_3459198,IL_1558791,Malignant,BCC,clinical: close-up,80.0,male,head/neck
ISIC_3461504,IL_8108938,Malignant,BCC,clinical: close-up,50.0,male,lower extremity
ISIC_3462090,IL_2466652,Malignant,BCC,dermoscopic,65.0,female,lower extremity
ISIC_3462970,IL_1741364,Malignant,SCCKA,clinical: close-up,75.0,male,head/neck
ISIC_3466904,IL_9366811,Malignant,BCC,dermoscopic,50.0,male,head/neck
ISIC_3468250,IL_1151731,Malignant,BCC,dermoscopic,70.0,male,head/neck
ISIC_3468757,IL_0890305,Benign,NV,dermoscopic,60.0,male,
ISIC_3469093,IL_9106447,Benign,BKL,clinical: close-up,65.0,female,head/neck
ISIC_3469837,IL_1436809,Malignant,BCC,dermoscopic,65.0,male,
ISIC_3472228,IL_2176807,Malignant,BCC,dermoscopic,75.0,male,upper extremity
ISIC_3473807,IL_7869579,Malignant,BCC,dermoscopic,80.0,male,
ISIC_3475592,IL_9482395,Malignant,MEL,clinical: close-up,80.0,female,head/neck
ISIC_3477335,IL_4034865,Malignant,BCC,dermoscopic,45.0,male,
ISIC_3480499,IL_0451875,Malignant,BCC,dermoscopic,55.0,female,
ISIC_3480611,IL_9724863,Malignant,SCCKA,dermoscopic,75.0,male,head/neck
ISIC_3482213,IL_9784446,Malignant,BCC,clinical: close-up,60.0,male,head/neck
ISIC_3483575,IL_0106085,Malignant,BCC,clinical: close-up,65.0,male,
ISIC_3483843,IL_1735486,Malignant,BCC,clinical: close-up,60.0,male,head/neck
ISIC_3486312,IL_6291533,Malignant,MEL,dermoscopic,70.0,female,
ISIC_3487034,IL_7965758,Malignant,BCC,dermoscopic,55.0,male,
ISIC_3488397,IL_6077697,Benign,BKL,dermoscopic,70.0,female,
ISIC_3489676,IL_3146930,Malignant,BCC,dermoscopic,55.0,male,
ISIC_3489797,IL_1965425,Malignant,BCC,clinical: close-up,55.0,female,upper extremity
ISIC_3490874,IL_3248471,Malignant,BCC,clinical: close-up,70.0,female,
ISIC_3491198,IL_1166072,Malignant,BCC,clinical: close-up,65.0,male,
ISIC_3494719,IL_5173461,Malignant,BCC,dermoscopic,65.0,female,head/neck
ISIC_3496072,IL_1127308,Malignant,SCCKA,clinical: close-up,65.0,male,head/neck
ISIC_3496143,IL_0793725,Malignant,AKIEC,clinical: close-up,60.0,female,lower extremity
ISIC_3497836,IL_2413319,Malignant,BCC,clinical: close-up,50.0,male,
ISIC_3500227,IL_2682225,Malignant,SCCKA,dermoscopic,65.0,male,head/neck
ISIC_3501503,IL_7948272,Malignant,BCC,dermoscopic,70.0,female,lower extremity
ISIC_3503700,IL_9646137,Malignant,BCC,clinical: close-up,75.0,male,upper extremity
ISIC_3503789,IL_7727420,Malignant,SCCKA,clinical: close-up,65.0,male,
ISIC_3504270,IL_1311157,Malignant,BCC,dermoscopic,70.0,male,
ISIC_3505887,IL_6312892,Malignant,BCC,clinical: close-up,50.0,female,head/neck
ISIC_3508395,IL_9109267,Benign,NV,clinical: close-up,45.0,female,lower extremity
ISIC_3508606,IL_4966664,Benign,BKL,clinical: close-up,55.0,female,head/neck
ISIC_3508744,IL_9941677,Malignant,BCC,clinical: close-up,65.0,male,
ISIC_3511086,IL_6943696,Malignant,MEL,dermoscopic,55.0,male,
ISIC_3513821,IL_7071169,Indeterminate,AKIEC,dermoscopic,80.0,male,head/neck
ISIC_3515780,IL_3824420,Benign,NV,dermoscopic,35.0,male,
ISIC_3518967,IL_7987633,Malignant,BCC,dermoscopic,50.0,male,head/neck
ISIC_3519677,IL_6069436,Indeterminate,AKIEC,clinical: close-up,75.0,male,head/neck
ISIC_3521430,IL_1801069,Benign,NV,clinical: close-up,45.0,female,
ISIC_3522468,IL_3532115,Benign,BKL,clinical: close-up,55.0,female,
ISIC_3525463,IL_3176703,Malignant,BCC,clinical: close-up,50.0,female,lower extremity
ISIC_3526427,IL_6499920,Malignant,BCC,dermoscopic,60.0,male,
ISIC_3527498,IL_7209123,Malignant,BCC,dermoscopic,75.0,male,
ISIC_3530269,IL_9588248,Malignant,BCC,clinical: close-up,45.0,male,head/neck
ISIC_3531459,IL_4157363,Malignant,AKIEC,dermoscopic,55.0,male,head/neck
ISIC_3532225,IL_7864220,Malignant,AKIEC,clinical: close-up,85.0,female,lower extremity
ISIC_3532575,IL_8370192,Malignant,BCC,clinical: close-up,75.0,male,head/neck
ISIC_3535393,IL_6852784,Malignant,SCCKA,clinical: close-up,65.0,female,lower extremity
ISIC_3535882,IL_0927709,Malignant,MEL,dermoscopic,70.0,male,head/neck
ISIC_3536529,IL_8784837,Malignant,SCCKA,clinical: close-up,45.0,female,head/neck
ISIC_3537131,IL_5829281,Malignant,BCC,dermoscopic,65.0,female,lower extremity
ISIC_3538568,IL_0793725,Malignant,AKIEC,dermoscopic,60.0,female,lower extremity
ISIC_3539413,IL_3715792,Benign,NV,dermoscopic,55.0,male,
ISIC_3539795,IL_8574394,Benign,BKL,dermoscopic,50.0,female,lower extremity
ISIC_3540017,IL_1861760,Benign,DF,dermoscopic,55.0,female,lower extremity
ISIC_3540431,IL_2955250,Malignant,BCC,dermoscopic,70.0,male,
ISIC_3542359,IL_4308535,Malignant,AKIEC,clinical: close-up,45.0,female,upper extremity
ISIC_3543603,IL_2753111,Malignant,SCCKA,clinical: close-up,80.0,male,upper extremity
ISIC_3545744,IL_8735984,Benign,NV,dermoscopic,55.0,female,lower extremity
ISIC_3547942,IL_7790192,Malignant,BCC,dermoscopic,85.0,male,head/neck
ISIC_3553184,IL_9713334,Benign,DF,clinical: close-up,45.0,female,upper extremity
ISIC_3553315,IL_6498121,Malignant,BCC,dermoscopic,45.0,male,
ISIC_3555396,IL_0264320,Benign,BKL,dermoscopic,80.0,male,
ISIC_3560001,IL_6836938,Benign,NV,clinical: close-up,60.0,male,
ISIC_3562485,IL_0428893,Malignant,BCC,dermoscopic,70.0,male,
ISIC_3567360,IL_9940572,Benign,BKL,dermoscopic,80.0,male,lower extremity
ISIC_3570541,IL_8200270,Benign,VASC,dermoscopic,,female,
ISIC_3573447,IL_9126795,Malignant,BCC,clinical: close-up,65.0,male,upper extremity
ISIC_3573709,IL_7959059,Malignant,BCC,clinical: close-up,60.0,female,upper extremity
ISIC_3577401,IL_3464725,Malignant,BCC,clinical: close-up,60.0,male,
ISIC_3578286,IL_4444660,Malignant,MEL,dermoscopic,70.0,male,
ISIC_3581694,IL_3681350,Malignant,BCC,clinical: close-up,70.0,male,lower extremity
ISIC_3584546,IL_7898098,Malignant,BCC,clinical: close-up,65.0,female,
ISIC_3584809,IL_6660320,Benign,INF,dermoscopic,50.0,female,
ISIC_3585425,IL_0210304,Malignant,BCC,dermoscopic,70.0,male,lower extremity
ISIC_3585759,IL_9782859,Malignant,BCC,dermoscopic,55.0,female,lower extremity
ISIC_3587674,IL_3503825,Malignant,MEL,dermoscopic,20.0,male,
ISIC_3587898,IL_6860509,Benign,NV,dermoscopic,50.0,female,
ISIC_3589220,IL_0409175,Benign,NV,dermoscopic,45.0,male,
ISIC_3589795,IL_3836754,Malignant,BCC,clinical: close-up,75.0,female,lower extremity
ISIC_3590185,IL_0681349,Benign,NV,clinical: close-up,15.0,female,lower extremity
ISIC_3593419,IL_6060589,Malignant,BCC,dermoscopic,80.0,male,upper extremity
ISIC_3594514,IL_3204310,Malignant,MEL,dermoscopic,45.0,female,lower extremity
ISIC_3594638,IL_4344178,Benign,NV,dermoscopic,65.0,male,
ISIC_3595673,IL_0872966,Benign,NV,clinical: close-up,50.0,male,
ISIC_3596524,IL_8783670,Malignant,BCC,dermoscopic,60.0,female,lower extremity
ISIC_3599799,IL_6118153,Benign,NV,dermoscopic,45.0,male,
ISIC_3601726,IL_9904066,Malignant,BCC,clinical: close-up,60.0,male,upper extremity
ISIC_3602145,IL_7167860,Benign,INF,dermoscopic,45.0,male,head/neck
ISIC_3603310,IL_7620308,Benign,NV,clinical: close-up,40.0,male,
ISIC_3609001,IL_9403422,Malignant,BCC,dermoscopic,40.0,male,upper extremity
ISIC_3612044,IL_7619356,Benign,NV,dermoscopic,65.0,male,
ISIC_3614265,IL_5954640,Benign,BKL,clinical: close-up,70.0,male,head/neck
ISIC_3619795,IL_7550405,Malignant,BCC,clinical: close-up,75.0,male,head/neck
ISIC_3624913,IL_0004688,Malignant,BCC,dermoscopic,50.0,male,lower extremity
ISIC_3627147,IL_5842745,Malignant,AKIEC,dermoscopic,60.0,male,
ISIC_3627294,IL_0101784,Malignant,BCC,dermoscopic,55.0,male,head/neck
ISIC_3627368,IL_2988489,Malignant,BCC,clinical: close-up,75.0,male,
ISIC_3627672,IL_1844435,Malignant,MEL,dermoscopic,80.0,male,upper extremity
ISIC_3628532,IL_8083531,Malignant,BCC,dermoscopic,45.0,male,
ISIC_3631653,IL_4601924,Malignant,SCCKA,dermoscopic,50.0,male,upper extremity
ISIC_3636477,IL_6887782,Malignant,MEL,clinical: close-up,70.0,female,head/neck
ISIC_3636953,IL_0328020,Malignant,MEL,dermoscopic,65.0,male,
ISIC_3636991,IL_7755497,Benign,NV,dermoscopic,25.0,female,lower extremity
ISIC_3637593,IL_9607410,Malignant,BCC,dermoscopic,75.0,male,head/neck
ISIC_3638194,IL_6481274,Malignant,BCC,clinical: close-up,75.0,male,head/neck
ISIC_3639193,IL_4918224,Benign,BKL,clinical: close-up,45.0,male,upper extremity
ISIC_3642409,IL_7281878,Malignant,BCC,clinical: close-up,65.0,male,
ISIC_3643046,IL_2357169,Benign,BKL,clinical: close-up,55.0,female,head/neck
ISIC_3644082,IL_7871086,Malignant,BCC,dermoscopic,55.0,female,head/neck
ISIC_3644112,IL_0817869,Benign,NV,clinical: close-up,35.0,male,upper extremity
ISIC_3645026,IL_6921814,Benign,INF,clinical: close-up,65.0,female,
ISIC_3651770,IL_0858380,Malignant,MEL,clinical: close-up,55.0,male,
ISIC_3653173,IL_1175883,Indeterminate,AKIEC,clinical: close-up,85.0,female,head/neck
ISIC_3656292,IL_8312438,Malignant,MEL,clinical: close-up,25.0,male,lower extremity
ISIC_3657842,IL_1392309,Malignant,BCC,clinical: close-up,60.0,male,
ISIC_3658823,IL_3347593,Malignant,BCC,dermoscopic,65.0,female,
ISIC_3659324,IL_6582258,Malignant,SCCKA,dermoscopic,65.0,male,head/neck
ISIC_3661021,IL_9846683,Malignant,BCC,clinical: close-up,55.0,male,
ISIC_3661670,IL_4676732,Benign,BKL,dermoscopic,65.0,male,head/neck
ISIC_3663283,IL_6421981,Malignant,BCC,dermoscopic,65.0,female,
ISIC_3666002,IL_4609095,Malignant,SCCKA,dermoscopic,50.0,male,upper extremity
ISIC_3666907,IL_6322271,Benign,NV,dermoscopic,10.0,male,
ISIC_3669176,IL_9943627,Malignant,BCC,dermoscopic,70.0,female,head/neck
ISIC_3669322,IL_2381359,Benign,NV,clinical: close-up,70.0,male,
ISIC_3670069,IL_8339852,Malignant,MEL,dermoscopic,30.0,female,lower extremity
ISIC_3672764,IL_4974594,Benign,DF,clinical: close-up,75.0,female,lower extremity
ISIC_3672849,IL_0769866,Malignant,BCC,clinical: close-up,60.0,female,lower extremity
ISIC_3673916,IL_3160431,Benign,NV,dermoscopic,25.0,female,head/neck
ISIC_3675883,IL_7480471,Indeterminate,AKIEC,dermoscopic,35.0,male,
ISIC_3676848,IL_1671392,Benign,NV,clinical: close-up,40.0,male,
ISIC_3679455,IL_5844694,Malignant,BCC,clinical: close-up,75.0,male,
ISIC_3683640,IL_2305001,Malignant,BCC,clinical: close-up,70.0,male,
ISIC_3685267,IL_8165717,Benign,NV,dermoscopic,40.0,male,
ISIC_3685271,IL_8890453,Benign,NV,clinical: close-up,25.0,male,lower extremity
ISIC_3687721,IL_1434019,Benign,NV,dermoscopic,30.0,female,head/neck
ISIC_3688627,IL_3489580,Malignant,BCC,clinical: close-up,55.0,male,
ISIC_3688805,IL_7510888,Malignant,BCC,dermoscopic,50.0,female,
ISIC_3689711,IL_4885447,Malignant,SCCKA,dermoscopic,55.0,male,upper extremity
ISIC_3690079,IL_4850244,Benign,BKL,clinical: close-up,55.0,female,lower extremity
ISIC_3691801,IL_9871188,Malignant,BCC,dermoscopic,65.0,male,
ISIC_3693749,IL_2875964,Malignant,BCC,clinical: close-up,55.0,male,head/neck
ISIC_3694172,IL_3562985,Malignant,SCCKA,clinical: close-up,60.0,male,lower extremity
ISIC_3694700,IL_3982685,Benign,NV,clinical: close-up,45.0,male,lower extremity
ISIC_3698441,IL_4522594,Malignant,MEL,dermoscopic,55.0,male,
ISIC_3701587,IL_0149726,Malignant,MEL,clinical: close-up,70.0,male,
ISIC_3705057,IL_8209280,Malignant,SCCKA,dermoscopic,55.0,female,
ISIC_3707347,IL_1187197,Benign,BKL,clinical: close-up,50.0,female,
ISIC_3708334,IL_1655830,Benign,BKL,dermoscopic,55.0,male,head/neck
ISIC_3709727,IL_1001591,Malignant,MEL,dermoscopic,80.0,female,head/neck
ISIC_3712412,IL_5129613,Malignant,BCC,dermoscopic,65.0,female,head/neck
ISIC_3715527,IL_2568881,Malignant,BCC,clinical: close-up,50.0,male,head/neck
ISIC_3716373,IL_7361410,Benign,NV,clinical: close-up,40.0,male,
ISIC_3717176,IL_0873874,Malignant,BCC,dermoscopic,60.0,male,lower extremity
ISIC_3719395,IL_7759035,Malignant,BCC,clinical: close-up,70.0,female,head/neck
ISIC_3719515,IL_9783995,Benign,VASC,clinical: close-up,20.0,female,
ISIC_3720143,IL_9667838,Benign,NV,dermoscopic,35.0,female,
ISIC_3721391,IL_8296810,Malignant,BCC,dermoscopic,50.0,female,head/neck
ISIC_3722054,IL_2156585,Malignant,SCCKA,dermoscopic,75.0,female,head/neck
ISIC_3723692,IL_8562914,Malignant,BCC,clinical: close-up,80.0,male,head/neck
ISIC_3724648,IL_2679001,Malignant,BCC,clinical: close-up,55.0,female,
ISIC_3727735,IL_4186726,Benign,NV,dermoscopic,50.0,male,
ISIC_3729094,IL_4050441,Malignant,BCC,clinical: close-up,70.0,male,head/neck
ISIC_3729865,IL_4600654,Malignant,BCC,dermoscopic,60.0,female,lower extremity
ISIC_3733902,IL_3462420,Malignant,BCC,dermoscopic,65.0,male,head/neck
ISIC_3734095,IL_4106945,Benign,NV,dermoscopic,50.0,male,
ISIC_3734574,IL_0199785,Malignant,SCCKA,clinical: close-up,45.0,male,lower extremity
ISIC_3735182,IL_4384125,Malignant,BCC,dermoscopic,60.0,female,head/neck
ISIC_3736563,IL_5482289,Benign,DF,clinical: close-up,55.0,male,lower extremity
ISIC_3736605,IL_6052093,Malignant,MEL,clinical: close-up,70.0,female,lower extremity
ISIC_3737700,IL_6182849,Malignant,BCC,dermoscopic,65.0,female,lower extremity
ISIC_3740957,IL_5555860,Malignant,BCC,clinical: close-up,40.0,female,lower extremity
ISIC_3741929,IL_7727942,Malignant,BCC,dermoscopic,80.0,female,
ISIC_3743625,IL_7657935,Benign,NV,clinical: close-up,70.0,male,
ISIC_3748464,IL_8595325,Benign,NV,clinical: close-up,60.0,male,
ISIC_3748838,IL_7510888,Malignant,BCC,clinical: close-up,50.0,female,
ISIC_3750787,IL_3104790,Malignant,BCC,dermoscopic,65.0,male,
ISIC_3760355,IL_4137661,Malignant,SCCKA,dermoscopic,50.0,male,upper extremity
ISIC_3762115,IL_8007348,Malignant,BCC,dermoscopic,50.0,male,
ISIC_3763694,IL_3492716,Malignant,BCC,clinical: close-up,55.0,male,
ISIC_3765070,IL_3560124,Benign,NV,clinical: close-up,40.0,male,
ISIC_3765481,IL_6016722,Malignant,BCC,dermoscopic,65.0,male,head/neck
ISIC_3769575,IL_4538075,Malignant,AKIEC,clinical: close-up,45.0,male,upper extremity
ISIC_3769921,IL_9592947,Indeterminate,AKIEC,clinical: close-up,80.0,male,
ISIC_3770337,IL_6369658,Malignant,BCC,dermoscopic,85.0,male,
ISIC_3770484,IL_8993407,Malignant,BCC,clinical: close-up,75.0,female,head/neck
ISIC_3772519,IL_6344914,Benign,NV,dermoscopic,40.0,female,
ISIC_3773277,IL_6084278,Malignant,MEL,dermoscopic,65.0,male,
ISIC_3774225,IL_7181510,Malignant,BCC,dermoscopic,65.0,male,lower extremity
ISIC_3774678,IL_2674026,Malignant,BCC,clinical: close-up,50.0,male,
ISIC_3776721,IL_5042712,Malignant,BCC,clinical: close-up,85.0,male,
ISIC_3779625,IL_6527343,Malignant,MEL,dermoscopic,60.0,male,
ISIC_3782736,IL_9992890,Malignant,BCC,dermoscopic,85.0,male,lower extremity
ISIC_3782771,IL_0364539,Malignant,BCC,dermoscopic,75.0,male,lower extremity
ISIC_3785074,IL_3211477,Malignant,BCC,clinical: close-up,65.0,male,head/neck
ISIC_3788301,IL_4429856,Malignant,SCCKA,dermoscopic,85.0,male,
ISIC_3788562,IL_3660517,Malignant,BCC,dermoscopic,85.0,male,head/neck
ISIC_3788989,IL_7523112,Malignant,BCC,dermoscopic,55.0,male,lower extremity
ISIC_3789914,IL_2925087,Malignant,AKIEC,dermoscopic,60.0,male,
ISIC_3791559,IL_4708897,Malignant,BCC,dermoscopic,70.0,female,lower extremity
ISIC_3794620,IL_3205547,Benign,BKL,dermoscopic,75.0,male,
ISIC_3810251,IL_2307206,Malignant,BCC,dermoscopic,50.0,male,upper extremity
ISIC_3814826,IL_9529350,Malignant,SCCKA,clinical: close-up,55.0,male,lower extremity
ISIC_3817961,IL_7938649,Malignant,BCC,clinical: close-up,70.0,male,lower extremity
ISIC_3818502,IL_4115404,Malignant,AKIEC,clinical: close-up,85.0,female,lower extremity
ISIC_3818927,IL_0107208,Malignant,BCC,dermoscopic,50.0,male,head/neck
ISIC_3820500,IL_0864051,Malignant,BCC,dermoscopic,40.0,male,head/neck
ISIC_3822340,IL_5832073,Benign,BKL,dermoscopic,50.0,male,upper extremity
ISIC_3822722,IL_3638399,Benign,BKL,dermoscopic,70.0,female,
ISIC_3824264,IL_9617690,Malignant,BCC,dermoscopic,55.0,male,
ISIC_3824638,IL_6297949,Malignant,BCC,clinical: close-up,65.0,male,
ISIC_3825679,IL_5744385,Benign,BKL,dermoscopic,80.0,male,head/neck
ISIC_3826563,IL_7126907,Malignant,BCC,dermoscopic,60.0,male,head/neck
ISIC_3827392,IL_7130960,Benign,NV,clinical: close-up,55.0,male,
ISIC_3830454,IL_6449615,Benign,INF,clinical: close-up,70.0,male,upper extremity
ISIC_3830802,IL_6923101,Benign,BKL,clinical: close-up,65.0,male,head/neck
ISIC_3831165,IL_5439022,Benign,NV,dermoscopic,65.0,male,
ISIC_3831969,IL_6052166,Malignant,SCCKA,clinical: close-up,70.0,male,head/neck
ISIC_3833952,IL_1509760,Malignant,BCC,clinical: close-up,85.0,female,head/neck
ISIC_3836165,IL_4130663,Malignant,BCC,dermoscopic,65.0,male,lower extremity
ISIC_3836648,IL_7725832,Benign,NV,dermoscopic,50.0,female,upper extremity
ISIC_3837734,IL_6297949,Malignant,BCC,dermoscopic,65.0,male,
ISIC_3838800,IL_5566169,Benign,NV,clinical: close-up,5.0,male,head/neck
ISIC_3838940,IL_6014318,Malignant,BCC,clinical: close-up,70.0,female,
ISIC_3841279,IL_0532409,Malignant,BCC,clinical: close-up,80.0,female,head/neck
ISIC_3843458,IL_0218048,Malignant,MEL,clinical: close-up,45.0,female,upper extremity
ISIC_3845941,IL_0211480,Malignant,BCC,clinical: close-up,65.0,female,
ISIC_3846189,IL_2812139,Malignant,BCC,clinical: close-up,70.0,female,
ISIC_3846256,IL_3673617,Malignant,BCC,dermoscopic,75.0,male,head/neck
ISIC_3852303,IL_9724863,Malignant,SCCKA,clinical: close-up,75.0,male,head/neck
ISIC_3852630,IL_7555285,Benign,BKL,dermoscopic,65.0,female,head/neck
ISIC_3861977,IL_0432633,Malignant,BCC,dermoscopic,75.0,male,upper extremity
ISIC_3865889,IL_2328752,Malignant,BCC,clinical: close-up,75.0,male,head/neck
ISIC_3866655,IL_1139231,Benign,NV,dermoscopic,55.0,male,
ISIC_3869104,IL_1120917,Benign,NV,dermoscopic,35.0,male,
ISIC_3869200,IL_7570811,Malignant,BCC,dermoscopic,65.0,male,
ISIC_3869672,IL_6980799,Malignant,BCC,dermoscopic,70.0,male,head/neck
ISIC_3871156,IL_3077425,Benign,NV,clinical: close-up,35.0,male,
ISIC_3875460,IL_9565456,Malignant,BCC,clinical: close-up,75.0,male,
ISIC_3877894,IL_1313145,Benign,BKL,clinical: close-up,55.0,male,
ISIC_3881302,IL_8644938,Malignant,SCCKA,clinical: close-up,65.0,male,upper extremity
ISIC_3884851,IL_8293673,Benign,NV,clinical: close-up,55.0,male,
ISIC_3885903,IL_1871141,Malignant,AKIEC,clinical: close-up,65.0,female,lower extremity
ISIC_3887050,IL_0882854,Malignant,AKIEC,dermoscopic,55.0,male,head/neck
ISIC_3888868,IL_7257549,Malignant,BCC,dermoscopic,60.0,female,
ISIC_3890513,IL_1886112,Malignant,MEL,clinical: close-up,65.0,male,
ISIC_3892467,IL_5289239,Malignant,SCCKA,clinical: close-up,75.0,male,
ISIC_3902457,IL_1595828,Benign,BKL,clinical: close-up,70.0,male,head/neck
ISIC_3905088,IL_9265331,Benign,BKL,dermoscopic,60.0,male,
ISIC_3905157,IL_8892581,Malignant,SCCKA,dermoscopic,80.0,male,lower extremity
ISIC_3905379,IL_0770948,Malignant,SCCKA,clinical: close-up,80.0,female,lower extremity
ISIC_3905888,IL_1824943,Malignant,SCCKA,dermoscopic,80.0,female,
ISIC_3906432,IL_1030535,Malignant,BCC,clinical: close-up,70.0,female,upper extremity
ISIC_3906498,IL_8324569,Benign,BKL,clinical: close-up,40.0,male,
ISIC_3906512,IL_7678083,Benign,BKL,dermoscopic,70.0,male,head/neck
ISIC_3908025,IL_9984758,Malignant,BCC,clinical: close-up,70.0,male,
ISIC_3908138,IL_0185297,Malignant,BCC,clinical: close-up,50.0,female,
ISIC_3909654,IL_2725320,Malignant,AKIEC,dermoscopic,70.0,male,lower extremity
ISIC_3910778,IL_9180227,Malignant,SCCKA,dermoscopic,75.0,male,upper extremity
ISIC_3911179,IL_8259171,Malignant,BCC,dermoscopic,85.0,male,head/neck
ISIC_3914025,IL_8003176,Malignant,SCCKA,clinical: close-up,70.0,male,upper extremity
ISIC_3916461,IL_4782455,Malignant,BCC,clinical: close-up,70.0,male,lower extremity
ISIC_3917002,IL_4970478,Malignant,BCC,dermoscopic,65.0,female,head/neck
ISIC_3917948,IL_7959059,Malignant,BCC,dermoscopic,60.0,female,upper extremity
ISIC_3918888,IL_0963446,Malignant,BCC,dermoscopic,65.0,female,head/neck
ISIC_3921610,IL_5407088,Malignant,BCC,clinical: close-up,60.0,male,
ISIC_3924227,IL_5328329,Malignant,BCC,clinical: close-up,75.0,male,head/neck
ISIC_3926968,IL_5154479,Malignant,BCC,dermoscopic,75.0,female,head/neck
ISIC_3928700,IL_3504341,Malignant,BCC,clinical: close-up,60.0,female,lower extremity
ISIC_3931577,IL_4653785,Malignant,MEL,dermoscopic,60.0,female,head/neck
ISIC_3932303,IL_3392979,Benign,NV,clinical: close-up,10.0,male,
ISIC_3933164,IL_9003508,Malignant,MEL,dermoscopic,75.0,male,
ISIC_3933356,IL_6832488,Benign,BEN_OTH,clinical: close-up,70.0,male,head/neck
ISIC_3935025,IL_9524761,Malignant,AKIEC,dermoscopic,65.0,male,head/neck
ISIC_3935952,IL_4682243,Malignant,BCC,clinical: close-up,80.0,male,
ISIC_3938095,IL_6847653,Malignant,BCC,dermoscopic,45.0,female,upper extremity
ISIC_3939868,IL_5311399,Malignant,BCC,clinical: close-up,75.0,female,
ISIC_3942613,IL_0765772,Malignant,BCC,dermoscopic,55.0,male,
ISIC_3943289,IL_5765069,Malignant,BCC,clinical: close-up,65.0,female,upper extremity
ISIC_3945160,IL_0087252,Benign,BKL,dermoscopic,75.0,male,lower extremity
ISIC_3945933,IL_5482289,Benign,DF,dermoscopic,55.0,male,lower extremity
ISIC_3955799,IL_9878565,Malignant,MEL,clinical: close-up,55.0,male,
ISIC_3957660,IL_0588456,Malignant,MEL,dermoscopic,55.0,female,upper extremity
ISIC_3959129,IL_9998211,Benign,NV,dermoscopic,70.0,male,
ISIC_3959224,IL_0765772,Malignant,BCC,clinical: close-up,55.0,male,
ISIC_3959713,IL_9749729,Malignant,BCC,dermoscopic,70.0,male,
ISIC_3961758,IL_7631753,Malignant,BCC,clinical: close-up,70.0,male,
ISIC_3962666,IL_8111694,Benign,BKL,clinical: close-up,55.0,male,head/neck
ISIC_3963646,IL_4865412,Malignant,BCC,clinical: close-up,65.0,male,
ISIC_3966507,IL_0387029,Malignant,MEL,clinical: close-up,35.0,male,
ISIC_3967417,IL_3340189,Malignant,BCC,dermoscopic,70.0,female,upper extremity
ISIC_3967970,IL_8748283,Malignant,BCC,clinical: close-up,75.0,male,head/neck
ISIC_3968898,IL_9753632,Malignant,BCC,dermoscopic,55.0,male,
ISIC_3970730,IL_2935658,Benign,NV,clinical: close-up,70.0,male,lower extremity
ISIC_3973393,IL_7417538,Malignant,MEL,clinical: close-up,70.0,male,
ISIC_3974637,IL_7273243,Benign,NV,clinical: close-up,40.0,female,head/neck
ISIC_3974863,IL_8569852,Malignant,BCC,clinical: close-up,70.0,male,upper extremity
ISIC_3974904,IL_6281110,Malignant,BCC,dermoscopic,60.0,female,head/neck
ISIC_3977951,IL_3836672,Malignant,MEL,clinical: close-up,55.0,male,head/neck
ISIC_3981334,IL_5769609,Malignant,BCC,clinical: close-up,70.0,female,lower extremity
ISIC_3981430,IL_0949755,Malignant,BCC,dermoscopic,65.0,female,
ISIC_3985588,IL_7769284,Malignant,BCC,clinical: close-up,85.0,male,lower extremity
ISIC_3986103,IL_5356677,Malignant,SCCKA,dermoscopic,85.0,male,head/neck
ISIC_3986538,IL_1846045,Malignant,BCC,dermoscopic,70.0,male,head/neck
ISIC_3991986,IL_2528819,Benign,NV,clinical: close-up,5.0,male,
ISIC_3994760,IL_1057711,Benign,NV,clinical: close-up,35.0,male,
ISIC_3995853,IL_6219839,Malignant,BCC,dermoscopic,50.0,male,upper extremity
ISIC_3999304,IL_4845726,Benign,NV,dermoscopic,50.0,female,lower extremity
ISIC_4004241,IL_7113968,Malignant,SCCKA,clinical: close-up,80.0,male,head/neck
ISIC_4005803,IL_9650319,Malignant,AKIEC,clinical: close-up,85.0,male,head/neck
ISIC_4009830,IL_4019349,Malignant,BCC,clinical: close-up,65.0,male,
ISIC_4013061,IL_5163548,Benign,NV,clinical: close-up,,male,lower extremity
ISIC_4013307,IL_3237666,Malignant,BCC,dermoscopic,50.0,male,lower extremity
ISIC_4013983,IL_9205436,Benign,VASC,clinical: close-up,20.0,male,head/neck
ISIC_4017835,IL_5858663,Malignant,AKIEC,clinical: close-up,70.0,female,
ISIC_4018978,IL_6665105,Indeterminate,AKIEC,clinical: close-up,75.0,male,upper extremity
ISIC_4019827,IL_3681350,Malignant,BCC,dermoscopic,70.0,male,lower extremity
ISIC_4020367,IL_0386446,Malignant,BCC,dermoscopic,70.0,male,
ISIC_4022483,IL_3771556,Benign,NV,dermoscopic,40.0,female,
ISIC_4022680,IL_8266554,Benign,NV,clinical: close-up,70.0,male,
ISIC_4025658,IL_5066256,Benign,BKL,dermoscopic,65.0,male,head/neck
ISIC_4026621,IL_8506800,Malignant,BCC,clinical: close-up,75.0,male,head/neck
ISIC_4026962,IL_3899436,Malignant,BCC,clinical: close-up,65.0,female,
ISIC_4030094,IL_0053198,Malignant,BCC,clinical: close-up,75.0,female,head/neck
ISIC_4030354,IL_6617592,Malignant,MEL,dermoscopic,70.0,male,
ISIC_4032370,IL_8650948,Malignant,SCCKA,dermoscopic,45.0,male,
ISIC_4033538,IL_5697539,Indeterminate,AKIEC,clinical: close-up,55.0,male,head/neck
ISIC_4034196,IL_0772514,Malignant,BCC,clinical: close-up,75.0,male,
ISIC_4034716,IL_7928790,Malignant,SCCKA,clinical: close-up,65.0,female,head/neck
ISIC_4038238,IL_3009838,Benign,BKL,dermoscopic,50.0,female,head/neck
ISIC_4040199,IL_0810155,Malignant,MEL,clinical: close-up,60.0,female,lower extremity
ISIC_4042132,IL_6893895,Malignant,SCCKA,dermoscopic,50.0,male,head/neck
ISIC_4043291,IL_6600785,Malignant,SCCKA,clinical: close-up,70.0,male,head/neck
ISIC_4043651,IL_5577465,Benign,NV,dermoscopic,40.0,female,upper extremity
ISIC_4045574,IL_6514387,Benign,NV,dermoscopic,40.0,female,lower extremity
ISIC_4046643,IL_1778367,Malignant,BCC,clinical: close-up,45.0,male,head/neck
ISIC_4048377,IL_3452976,Malignant,BCC,clinical: close-up,85.0,male,lower extremity
ISIC_4056904,IL_2033265,Benign,BKL,dermoscopic,65.0,female,upper extremity
ISIC_4057179,IL_7911942,Malignant,MEL,clinical: close-up,75.0,male,
ISIC_4057182,IL_9782859,Malignant,BCC,clinical: close-up,55.0,female,lower extremity
ISIC_4058425,IL_8142572,Benign,NV,clinical: close-up,40.0,male,
ISIC_4060384,IL_4323470,Malignant,BCC,dermoscopic,75.0,female,
ISIC_4060718,IL_3364981,Malignant,MEL,clinical: close-up,60.0,female,
ISIC_4061158,IL_6764559,Malignant,SCCKA,clinical: close-up,55.0,male,head/neck
ISIC_4064312,IL_9556887,Benign,BKL,clinical: close-up,75.0,female,lower extremity
ISIC_4065190,IL_3609396,Malignant,BCC,clinical: close-up,45.0,male,
ISIC_4065256,IL_5044233,Benign,VASC,clinical: close-up,20.0,male,
ISIC_4065657,IL_0092622,Malignant,MEL,clinical: close-up,65.0,female,head/neck
ISIC_4065991,IL_4486702,Benign,BKL,clinical: close-up,70.0,male,
ISIC_4066771,IL_4147641,Malignant,SCCKA,dermoscopic,85.0,male,lower extremity
ISIC_4070008,IL_9943319,Benign,NV,clinical: close-up,15.0,female,head/neck
ISIC_4071197,IL_4581879,Benign,BKL,clinical: close-up,70.0,female,
ISIC_4072524,IL_3577604,Malignant,BCC,dermoscopic,65.0,male,
ISIC_4072785,IL_8638873,Benign,NV,clinical: close-up,65.0,male,
ISIC_4075407,IL_4647255,Malignant,BCC,clinical: close-up,75.0,female,head/neck
ISIC_4075850,IL_7431688,Malignant,SCCKA,dermoscopic,80.0,male,head/neck
ISIC_4079070,IL_3090203,Benign,BEN_OTH,clinical: close-up,60.0,male,head/neck
ISIC_4080936,IL_8449966,Benign,NV,clinical: close-up,40.0,male,head/neck
ISIC_4081526,IL_7523112,Malignant,BCC,clinical: close-up,55.0,male,lower extremity
ISIC_4082323,IL_6873122,Malignant,BCC,clinical: close-up,85.0,female,head/neck
ISIC_4082328,IL_8460509,Malignant,MEL,dermoscopic,60.0,male,head/neck
ISIC_4082454,IL_2634842,Malignant,BCC,dermoscopic,70.0,female,lower extremity
ISIC_4083123,IL_5133299,Malignant,MEL,clinical: close-up,55.0,male,lower extremity
ISIC_4083158,IL_0614048,Benign,NV,dermoscopic,50.0,female,
ISIC_4091147,IL_7480471,Indeterminate,AKIEC,clinical: close-up,35.0,male,
ISIC_4091460,IL_4563820,Benign,INF,dermoscopic,65.0,female,head/neck
ISIC_4092604,IL_0825949,Malignant,BCC,dermoscopic,70.0,female,
ISIC_4093313,IL_5809538,Malignant,MEL,dermoscopic,60.0,male,
ISIC_4093535,IL_3376861,Malignant,MEL,clinical: close-up,70.0,male,head/neck
ISIC_4094390,IL_9713844,Indeterminate,AKIEC,clinical: close-up,50.0,female,head/neck
ISIC_4103339,IL_6336481,Malignant,SCCKA,dermoscopic,65.0,female,head/neck
ISIC_4104303,IL_9811180,Malignant,BCC,clinical: close-up,60.0,male,head/neck
ISIC_4106032,IL_9104485,Benign,BKL,dermoscopic,50.0,male,lower extremity
ISIC_4109800,IL_7257166,Malignant,BCC,clinical: close-up,75.0,female,upper extremity
ISIC_4112547,IL_9614989,Benign,BKL,clinical: close-up,70.0,male,lower extremity
ISIC_4113553,IL_3982236,Benign,BKL,dermoscopic,85.0,male,
ISIC_4116218,IL_2815736,Malignant,SCCKA,dermoscopic,75.0,male,upper extremity
ISIC_4117941,IL_6847557,Benign,NV,clinical: close-up,35.0,male,
ISIC_4119665,IL_4454107,Malignant,BCC,dermoscopic,60.0,male,head/neck
ISIC_4120065,IL_0909755,Benign,NV,clinical: close-up,25.0,male,head/neck
ISIC_4122077,IL_9083220,Malignant,BCC,clinical: close-up,80.0,male,
ISIC_4123715,IL_1443713,Malignant,BCC,clinical: close-up,70.0,female,
ISIC_4129256,IL_3996209,Malignant,BCC,clinical: close-up,60.0,female,lower extremity
ISIC_4132905,IL_6475801,Malignant,BCC,dermoscopic,75.0,female,
ISIC_4133448,IL_6691831,Malignant,BCC,dermoscopic,85.0,female,head/neck
ISIC_4135378,IL_7206184,Malignant,AKIEC,clinical: close-up,60.0,male,lower extremity
ISIC_4135497,IL_0137493,Malignant,BCC,dermoscopic,50.0,male,head/neck
ISIC_4138482,IL_0266076,Malignant,BCC,clinical: close-up,65.0,female,head/neck
ISIC_4138489,IL_0705528,Malignant,BCC,dermoscopic,70.0,male,upper extremity
ISIC_4138560,IL_7239273,Malignant,BCC,clinical: close-up,55.0,female,
ISIC_4140786,IL_4327205,Malignant,BCC,clinical: close-up,40.0,male,upper extremity
ISIC_4141251,IL_3995559,Malignant,MEL,dermoscopic,85.0,male,head/neck
ISIC_4141354,IL_9145163,Malignant,BCC,clinical: close-up,40.0,female,upper extremity
ISIC_4141476,IL_4642030,Malignant,SCCKA,dermoscopic,85.0,male,
ISIC_4145656,IL_0210304,Malignant,BCC,clinical: close-up,70.0,male,lower extremity
ISIC_4146139,IL_2659865,Malignant,MEL,dermoscopic,65.0,male,head/neck
ISIC_4146816,IL_8553410,Malignant,BCC,clinical: close-up,65.0,male,head/neck
ISIC_4148971,IL_1678341,Malignant,BCC,dermoscopic,75.0,female,
ISIC_4150948,IL_2113413,Benign,BKL,clinical: close-up,40.0,female,upper extremity
ISIC_4152827,IL_9777235,Malignant,BCC,dermoscopic,80.0,male,
ISIC_4156101,IL_1846045,Malignant,BCC,clinical: close-up,70.0,male,head/neck
ISIC_4156431,IL_5384329,Malignant,BCC,dermoscopic,65.0,male,head/neck
ISIC_4157522,IL_3938261,Malignant,BCC,dermoscopic,40.0,male,
ISIC_4158219,IL_7389782,Malignant,BCC,dermoscopic,80.0,male,
ISIC_4158420,IL_7237834,Malignant,BCC,clinical: close-up,55.0,male,lower extremity
ISIC_4162103,IL_8229749,Malignant,BCC,clinical: close-up,80.0,male,upper extremity
ISIC_4162668,IL_5771256,Malignant,BCC,clinical: close-up,55.0,male,
ISIC_4163384,IL_9813142,Malignant,BCC,dermoscopic,75.0,male,head/neck
ISIC_4167447,IL_7728761,Malignant,SCCKA,dermoscopic,75.0,female,
ISIC_4168419,IL_1622119,Malignant,MEL,dermoscopic,50.0,female,
ISIC_4170754,IL_3580495,Benign,BKL,clinical: close-up,60.0,male,
ISIC_4171190,IL_7274856,Benign,BKL,clinical: close-up,70.0,male,upper extremity
ISIC_4174672,IL_4755561,Benign,NV,dermoscopic,30.0,male,lower extremity
ISIC_4175612,IL_0915251,Benign,VASC,clinical: close-up,80.0,female,upper extremity
ISIC_4176839,IL_2867550,Malignant,MEL,clinical: close-up,75.0,male,lower extremity
ISIC_4176987,IL_3347593,Malignant,BCC,clinical: close-up,65.0,female,
ISIC_4177510,IL_8384410,Malignant,SCCKA,clinical: close-up,60.0,male,head/neck
ISIC_4178605,IL_3092019,Malignant,BCC,clinical: close-up,70.0,female,upper extremity
ISIC_4178690,IL_1032364,Benign,VASC,dermoscopic,75.0,male,
ISIC_4179264,IL_2522650,Malignant,BCC,clinical: close-up,45.0,female,upper extremity
ISIC_4180763,IL_9379939,Malignant,SCCKA,clinical: close-up,85.0,female,upper extremity
ISIC_4181074,IL_9344336,Benign,DF,clinical: close-up,50.0,female,lower extremity
ISIC_4183641,IL_9408951,Benign,INF,dermoscopic,75.0,male,lower extremity
ISIC_4185473,IL_9113822,Malignant,BCC,dermoscopic,75.0,male,head/neck
ISIC_4186049,IL_7535294,Benign,NV,clinical: close-up,,male,lower extremity
ISIC_4186883,IL_0761140,Malignant,BCC,dermoscopic,70.0,male,head/neck
ISIC_4187456,IL_5328329,Malignant,BCC,dermoscopic,75.0,male,head/neck
ISIC_4191448,IL_7724286,Benign,BKL,dermoscopic,40.0,male,
ISIC_4191930,IL_4508203,Malignant,AKIEC,dermoscopic,55.0,female,upper extremity
ISIC_4192230,IL_0835355,Malignant,BCC,dermoscopic,65.0,male,head/neck
ISIC_4194365,IL_5764702,Malignant,BCC,clinical: close-up,40.0,female,
ISIC_4196278,IL_1657109,Benign,NV,dermoscopic,35.0,male,
ISIC_4198312,IL_5961668,Benign,NV,dermoscopic,45.0,female,
ISIC_4198936,IL_4547617,Malignant,MEL,clinical: close-up,60.0,female,head/neck
ISIC_4204828,IL_1392309,Malignant,BCC,dermoscopic,60.0,male,
ISIC_4205403,IL_8612216,Malignant,BCC,clinical: close-up,70.0,female,upper extremity
ISIC_4208233,IL_0432633,Malignant,BCC,clinical: close-up,75.0,male,upper extremity
ISIC_4209803,IL_9540986,Benign,NV,dermoscopic,50.0,male,upper extremity
ISIC_4210097,IL_6336605,Malignant,AKIEC,dermoscopic,80.0,male,lower extremity
ISIC_4210592,IL_5417384,Malignant,BCC,clinical: close-up,45.0,female,upper extremity
ISIC_4213914,IL_1950813,Malignant,BCC,dermoscopic,85.0,male,upper extremity
ISIC_4216061,IL_1555108,Benign,BEN_OTH,dermoscopic,75.0,male,
ISIC_4216162,IL_0515477,Malignant,BCC,dermoscopic,70.0,female,
ISIC_4217947,IL_9785739,Benign,NV,clinical: close-up,65.0,male,
ISIC_4218589,IL_0347019,Malignant,BCC,dermoscopic,60.0,female,lower extremity
ISIC_4218751,IL_7350361,Malignant,MEL,dermoscopic,70.0,female,
ISIC_4222750,IL_7136276,Indeterminate,AKIEC,dermoscopic,70.0,male,head/neck
ISIC_4222832,IL_6987623,Malignant,SCCKA,clinical: close-up,55.0,male,upper extremity
ISIC_4222996,IL_0147242,Malignant,BCC,clinical: close-up,80.0,male,head/neck
ISIC_4224540,IL_6157998,Malignant,BCC,dermoscopic,65.0,male,
ISIC_4224743,IL_4103128,Malignant,BCC,dermoscopic,70.0,male,upper extremity
ISIC_4225046,IL_5375403,Benign,BKL,clinical: close-up,60.0,male,lower extremity
ISIC_4225100,IL_0271647,Malignant,BCC,clinical: close-up,55.0,male,
ISIC_4228893,IL_1066260,Benign,NV,dermoscopic,25.0,female,
ISIC_4229574,IL_0807184,Indeterminate,AKIEC,clinical: close-up,85.0,male,
ISIC_4230181,IL_4314466,Malignant,BCC,dermoscopic,60.0,male,lower extremity
ISIC_4230532,IL_2533791,Benign,NV,clinical: close-up,30.0,female,
ISIC_4231056,IL_4915853,Benign,BKL,dermoscopic,45.0,female,head/neck
ISIC_4231370,IL_6032106,Malignant,BCC,clinical: close-up,65.0,male,
ISIC_4231378,IL_9031003,Malignant,BCC,dermoscopic,70.0,female,head/neck
ISIC_4235290,IL_8845564,Malignant,SCCKA,dermoscopic,85.0,male,head/neck
ISIC_4235575,IL_9021517,Malignant,MEL,dermoscopic,65.0,male,
ISIC_4237789,IL_8557195,Benign,BEN_OTH,clinical: close-up,25.0,female,head/neck
ISIC_4239743,IL_4742005,Benign,NV,clinical: close-up,55.0,female,
ISIC_4242454,IL_6157145,Benign,BKL,clinical: close-up,80.0,male,
ISIC_4243006,IL_2811473,Malignant,MEL,dermoscopic,25.0,female,lower extremity
ISIC_4243113,IL_2467466,Malignant,AKIEC,dermoscopic,75.0,male,head/neck
ISIC_4245317,IL_3046914,Malignant,BCC,clinical: close-up,70.0,male,
ISIC_4246393,IL_0883387,Benign,NV,dermoscopic,35.0,male,
ISIC_4246896,IL_9603617,Malignant,AKIEC,dermoscopic,55.0,male,upper extremity
ISIC_4247695,IL_8110471,Benign,BKL,dermoscopic,60.0,female,lower extremity
ISIC_4249004,IL_3492505,Malignant,BCC,dermoscopic,65.0,male,upper extremity
ISIC_4253845,IL_6617592,Malignant,MEL,clinical: close-up,70.0,male,
ISIC_4254313,IL_4641417,Malignant,BCC,clinical: close-up,55.0,male,head/neck
ISIC_4254329,IL_8193590,Malignant,MEL,clinical: close-up,70.0,male,head/neck
ISIC_4254662,IL_4452880,Malignant,BCC,clinical: close-up,80.0,male,head/neck
ISIC_4254772,IL_7643316,Malignant,MEL,dermoscopic,65.0,male,head/neck
ISIC_4256565,IL_4373578,Malignant,BCC,clinical: close-up,55.0,female,
ISIC_4257621,IL_4130663,Malignant,BCC,clinical: close-up,65.0,male,lower extremity
ISIC_4258900,IL_2955250,Malignant,BCC,clinical: close-up,70.0,male,
ISIC_4261803,IL_3408986,Malignant,BCC,clinical: close-up,65.0,female,
ISIC_4262185,IL_9216457,Malignant,BCC,dermoscopic,70.0,male,
ISIC_4263491,IL_9027780,Malignant,AKIEC,clinical: close-up,85.0,male,upper extremity
ISIC_4264456,IL_7743393,Malignant,AKIEC,clinical: close-up,50.0,male,upper extremity
ISIC_4265106,IL_4042622,Malignant,BCC,dermoscopic,50.0,male,
ISIC_4265404,IL_0416544,Benign,NV,clinical: close-up,40.0,female,
ISIC_4267031,IL_2791658,Malignant,BCC,clinical: close-up,85.0,male,
ISIC_4268667,IL_7713182,Benign,NV,clinical: close-up,15.0,male,head/neck
ISIC_4268847,IL_3069330,Malignant,BCC,clinical: close-up,60.0,male,
ISIC_4268989,IL_0503827,Malignant,AKIEC,clinical: close-up,60.0,male,
ISIC_4270494,IL_4860977,Malignant,BCC,dermoscopic,75.0,male,head/neck
ISIC_4272095,IL_1965425,Malignant,BCC,dermoscopic,55.0,female,upper extremity
ISIC_4272600,IL_2497453,Malignant,SCCKA,dermoscopic,80.0,female,lower extremity
ISIC_4273109,IL_2649297,Benign,NV,clinical: close-up,55.0,female,
ISIC_4273674,IL_9926530,Benign,NV,dermoscopic,5.0,female,upper extremity
ISIC_4275458,IL_4094223,Malignant,BCC,dermoscopic,75.0,male,lower extremity
ISIC_4275620,IL_0919212,Malignant,BCC,clinical: close-up,70.0,male,
ISIC_4276424,IL_6188972,Malignant,BCC,clinical: close-up,60.0,female,
ISIC_4277953,IL_5133299,Malignant,MEL,dermoscopic,55.0,male,lower extremity
ISIC_4277959,IL_1046735,Malignant,BCC,dermoscopic,75.0,female,head/neck
ISIC_4278930,IL_3339713,Benign,NV,dermoscopic,60.0,male,
ISIC_4279073,IL_6359555,Benign,NV,clinical: close-up,,female,
ISIC_4281031,IL_9448011,Malignant,BCC,dermoscopic,70.0,male,lower extremity
ISIC_4281048,IL_7539443,Benign,BKL,dermoscopic,75.0,female,
ISIC_4282374,IL_5040782,Benign,BKL,clinical: close-up,60.0,female,lower extremity
ISIC_4282860,IL_7320172,Malignant,MEL,dermoscopic,85.0,male,
ISIC_4283540,IL_1253074,Malignant,BCC,clinical: close-up,60.0,male,
ISIC_4285661,IL_1608050,Malignant,BCC,clinical: close-up,35.0,female,
ISIC_4288009,IL_1575881,Benign,NV,clinical: close-up,70.0,male,
ISIC_4291049,IL_3812776,Malignant,BCC,dermoscopic,35.0,male,head/neck
ISIC_4291408,IL_1495229,Malignant,BCC,clinical: close-up,55.0,female,upper extremity
ISIC_4292605,IL_6442521,Malignant,BCC,clinical: close-up,70.0,male,
ISIC_4294236,IL_4116292,Benign,NV,clinical: close-up,35.0,male,
ISIC_4297082,IL_6751385,Malignant,SCCKA,clinical: close-up,65.0,male,upper extremity
ISIC_4297088,IL_2943646,Malignant,BCC,clinical: close-up,35.0,female,
ISIC_4297812,IL_6575450,Malignant,AKIEC,dermoscopic,60.0,male,lower extremity
ISIC_4299958,IL_7444227,Indeterminate,AKIEC,clinical: close-up,70.0,male,head/neck
ISIC_4300672,IL_8554627,Malignant,MEL,dermoscopic,40.0,female,upper extremity
ISIC_4301316,IL_3237666,Malignant,BCC,clinical: close-up,50.0,male,lower extremity
ISIC_4301937,IL_6194887,Malignant,BCC,clinical: close-up,70.0,male,
ISIC_4301953,IL_5818168,Malignant,BCC,dermoscopic,75.0,male,
ISIC_4302597,IL_6665105,Indeterminate,AKIEC,dermoscopic,75.0,male,upper extremity
ISIC_4303207,IL_0838598,Malignant,SCCKA,clinical: close-up,75.0,male,lower extremity
ISIC_4303795,IL_2734125,Malignant,BCC,clinical: close-up,75.0,male,
ISIC_4305600,IL_0082869,Benign,NV,clinical: close-up,5.0,female,lower extremity
ISIC_4306480,IL_1511744,Malignant,BCC,dermoscopic,80.0,male,
ISIC_4307237,IL_2514915,Benign,BKL,dermoscopic,75.0,female,lower extremity
ISIC_4307786,IL_0244045,Benign,BKL,dermoscopic,80.0,male,
ISIC_4307964,IL_5011583,Malignant,BCC,clinical: close-up,55.0,female,
ISIC_4308587,IL_4667770,Indeterminate,AKIEC,dermoscopic,40.0,male,head/neck
ISIC_4310441,IL_3677701,Malignant,AKIEC,dermoscopic,70.0,female,lower extremity
ISIC_4310588,IL_0702204,Benign,BEN_OTH,dermoscopic,20.0,female,head/neck
ISIC_4310927,IL_0909624,Malignant,SCCKA,dermoscopic,80.0,female,upper extremity
ISIC_4313961,IL_1565429,Malignant,BCC,clinical: close-up,70.0,male,
ISIC_4315425,IL_8058935,Malignant,SCCKA,dermoscopic,70.0,female,upper extremity
ISIC_4316755,IL_4438547,Benign,NV,clinical: close-up,45.0,male,
ISIC_4317864,IL_4551923,Benign,NV,clinical: close-up,5.0,male,
ISIC_4323016,IL_6157145,Benign,BKL,dermoscopic,80.0,male,
ISIC_4323711,IL_8200270,Benign,VASC,clinical: close-up,,female,
ISIC_4324758,IL_0335720,Benign,DF,dermoscopic,65.0,male,lower extremity
ISIC_4328393,IL_2476952,Malignant,BCC,dermoscopic,60.0,male,
ISIC_4329526,IL_3511667,Benign,BKL,dermoscopic,75.0,male,
ISIC_4329801,IL_4740973,Malignant,BCC,dermoscopic,70.0,male,head/neck
ISIC_4330244,IL_3009838,Benign,BKL,clinical: close-up,50.0,female,head/neck
ISIC_4330850,IL_5924727,Benign,BKL,clinical: close-up,70.0,male,head/neck
ISIC_4330964,IL_2272404,Benign,NV,dermoscopic,40.0,male,
ISIC_4337693,IL_7974370,Benign,BKL,dermoscopic,70.0,female,
ISIC_4338535,IL_9554653,Malignant,BCC,dermoscopic,50.0,female,head/neck
ISIC_4341118,IL_9199460,Benign,NV,dermoscopic,20.0,male,lower extremity
ISIC_4342189,IL_4896057,Malignant,BCC,clinical: close-up,80.0,female,
ISIC_4342648,IL_8374443,Malignant,BCC,clinical: close-up,85.0,male,head/neck
ISIC_4343132,IL_6342379,Malignant,BCC,clinical: close-up,70.0,male,head/neck
ISIC_4343144,IL_6420001,Malignant,BCC,clinical: close-up,50.0,male,head/neck
ISIC_4344365,IL_0891260,Malignant,BCC,clinical: close-up,70.0,female,head/neck
ISIC_4345273,IL_7727406,Benign,NV,dermoscopic,25.0,female,head/neck
ISIC_4345415,IL_7534486,Malignant,BCC,dermoscopic,85.0,male,head/neck
ISIC_4345756,IL_0061620,Malignant,BCC,dermoscopic,70.0,male,
ISIC_4345819,IL_8038657,Malignant,MEL,clinical: close-up,75.0,female,head/neck
ISIC_4346905,IL_1794572,Malignant,BCC,dermoscopic,40.0,male,head/neck
ISIC_4349272,IL_7923672,Malignant,MEL,dermoscopic,60.0,male,
ISIC_4350109,IL_1485026,Malignant,BCC,clinical: close-up,60.0,male,head/neck
ISIC_4350222,IL_2468895,Malignant,BCC,dermoscopic,50.0,male,upper extremity
ISIC_4351882,IL_5779680,Malignant,BCC,dermoscopic,70.0,male,
ISIC_4352140,IL_9912061,Indeterminate,AKIEC,dermoscopic,75.0,male,lower extremity
ISIC_4352572,IL_6493670,Benign,NV,clinical: close-up,35.0,male,
ISIC_4352757,IL_8662195,Malignant,BCC,clinical: close-up,70.0,male,upper extremity
ISIC_4353551,IL_7447582,Malignant,BCC,dermoscopic,60.0,male,
ISIC_4354115,IL_8955960,Malignant,BCC,dermoscopic,60.0,male,
ISIC_4357940,IL_8053912,Malignant,MEL,dermoscopic,65.0,male,head/neck
ISIC_4358555,IL_8621198,Malignant,MEL,clinical: close-up,65.0,female,lower extremity
ISIC_4360620,IL_2139485,Malignant,BCC,dermoscopic,65.0,female,
ISIC_4362069,IL_1645941,Benign,INF,clinical: close-up,75.0,male,
ISIC_4362166,IL_7859476,Malignant,BCC,clinical: close-up,40.0,female,head/neck
ISIC_4363100,IL_7119358,Benign,NV,dermoscopic,65.0,male,
ISIC_4363333,IL_9368782,Benign,NV,dermoscopic,10.0,female,
ISIC_4368655,IL_9550703,Benign,BKL,clinical: close-up,65.0,female,lower extremity
ISIC_4369433,IL_2335600,Malignant,SCCKA,dermoscopic,70.0,male,lower extremity
ISIC_4370676,IL_8876914,Malignant,BCC,dermoscopic,70.0,male,
ISIC_4371553,IL_9475061,Benign,INF,clinical: close-up,40.0,female,head/neck
ISIC_4376280,IL_6451411,Malignant,BCC,dermoscopic,50.0,female,
ISIC_4377239,IL_8869881,Malignant,BCC,dermoscopic,70.0,male,
ISIC_4378281,IL_9977217,Malignant,BCC,clinical: close-up,65.0,male,upper extremity
ISIC_4378484,IL_8778181,Benign,NV,dermoscopic,20.0,male,
ISIC_4380028,IL_0584464,Benign,BKL,dermoscopic,75.0,male,
ISIC_4380499,IL_3860000,Benign,BKL,dermoscopic,85.0,male,
ISIC_4381433,IL_4064310,Malignant,BCC,dermoscopic,60.0,female,head/neck
ISIC_4381662,IL_1251030,Malignant,BCC,dermoscopic,55.0,male,upper extremity
ISIC_4382908,IL_4391633,Benign,BKL,clinical: close-up,70.0,male,
ISIC_4384446,IL_3303655,Malignant,BCC,clinical: close-up,50.0,female,
ISIC_4384547,IL_9552156,Malignant,BCC,dermoscopic,55.0,male,lower extremity
ISIC_4385584,IL_1222046,Benign,BEN_OTH,dermoscopic,70.0,male,head/neck
ISIC_4386149,IL_6361201,Benign,BKL,dermoscopic,40.0,male,lower extremity
ISIC_4386519,IL_0769866,Malignant,BCC,dermoscopic,60.0,female,lower extremity
ISIC_4391320,IL_9882271,Malignant,BCC,clinical: close-up,45.0,male,
ISIC_4391368,IL_7560390,Benign,BKL,dermoscopic,65.0,female,head/neck
ISIC_4396652,IL_8853986,Benign,BKL,clinical: close-up,65.0,male,head/neck
ISIC_4400687,IL_5416595,Benign,NV,dermoscopic,40.0,female,
ISIC_4406973,IL_6037073,Malignant,BCC,dermoscopic,50.0,female,upper extremity
ISIC_4407417,IL_1712969,Malignant,BCC,dermoscopic,65.0,male,upper extremity
ISIC_4408708,IL_1997703,Benign,NV,clinical: close-up,70.0,female,lower extremity
ISIC_4410078,IL_9600474,Malignant,BCC,dermoscopic,70.0,female,upper extremity
ISIC_4411067,IL_5482346,Malignant,BCC,dermoscopic,65.0,male,lower extremity
ISIC_4413011,IL_2610078,Malignant,BCC,dermoscopic,50.0,male,
ISIC_4416938,IL_2610875,Malignant,BCC,dermoscopic,70.0,female,upper extremity
ISIC_4420449,IL_0740796,Malignant,BCC,clinical: close-up,80.0,female,head/neck
ISIC_4420662,IL_5519397,Malignant,BCC,clinical: close-up,75.0,male,upper extremity
ISIC_4421204,IL_8752697,Malignant,SCCKA,clinical: close-up,80.0,male,head/neck
ISIC_4424871,IL_7377156,Malignant,BCC,clinical: close-up,70.0,male,lower extremity
ISIC_4425251,IL_3134757,Malignant,BCC,dermoscopic,65.0,male,
ISIC_4425852,IL_5490605,Malignant,SCCKA,dermoscopic,65.0,male,head/neck
ISIC_4426174,IL_2090783,Benign,BKL,clinical: close-up,55.0,female,head/neck
ISIC_4426257,IL_8312956,Malignant,BCC,dermoscopic,70.0,male,
ISIC_4426808,IL_9949464,Benign,BKL,dermoscopic,70.0,male,head/neck
ISIC_4426986,IL_7727942,Malignant,BCC,clinical: close-up,80.0,female,
ISIC_4427207,IL_9456591,Benign,BKL,dermoscopic,60.0,male,lower extremity
ISIC_4427785,IL_7294235,Malignant,BCC,dermoscopic,75.0,female,head/neck
ISIC_4428176,IL_4132479,Benign,NV,dermoscopic,50.0,male,
ISIC_4428215,IL_3296162,Malignant,SCCKA,clinical: close-up,75.0,female,head/neck
ISIC_4429484,IL_2379441,Benign,NV,clinical: close-up,65.0,male,
ISIC_4429544,IL_1272138,Malignant,BCC,dermoscopic,45.0,female,
ISIC_4430642,IL_6291533,Malignant,MEL,clinical: close-up,70.0,female,
ISIC_4431113,IL_3296162,Malignant,SCCKA,dermoscopic,75.0,female,head/neck
ISIC_4431906,IL_2320070,Malignant,SCCKA,clinical: close-up,75.0,male,upper extremity
ISIC_4432152,IL_5917999,Benign,NV,dermoscopic,5.0,female,lower extremity
ISIC_4438000,IL_5147950,Malignant,BCC,clinical: close-up,60.0,male,head/neck
ISIC_4439657,IL_3980813,Malignant,BCC,clinical: close-up,55.0,male,
ISIC_4440119,IL_5775257,Malignant,SCCKA,dermoscopic,75.0,female,lower extremity
ISIC_4442378,IL_0432586,Benign,NV,dermoscopic,70.0,male,
ISIC_4444763,IL_5137541,Malignant,BCC,dermoscopic,85.0,male,head/neck
ISIC_4444976,IL_6881549,Malignant,MEL,dermoscopic,50.0,male,
ISIC_4445549,IL_1874719,Benign,BKL,dermoscopic,70.0,male,head/neck
ISIC_4449884,IL_5518573,Benign,BKL,clinical: close-up,70.0,male,upper extremity
ISIC_4452365,IL_1925186,Malignant,BCC,clinical: close-up,70.0,male,
ISIC_4452788,IL_0758314,Benign,NV,clinical: close-up,65.0,male,
ISIC_4456941,IL_1413445,Malignant,SCCKA,clinical: close-up,80.0,male,upper extremity
ISIC_4458763,IL_6595342,Benign,NV,dermoscopic,55.0,male,head/neck
ISIC_4463160,IL_9770688,Malignant,BCC,dermoscopic,85.0,female,
ISIC_4464487,IL_6727928,Malignant,AKIEC,clinical: close-up,75.0,male,lower extremity
ISIC_4465960,IL_0317980,Malignant,BCC,dermoscopic,65.0,female,upper extremity
ISIC_4466925,IL_3511667,Benign,BKL,clinical: close-up,75.0,male,
ISIC_4467591,IL_5533204,Malignant,BCC,clinical: close-up,65.0,male,
ISIC_4467920,IL_9944816,Malignant,BCC,clinical: close-up,65.0,female,
ISIC_4468146,IL_0313731,Malignant,BCC,clinical: close-up,75.0,male,head/neck
ISIC_4468660,IL_6452981,Malignant,BCC,clinical: close-up,55.0,female,
ISIC_4469500,IL_0347019,Malignant,BCC,clinical: close-up,60.0,female,lower extremity
ISIC_4469657,IL_2320070,Malignant,SCCKA,dermoscopic,75.0,male,upper extremity
ISIC_4470087,IL_4790856,Malignant,BCC,clinical: close-up,70.0,male,
ISIC_4470805,IL_3211477,Malignant,BCC,dermoscopic,65.0,male,head/neck
ISIC_4471113,IL_1356310,Malignant,BCC,dermoscopic,65.0,male,
ISIC_4471122,IL_9473685,Benign,BKL,clinical: close-up,65.0,male,head/neck
ISIC_4471156,IL_4601924,Malignant,SCCKA,clinical: close-up,50.0,male,upper extremity
ISIC_4471703,IL_7918230,Malignant,BCC,clinical: close-up,85.0,male,
ISIC_4474327,IL_1538944,Benign,NV,clinical: close-up,40.0,male,
ISIC_4474700,IL_8823164,Malignant,BCC,clinical: close-up,70.0,male,head/neck
ISIC_4474831,IL_3020505,Malignant,BCC,clinical: close-up,50.0,female,upper extremity
ISIC_4475597,IL_3884267,Benign,NV,clinical: close-up,65.0,male,lower extremity
ISIC_4478313,IL_4575462,Benign,BKL,clinical: close-up,80.0,male,
ISIC_4478363,IL_3376861,Malignant,MEL,dermoscopic,70.0,male,head/neck
ISIC_4480429,IL_1122729,Malignant,AKIEC,clinical: close-up,75.0,male,
ISIC_4482208,IL_7789479,Malignant,BCC,dermoscopic,50.0,female,head/neck
ISIC_4482209,IL_7216182,Malignant,BCC,dermoscopic,50.0,male,lower extremity
ISIC_4482349,IL_3836672,Malignant,MEL,dermoscopic,55.0,male,head/neck
ISIC_4484543,IL_0894322,Malignant,BCC,clinical: close-up,65.0,male,upper extremity
ISIC_4485409,IL_8148828,Malignant,BCC,dermoscopic,35.0,male,
ISIC_4485467,IL_8970458,Malignant,MEL,dermoscopic,50.0,male,
ISIC_4486341,IL_7532764,Malignant,BCC,dermoscopic,60.0,female,head/neck
ISIC_4486982,IL_4000063,Malignant,BCC,clinical: close-up,70.0,male,lower extremity
ISIC_4487781,IL_9936896,Benign,NV,clinical: close-up,30.0,female,
ISIC_4488663,IL_1104611,Malignant,SCCKA,clinical: close-up,70.0,male,
ISIC_4489369,IL_3986859,Malignant,BCC,dermoscopic,50.0,male,
ISIC_4489370,IL_5415624,Malignant,MEL,clinical: close-up,75.0,female,head/neck
ISIC_4489686,IL_7845840,Malignant,BCC,dermoscopic,50.0,male,
ISIC_4491028,IL_4486702,Benign,BKL,dermoscopic,70.0,male,
ISIC_4492759,IL_9202762,Malignant,BCC,dermoscopic,65.0,male,
ISIC_4494081,IL_7186549,Malignant,BCC,clinical: close-up,65.0,male,upper extremity
ISIC_4497730,IL_5173093,Malignant,BCC,dermoscopic,55.0,female,
ISIC_4502250,IL_7643911,Malignant,BCC,clinical: close-up,60.0,male,upper extremity
ISIC_4502259,IL_6122240,Malignant,MEL,clinical: close-up,75.0,male,lower extremity
ISIC_4503581,IL_6618073,Benign,NV,dermoscopic,60.0,female,upper extremity
ISIC_4505155,IL_5924727,Benign,BKL,dermoscopic,70.0,male,head/neck
ISIC_4506914,IL_0549977,Malignant,BCC,dermoscopic,80.0,male,
ISIC_4509108,IL_7553488,Benign,NV,dermoscopic,30.0,female,
ISIC_4509507,IL_1252231,Malignant,BCC,clinical: close-up,75.0,male,lower extremity
ISIC_4513123,IL_6632725,Malignant,MEL,clinical: close-up,60.0,male,upper extremity
ISIC_4516611,IL_7534486,Malignant,BCC,clinical: close-up,85.0,male,head/neck
ISIC_4516929,IL_7478637,Benign,NV,clinical: close-up,40.0,female,lower extremity
ISIC_4517185,IL_1693296,Benign,VASC,dermoscopic,40.0,female,lower extremity
ISIC_4520270,IL_7331550,Indeterminate,AKIEC,clinical: close-up,80.0,male,head/neck
ISIC_4523213,IL_0335720,Benign,DF,clinical: close-up,65.0,male,lower extremity
ISIC_4523525,IL_8543215,Malignant,BCC,dermoscopic,50.0,female,head/neck
ISIC_4526071,IL_2441603,Malignant,BCC,clinical: close-up,70.0,male,lower extremity
ISIC_4526175,IL_2351136,Malignant,BCC,clinical: close-up,50.0,male,upper extremity
ISIC_4529113,IL_6049551,Malignant,BCC,clinical: close-up,40.0,female,
ISIC_4531147,IL_3550428,Malignant,BCC,clinical: close-up,55.0,female,lower extremity
ISIC_4534460,IL_7760064,Indeterminate,AKIEC,dermoscopic,60.0,male,head/neck
ISIC_4536273,IL_9565231,Malignant,MEL,clinical: close-up,70.0,male,
ISIC_4541978,IL_7713888,Malignant,BCC,clinical: close-up,55.0,male,upper extremity
ISIC_4542004,IL_2922462,Malignant,BCC,dermoscopic,65.0,male,
ISIC_4542447,IL_5700109,Malignant,SCCKA,clinical: close-up,85.0,male,upper extremity
ISIC_4544829,IL_9758278,Malignant,BCC,clinical: close-up,65.0,male,
ISIC_4546539,IL_5002382,Malignant,MEL,clinical: close-up,65.0,male,head/neck
ISIC_4548708,IL_6847557,Benign,NV,dermoscopic,35.0,male,
ISIC_4548759,IL_6356650,Malignant,BCC,dermoscopic,45.0,female,head/neck
ISIC_4549707,IL_3850759,Malignant,BCC,clinical: close-up,60.0,male,lower extremity
ISIC_4552842,IL_7113968,Malignant,SCCKA,dermoscopic,80.0,male,head/neck
ISIC_4553574,IL_9331050,Benign,BKL,clinical: close-up,50.0,female,head/neck
ISIC_4557242,IL_3307865,Malignant,BCC,clinical: close-up,70.0,male,
ISIC_4557470,IL_0980631,Malignant,BCC,clinical: close-up,80.0,male,head/neck
ISIC_4558719,IL_0345607,Malignant,BCC,clinical: close-up,75.0,female,
ISIC_4561114,IL_2326241,Malignant,BCC,dermoscopic,65.0,female,
ISIC_4562629,IL_3961621,Malignant,BCC,dermoscopic,65.0,male,head/neck
ISIC_4563142,IL_9029664,Malignant,MEL,dermoscopic,70.0,male,
ISIC_4564343,IL_7373612,Malignant,BCC,clinical: close-up,40.0,female,upper extremity
ISIC_4564652,IL_5592337,Malignant,AKIEC,clinical: close-up,75.0,male,upper extremity
ISIC_4568904,IL_2702338,Malignant,MEL,clinical: close-up,45.0,female,head/neck
ISIC_4571498,IL_4381974,Malignant,BCC,dermoscopic,65.0,male,lower extremity
ISIC_4573337,IL_8565372,Malignant,BCC,dermoscopic,80.0,female,head/neck
ISIC_4574340,IL_9448117,Malignant,BCC,clinical: close-up,65.0,male,head/neck
ISIC_4574908,IL_3545610,Malignant,AKIEC,clinical: close-up,75.0,male,head/neck
ISIC_4576379,IL_0720862,Benign,INF,dermoscopic,80.0,male,
ISIC_4581129,IL_7072256,Indeterminate,AKIEC,dermoscopic,50.0,male,head/neck
ISIC_4582043,IL_7110419,Malignant,BCC,dermoscopic,55.0,male,upper extremity
ISIC_4583761,IL_7074375,Malignant,BCC,dermoscopic,55.0,female,
ISIC_4584837,IL_9437710,Malignant,AKIEC,clinical: close-up,65.0,male,
ISIC_4584962,IL_2055704,Benign,NV,dermoscopic,40.0,female,head/neck
ISIC_4585749,IL_5163044,Malignant,AKIEC,dermoscopic,65.0,female,upper extremity
ISIC_4586954,IL_9579580,Malignant,MEL,dermoscopic,50.0,female,
ISIC_4587766,IL_0868364,Benign,DF,clinical: close-up,40.0,female,lower extremity
ISIC_4588258,IL_6346184,Malignant,BCC,dermoscopic,60.0,male,upper extremity
ISIC_4589630,IL_8484491,Malignant,BCC,dermoscopic,55.0,male,head/neck
ISIC_4590345,IL_8338996,Benign,BEN_OTH,clinical: close-up,85.0,male,head/neck
ISIC_4591575,IL_7348200,Malignant,BCC,dermoscopic,70.0,male,head/neck
ISIC_4594517,IL_1733952,Malignant,SCCKA,clinical: close-up,85.0,male,head/neck
ISIC_4594686,IL_6365127,Benign,BKL,dermoscopic,55.0,female,lower extremity
ISIC_4596353,IL_3836754,Malignant,BCC,dermoscopic,75.0,female,lower extremity
ISIC_4597054,IL_8374443,Malignant,BCC,dermoscopic,85.0,male,head/neck
ISIC_4597469,IL_7168991,Malignant,BCC,dermoscopic,75.0,male,head/neck
ISIC_4597516,IL_3319164,Malignant,AKIEC,clinical: close-up,85.0,male,upper extremity
ISIC_4597536,IL_6130939,Malignant,BCC,clinical: close-up,75.0,female,
ISIC_4597624,IL_0203872,Malignant,MEL,clinical: close-up,75.0,male,
ISIC_4597915,IL_1418511,Benign,NV,clinical: close-up,,male,head/neck
ISIC_4598485,IL_2211559,Malignant,BCC,dermoscopic,50.0,female,upper extremity
ISIC_4598786,IL_4524955,Malignant,BCC,dermoscopic,80.0,male,lower extremity
ISIC_4599000,IL_9363657,Malignant,BCC,dermoscopic,55.0,male,lower extremity
ISIC_4599594,IL_8445981,Malignant,BCC,dermoscopic,65.0,female,lower extremity
ISIC_4602849,IL_8805142,Benign,BKL,dermoscopic,65.0,female,head/neck
ISIC_4602943,IL_2585626,Malignant,AKIEC,clinical: close-up,70.0,male,
ISIC_4604978,IL_7018812,Benign,NV,dermoscopic,25.0,female,lower extremity
ISIC_4607582,IL_3392979,Benign,NV,dermoscopic,10.0,male,
ISIC_4607649,IL_2014821,Benign,DF,dermoscopic,70.0,male,lower extremity
ISIC_4608930,IL_3850759,Malignant,BCC,dermoscopic,60.0,male,lower extremity
ISIC_4609417,IL_8562069,Malignant,BCC,dermoscopic,60.0,male,upper extremity
ISIC_4612891,IL_7464523,Malignant,SCCKA,clinical: close-up,80.0,male,upper extremity
ISIC_4613132,IL_1779696,Benign,BKL,clinical: close-up,50.0,female,lower extremity
ISIC_4613268,IL_5823414,Benign,BKL,dermoscopic,85.0,male,head/neck
ISIC_4613878,IL_8039087,Malignant,SCCKA,clinical: close-up,60.0,female,
ISIC_4616394,IL_2988489,Malignant,BCC,dermoscopic,75.0,male,
ISIC_4617290,IL_4375831,Benign,VASC,dermoscopic,60.0,female,lower extremity
ISIC_4618150,IL_2317693,Benign,NV,clinical: close-up,30.0,female,
ISIC_4618811,IL_9167075,Malignant,BCC,clinical: close-up,85.0,female,head/neck
ISIC_4620895,IL_3104013,Malignant,BCC,clinical: close-up,55.0,male,
ISIC_4621745,IL_1528983,Malignant,BCC,clinical: close-up,85.0,male,
ISIC_4622192,IL_0913483,Benign,NV,dermoscopic,45.0,female,upper extremity
ISIC_4622676,IL_6052166,Malignant,SCCKA,dermoscopic,70.0,male,head/neck
ISIC_4626190,IL_7785689,Malignant,BCC,dermoscopic,60.0,female,upper extremity
ISIC_4628391,IL_3104790,Malignant,BCC,clinical: close-up,65.0,male,
ISIC_4629088,IL_6546506,Malignant,SCCKA,dermoscopic,70.0,male,
ISIC_4630771,IL_2908166,Benign,BKL,dermoscopic,55.0,male,
ISIC_4635975,IL_7400064,Benign,BKL,clinical: close-up,60.0,female,head/neck
ISIC_4637440,IL_8576220,Malignant,BCC,dermoscopic,60.0,male,lower extremity
ISIC_4639628,IL_5152283,Malignant,BCC,dermoscopic,85.0,male,head/neck
ISIC_4639978,IL_8507702,Benign,BKL,clinical: close-up,50.0,male,lower extremity
ISIC_4640009,IL_0487689,Benign,NV,dermoscopic,65.0,female,
ISIC_4640643,IL_1529488,Malignant,BCC,clinical: close-up,75.0,female,head/neck
ISIC_4641356,IL_9231229,Malignant,MEL,dermoscopic,85.0,female,lower extremity
ISIC_4646662,IL_2980838,Benign,BKL,dermoscopic,45.0,male,
ISIC_4648640,IL_7680200,Indeterminate,AKIEC,dermoscopic,55.0,male,head/neck
ISIC_4648933,IL_6332213,Malignant,BCC,dermoscopic,55.0,male,
ISIC_4649816,IL_4203522,Malignant,BCC,dermoscopic,80.0,female,
ISIC_4652327,IL_8038373,Malignant,BCC,clinical: close-up,60.0,male,
ISIC_4654586,IL_8604749,Malignant,AKIEC,dermoscopic,50.0,male,upper extremity
ISIC_4654961,IL_6591567,Malignant,BCC,clinical: close-up,55.0,male,upper extremity
ISIC_4655906,IL_0364539,Malignant,BCC,clinical: close-up,75.0,male,lower extremity
ISIC_4656199,IL_7760454,Malignant,BCC,dermoscopic,85.0,male,head/neck
ISIC_4656723,IL_3214039,Malignant,MEL,clinical: close-up,75.0,male,head/neck
ISIC_4660700,IL_5215495,Malignant,BCC,dermoscopic,45.0,male,head/neck
ISIC_4662941,IL_2426275,Malignant,BCC,clinical: close-up,65.0,female,lower extremity
ISIC_4665494,IL_9132121,Benign,BEN_OTH,clinical: close-up,70.0,male,head/neck
ISIC_4668008,IL_5834999,Indeterminate,AKIEC,dermoscopic,85.0,female,lower extremity
ISIC_4668657,IL_6267051,Malignant,MEL,dermoscopic,50.0,female,head/neck
ISIC_4671582,IL_2740956,Malignant,BCC,dermoscopic,65.0,female,lower extremity
ISIC_4672310,IL_7832293,Malignant,BCC,clinical: close-up,70.0,female,upper extremity
ISIC_4674125,IL_1090086,Malignant,BCC,dermoscopic,35.0,female,head/neck
ISIC_4675163,IL_3802643,Malignant,BCC,clinical: close-up,85.0,male,head/neck
ISIC_4680472,IL_9769772,Malignant,BCC,clinical: close-up,55.0,male,
ISIC_4680765,IL_1647541,Malignant,BCC,dermoscopic,55.0,female,
ISIC_4681024,IL_5700109,Malignant,SCCKA,dermoscopic,85.0,male,upper extremity
ISIC_4682172,IL_3720458,Malignant,MEL,clinical: close-up,50.0,male,
ISIC_4683384,IL_1393183,Malignant,BCC,clinical: close-up,60.0,female,
ISIC_4683499,IL_5571355,Malignant,MEL,clinical: close-up,70.0,female,
ISIC_4684596,IL_2528197,Malignant,AKIEC,dermoscopic,80.0,male,upper extremity
ISIC_4684676,IL_6440740,Malignant,SCCKA,dermoscopic,80.0,male,head/neck
ISIC_4685270,IL_0572339,Malignant,BCC,clinical: close-up,45.0,male,
ISIC_4686711,IL_4419793,Malignant,AKIEC,dermoscopic,65.0,female,
ISIC_4687962,IL_6800675,Malignant,BCC,dermoscopic,50.0,female,upper extremity
ISIC_4689149,IL_7304734,Malignant,SCCKA,clinical: close-up,60.0,male,upper extremity
ISIC_4690427,IL_9292701,Malignant,SCCKA,dermoscopic,60.0,male,
ISIC_4691479,IL_5529544,Malignant,BCC,dermoscopic,70.0,male,
ISIC_4692254,IL_6296418,Malignant,BCC,clinical: close-up,70.0,male,head/neck
ISIC_4696657,IL_2273712,Malignant,MEL,clinical: close-up,55.0,female,lower extremity
ISIC_4700136,IL_2926353,Malignant,BCC,clinical: close-up,75.0,male,
ISIC_4703321,IL_2747674,Malignant,MEL,dermoscopic,40.0,female,upper extremity
ISIC_4703455,IL_0226639,Malignant,BCC,clinical: close-up,85.0,male,lower extremity
ISIC_4708288,IL_1131415,Malignant,BCC,dermoscopic,85.0,male,
ISIC_4712387,IL_7998645,Malignant,SCCKA,clinical: close-up,70.0,male,upper extremity
ISIC_4718280,IL_7041328,Malignant,BCC,clinical: close-up,50.0,female,head/neck
ISIC_4719265,IL_1673815,Malignant,BCC,clinical: close-up,50.0,female,lower extremity
ISIC_4720934,IL_9611245,Malignant,BCC,clinical: close-up,55.0,male,
ISIC_4721060,IL_7653394,Malignant,BCC,dermoscopic,45.0,female,upper extremity
ISIC_4722294,IL_5074054,Benign,BKL,dermoscopic,65.0,male,
ISIC_4726470,IL_2307468,Malignant,MEL,dermoscopic,70.0,male,
ISIC_4727154,IL_3355699,Malignant,MEL,clinical: close-up,70.0,female,head/neck
ISIC_4729676,IL_1288672,Malignant,BCC,dermoscopic,60.0,male,
ISIC_4730750,IL_8572700,Malignant,BCC,clinical: close-up,80.0,male,head/neck
ISIC_4733269,IL_8611519,Benign,NV,dermoscopic,75.0,male,head/neck
ISIC_4733429,IL_2286275,Malignant,BCC,dermoscopic,60.0,male,head/neck
ISIC_4733745,IL_5823414,Benign,BKL,clinical: close-up,85.0,male,head/neck
ISIC_4736865,IL_6559871,Malignant,BCC,dermoscopic,60.0,female,upper extremity
ISIC_4737695,IL_2251689,Benign,NV,dermoscopic,35.0,female,lower extremity
ISIC_4737794,IL_0332363,Malignant,BCC,clinical: close-up,70.0,male,head/neck
ISIC_4738084,IL_0343240,Benign,NV,clinical: close-up,45.0,female,lower extremity
ISIC_4740515,IL_1782345,Malignant,MEL,dermoscopic,50.0,female,head/neck
ISIC_4740743,IL_9572527,Malignant,MEL,clinical: close-up,40.0,male,upper extremity
ISIC_4741777,IL_8297781,Malignant,BCC,clinical: close-up,65.0,female,
ISIC_4742379,IL_3233038,Malignant,MEL,dermoscopic,75.0,male,head/neck
ISIC_4743338,IL_9895389,Malignant,BCC,dermoscopic,85.0,male,
ISIC_4749092,IL_0136746,Malignant,BCC,dermoscopic,60.0,male,
ISIC_4753918,IL_2664685,Benign,NV,dermoscopic,25.0,male,upper extremity
ISIC_4759066,IL_6182849,Malignant,BCC,clinical: close-up,65.0,female,lower extremity
ISIC_4759275,IL_1082732,Benign,BKL,clinical: close-up,60.0,male,lower extremity
ISIC_4760114,IL_9184351,Benign,NV,dermoscopic,65.0,female,lower extremity
ISIC_4760443,IL_9024292,Malignant,MEL,dermoscopic,55.0,female,upper extremity
ISIC_4761686,IL_0172774,Benign,BKL,dermoscopic,85.0,male,head/neck
ISIC_4763505,IL_1813183,Malignant,BCC,dermoscopic,55.0,female,lower extremity
ISIC_4767902,IL_7566377,Indeterminate,AKIEC,clinical: close-up,75.0,female,head/neck
ISIC_4768009,IL_4585306,Malignant,BCC,clinical: close-up,70.0,female,
ISIC_4769059,IL_9453273,Malignant,BCC,clinical: close-up,55.0,male,head/neck
ISIC_4770601,IL_6441506,Malignant,MEL,clinical: close-up,55.0,male,
ISIC_4771678,IL_2671860,Malignant,BCC,dermoscopic,60.0,male,
ISIC_4771926,IL_4155975,Malignant,BCC,clinical: close-up,70.0,female,lower extremity
ISIC_4773028,IL_6413155,Indeterminate,AKIEC,dermoscopic,50.0,male,head/neck
ISIC_4775625,IL_3973375,Benign,BKL,clinical: close-up,50.0,female,
ISIC_4780938,IL_8566175,Malignant,BCC,dermoscopic,75.0,male,
ISIC_4783176,IL_0142779,Malignant,SCCKA,clinical: close-up,60.0,male,upper extremity
ISIC_4784047,IL_0353074,Malignant,BCC,clinical: close-up,80.0,female,head/neck
ISIC_4788552,IL_8681344,Malignant,MEL,dermoscopic,70.0,female,
ISIC_4793606,IL_5333822,Malignant,MEL,dermoscopic,50.0,male,head/neck
ISIC_4794413,IL_4641431,Malignant,BCC,dermoscopic,85.0,female,head/neck
ISIC_4794988,IL_0717553,Benign,NV,clinical: close-up,30.0,female,
ISIC_4795806,IL_1571488,Malignant,BCC,dermoscopic,75.0,male,
ISIC_4796147,IL_2239570,Malignant,BCC,dermoscopic,75.0,female,upper extremity
ISIC_4797048,IL_4419075,Malignant,BCC,clinical: close-up,65.0,male,head/neck
ISIC_4799293,IL_9681402,Malignant,BCC,dermoscopic,60.0,female,upper extremity
ISIC_4801832,IL_1595828,Benign,BKL,dermoscopic,70.0,male,head/neck
ISIC_4803004,IL_9122534,Malignant,BCC,dermoscopic,50.0,male,upper extremity
ISIC_4803473,IL_5120662,Malignant,BCC,clinical: close-up,70.0,female,upper extremity
ISIC_4807163,IL_7103424,Malignant,BCC,dermoscopic,65.0,female,head/neck
ISIC_4810104,IL_5264589,Benign,BKL,clinical: close-up,70.0,male,head/neck
ISIC_4821214,IL_3124756,Benign,VASC,dermoscopic,70.0,male,
ISIC_4823638,IL_9247349,Malignant,BCC,dermoscopic,70.0,male,
ISIC_4823764,IL_5304581,Benign,NV,clinical: close-up,50.0,male,
ISIC_4827917,IL_7950923,Malignant,BCC,dermoscopic,50.0,female,lower extremity
ISIC_4829038,IL_0168605,Malignant,SCCKA,dermoscopic,80.0,female,head/neck
ISIC_4830413,IL_2468895,Malignant,BCC,clinical: close-up,50.0,male,upper extremity
ISIC_4834358,IL_7565291,Malignant,BCC,clinical: close-up,80.0,male,
ISIC_4835287,IL_3546806,Malignant,BCC,clinical: close-up,50.0,male,
ISIC_4836899,IL_2722741,Malignant,BCC,clinical: close-up,65.0,male,
ISIC_4838706,IL_9408309,Malignant,SCCKA,clinical: close-up,45.0,male,
ISIC_4840056,IL_9835714,Malignant,BCC,dermoscopic,65.0,male,head/neck
ISIC_4842094,IL_8148828,Malignant,BCC,clinical: close-up,35.0,male,
ISIC_4845560,IL_9862724,Benign,NV,dermoscopic,40.0,female,upper extremity
ISIC_4845673,IL_8461423,Malignant,BCC,clinical: close-up,70.0,male,head/neck
ISIC_4847052,IL_2305001,Malignant,BCC,dermoscopic,70.0,male,
ISIC_4848886,IL_4491344,Malignant,SCCKA,clinical: close-up,70.0,male,lower extremity
ISIC_4849294,IL_7711358,Malignant,BCC,clinical: close-up,85.0,male,head/neck
ISIC_4849906,IL_7762998,Malignant,BCC,dermoscopic,75.0,male,head/neck
ISIC_4853537,IL_7238711,Malignant,BCC,dermoscopic,65.0,female,
ISIC_4857675,IL_6731781,Benign,NV,clinical: close-up,40.0,male,lower extremity
ISIC_4859866,IL_7971648,Benign,BKL,dermoscopic,55.0,female,lower extremity
ISIC_4859968,IL_7377156,Malignant,BCC,dermoscopic,70.0,male,lower extremity
ISIC_4860957,IL_7034758,Malignant,BCC,clinical: close-up,70.0,male,
ISIC_4862589,IL_6365127,Benign,BKL,clinical: close-up,55.0,female,lower extremity
ISIC_4871002,IL_4706482,Malignant,SCCKA,clinical: close-up,70.0,male,lower extremity
ISIC_4871864,IL_1712969,Malignant,BCC,clinical: close-up,65.0,male,upper extremity
ISIC_4872000,IL_8455587,Malignant,BCC,clinical: close-up,55.0,female,head/neck
ISIC_4872496,IL_0455273,Benign,NV,dermoscopic,35.0,female,
ISIC_4877646,IL_6646437,Malignant,BCC,dermoscopic,85.0,male,lower extremity
ISIC_4879730,IL_2187730,Indeterminate,AKIEC,clinical: close-up,50.0,female,upper extremity
ISIC_4886295,IL_4268143,Benign,NV,dermoscopic,20.0,male,
ISIC_4886441,IL_2113413,Benign,BKL,dermoscopic,40.0,female,upper extremity
ISIC_4887943,IL_2899704,Malignant,BCC,dermoscopic,80.0,male,head/neck
ISIC_4888153,IL_7397211,Malignant,SCCKA,clinical: close-up,85.0,female,upper extremity
ISIC_4889654,IL_5314103,Malignant,SCCKA,clinical: close-up,70.0,female,lower extremity
ISIC_4889821,IL_7234452,Benign,NV,dermoscopic,40.0,male,
ISIC_4891974,IL_7025715,Malignant,BCC,dermoscopic,40.0,female,head/neck
ISIC_4893353,IL_4846711,Malignant,BCC,clinical: close-up,60.0,male,head/neck
ISIC_4894144,IL_7356109,Malignant,SCCKA,clinical: close-up,85.0,male,head/neck
ISIC_4896814,IL_9322216,Malignant,SCCKA,dermoscopic,75.0,female,lower extremity
ISIC_4896910,IL_4430072,Benign,BKL,dermoscopic,70.0,male,head/neck
ISIC_4897116,IL_9095433,Malignant,BCC,clinical: close-up,80.0,male,head/neck
ISIC_4898917,IL_0620338,Malignant,BCC,dermoscopic,55.0,male,lower extremity
ISIC_4900201,IL_2048695,Malignant,BCC,clinical: close-up,75.0,female,upper extremity
ISIC_4900556,IL_9773637,Malignant,BCC,clinical: close-up,70.0,male,lower extremity
ISIC_4901933,IL_8067499,Malignant,BCC,dermoscopic,60.0,female,
ISIC_4902119,IL_4336969,Malignant,AKIEC,clinical: close-up,45.0,male,head/neck
ISIC_4905823,IL_2400114,Malignant,BCC,dermoscopic,75.0,female,upper extremity
ISIC_4908497,IL_4375831,Benign,VASC,clinical: close-up,60.0,female,lower extremity
ISIC_4909505,IL_9678089,Malignant,BCC,dermoscopic,50.0,female,
ISIC_4909590,IL_5311441,Benign,DF,clinical: close-up,50.0,male,lower extremity
ISIC_4911521,IL_1176036,Malignant,SCCKA,dermoscopic,65.0,female,lower extremity
ISIC_4912510,IL_9984501,Malignant,BCC,dermoscopic,65.0,male,upper extremity
ISIC_4913073,IL_6156024,Malignant,BCC,clinical: close-up,80.0,female,
ISIC_4914433,IL_6352685,Malignant,BCC,dermoscopic,70.0,female,lower extremity
ISIC_4914852,IL_9448117,Malignant,BCC,dermoscopic,65.0,male,head/neck
ISIC_4915601,IL_8219054,Malignant,SCCKA,clinical: close-up,80.0,male,lower extremity
ISIC_4916835,IL_5263349,Benign,BKL,clinical: close-up,60.0,female,upper extremity
ISIC_4919326,IL_4028945,Malignant,AKIEC,clinical: close-up,75.0,female,head/neck
ISIC_4920461,IL_8506800,Malignant,BCC,dermoscopic,75.0,male,head/neck
ISIC_4923148,IL_1239256,Malignant,SCCKA,clinical: close-up,60.0,female,head/neck
ISIC_4923499,IL_1794752,Malignant,BCC,clinical: close-up,60.0,male,
ISIC_4923934,IL_8557195,Benign,BEN_OTH,dermoscopic,25.0,female,head/neck
ISIC_4924759,IL_3297767,Malignant,BCC,clinical: close-up,75.0,male,head/neck
ISIC_4924775,IL_8247508,Malignant,BCC,dermoscopic,70.0,female,head/neck
ISIC_4925748,IL_3475151,Benign,BKL,clinical: close-up,60.0,female,lower extremity
ISIC_4929016,IL_2276592,Malignant,BCC,clinical: close-up,75.0,female,head/neck
ISIC_4929247,IL_6770376,Malignant,SCCKA,dermoscopic,55.0,female,upper extremity
ISIC_4933345,IL_8277496,Malignant,BCC,dermoscopic,45.0,female,lower extremity
ISIC_4933905,IL_0474347,Malignant,SCCKA,dermoscopic,65.0,female,upper extremity
ISIC_4933959,IL_4500460,Malignant,BCC,clinical: close-up,60.0,male,lower extremity
ISIC_4938829,IL_6681910,Malignant,BCC,dermoscopic,70.0,male,upper extremity
ISIC_4939357,IL_5512123,Malignant,BCC,dermoscopic,70.0,male,
ISIC_4940127,IL_9486743,Malignant,SCCKA,dermoscopic,85.0,female,lower extremity
ISIC_4943764,IL_4032285,Malignant,BCC,clinical: close-up,50.0,male,
ISIC_4945500,IL_2473715,Malignant,SCCKA,clinical: close-up,80.0,female,upper extremity
ISIC_4950049,IL_4765483,Malignant,BCC,clinical: close-up,85.0,male,
ISIC_4951263,IL_9685051,Benign,NV,clinical: close-up,50.0,male,
ISIC_4955572,IL_1129675,Malignant,BCC,dermoscopic,65.0,female,
ISIC_4956012,IL_8145813,Benign,BEN_OTH,dermoscopic,50.0,female,head/neck
ISIC_4957395,IL_2889999,Benign,BKL,clinical: close-up,65.0,male,upper extremity
ISIC_4957526,IL_4294733,Malignant,BCC,dermoscopic,75.0,female,lower extremity
ISIC_4958487,IL_7363364,Malignant,BCC,clinical: close-up,50.0,male,lower extremity
ISIC_4963201,IL_6188972,Malignant,BCC,dermoscopic,60.0,female,
ISIC_4964694,IL_5378051,Benign,BKL,dermoscopic,55.0,female,lower extremity
ISIC_4965110,IL_4375054,Malignant,SCCKA,dermoscopic,45.0,male,
ISIC_4966803,IL_0313731,Malignant,BCC,dermoscopic,75.0,male,head/neck
ISIC_4967282,IL_3553236,Malignant,MEL,clinical: close-up,40.0,female,head/neck
ISIC_4968641,IL_0404523,Malignant,MEL,dermoscopic,70.0,female,head/neck
ISIC_4969084,IL_9897440,Benign,NV,dermoscopic,5.0,female,lower extremity
ISIC_4969277,IL_1097416,Malignant,MEL,dermoscopic,65.0,female,lower extremity
ISIC_4970657,IL_0466383,Malignant,BCC,clinical: close-up,65.0,male,head/neck
ISIC_4971911,IL_8173942,Malignant,MAL_OTH,clinical: close-up,35.0,female,
ISIC_4973067,IL_3615329,Malignant,BCC,clinical: close-up,75.0,male,
ISIC_4975719,IL_3170694,Malignant,SCCKA,clinical: close-up,50.0,male,head/neck
ISIC_4976142,IL_9400268,Benign,NV,clinical: close-up,35.0,male,head/neck
ISIC_4976629,IL_3020505,Malignant,BCC,dermoscopic,50.0,female,upper extremity
ISIC_4977351,IL_7356109,Malignant,SCCKA,dermoscopic,85.0,male,head/neck
ISIC_4978173,IL_1779871,Benign,BKL,clinical: close-up,75.0,male,head/neck
ISIC_4979236,IL_3069196,Malignant,BCC,clinical: close-up,55.0,female,lower extremity
ISIC_4979533,IL_9523157,Malignant,BCC,dermoscopic,75.0,female,head/neck
ISIC_4980158,IL_0074413,Benign,NV,dermoscopic,35.0,female,
ISIC_4983893,IL_7564566,Malignant,BCC,dermoscopic,55.0,female,upper extremity
ISIC_4984469,IL_1391471,Malignant,BCC,dermoscopic,75.0,female,head/neck
ISIC_4984580,IL_0586975,Malignant,AKIEC,clinical: close-up,45.0,female,head/neck
ISIC_4984773,IL_4647255,Malignant,BCC,dermoscopic,75.0,female,head/neck
ISIC_4985739,IL_7951071,Benign,BKL,dermoscopic,75.0,male,head/neck
ISIC_4987638,IL_7333819,Malignant,BCC,clinical: close-up,70.0,male,upper extremity
ISIC_4989932,IL_0610224,Malignant,SCCKA,clinical: close-up,75.0,female,
ISIC_4990358,IL_2772530,Malignant,SCCKA,dermoscopic,65.0,male,head/neck
ISIC_4992936,IL_7635257,Malignant,MEL,clinical: close-up,65.0,male,
ISIC_4996777,IL_5209978,Malignant,BCC,dermoscopic,40.0,female,head/neck
ISIC_5000414,IL_7811339,Malignant,BCC,dermoscopic,60.0,male,
ISIC_5004150,IL_3301980,Malignant,BCC,clinical: close-up,70.0,female,upper extremity
ISIC_5006235,IL_0152415,Malignant,BCC,dermoscopic,70.0,female,lower extremity
ISIC_5007628,IL_2815736,Malignant,SCCKA,clinical: close-up,75.0,male,upper extremity
ISIC_5010590,IL_4928087,Malignant,MEL,dermoscopic,70.0,male,head/neck
ISIC_5013715,IL_5140022,Malignant,BCC,clinical: close-up,65.0,male,
ISIC_5015322,IL_5832073,Benign,BKL,clinical: close-up,50.0,male,upper extremity
ISIC_5016123,IL_0083505,Benign,NV,clinical: close-up,40.0,female,
ISIC_5017355,IL_0618534,Benign,NV,dermoscopic,35.0,female,
ISIC_5018607,IL_1141889,Benign,BKL,clinical: close-up,80.0,male,head/neck
ISIC_5020961,IL_1962759,Benign,NV,dermoscopic,,male,upper extremity
ISIC_5023550,IL_9943319,Benign,NV,dermoscopic,15.0,female,head/neck
ISIC_5026774,IL_4441358,Malignant,BCC,dermoscopic,80.0,male,
ISIC_5027597,IL_7274856,Benign,BKL,dermoscopic,70.0,male,upper extremity
ISIC_5027796,IL_5246616,Malignant,BCC,dermoscopic,70.0,female,lower extremity
ISIC_5030934,IL_0490724,Malignant,BCC,dermoscopic,65.0,female,
ISIC_5030992,IL_4033991,Benign,BKL,clinical: close-up,65.0,male,
ISIC_5031508,IL_6967466,Indeterminate,AKIEC,clinical: close-up,70.0,male,head/neck
ISIC_5036259,IL_8577352,Malignant,BCC,dermoscopic,60.0,male,lower extremity
ISIC_5037023,IL_7591530,Benign,BKL,clinical: close-up,60.0,male,
ISIC_5042080,IL_8726676,Malignant,SCCKA,dermoscopic,55.0,male,upper extremity
ISIC_5042253,IL_4706609,Malignant,BCC,dermoscopic,65.0,male,
ISIC_5043555,IL_3216305,Malignant,BCC,clinical: close-up,40.0,female,head/neck
ISIC_5047126,IL_6609864,Benign,NV,clinical: close-up,70.0,male,
ISIC_5047383,IL_0044468,Malignant,MEL,clinical: close-up,75.0,male,
ISIC_5050587,IL_3824346,Malignant,SCCKA,dermoscopic,85.0,male,head/neck
ISIC_5052804,IL_0786469,Benign,NV,dermoscopic,20.0,female,
ISIC_5053442,IL_3297767,Malignant,BCC,dermoscopic,75.0,male,head/neck
ISIC_5055083,IL_3288757,Benign,NV,dermoscopic,70.0,male,
ISIC_5056247,IL_7206184,Malignant,AKIEC,dermoscopic,60.0,male,lower extremity
ISIC_5056347,IL_9583565,Benign,NV,clinical: close-up,60.0,female,lower extremity
ISIC_5058400,IL_7348200,Malignant,BCC,clinical: close-up,70.0,male,head/neck
ISIC_5058408,IL_9769772,Malignant,BCC,dermoscopic,55.0,male,
ISIC_5062776,IL_6502253,Malignant,BCC,dermoscopic,75.0,male,
ISIC_5063002,IL_0952894,Benign,NV,dermoscopic,25.0,female,head/neck
ISIC_5064090,IL_7101016,Malignant,BCC,dermoscopic,55.0,male,head/neck
ISIC_5064865,IL_1127308,Malignant,SCCKA,dermoscopic,65.0,male,head/neck
ISIC_5067697,IL_9366811,Malignant,BCC,clinical: close-up,50.0,male,head/neck
ISIC_5070126,IL_8610456,Malignant,BCC,dermoscopic,55.0,male,head/neck
ISIC_5071145,IL_2733872,Malignant,BCC,clinical: close-up,70.0,male,head/neck
ISIC_5074726,IL_2237445,Benign,NV,clinical: close-up,30.0,female,upper extremity
ISIC_5076582,IL_8735984,Benign,NV,clinical: close-up,55.0,female,lower extremity
ISIC_5077872,IL_3805769,Malignant,BCC,dermoscopic,75.0,male,head/neck
ISIC_5080331,IL_1711238,Malignant,MEL,dermoscopic,70.0,male,
ISIC_5082399,IL_2918897,Malignant,BCC,clinical: close-up,65.0,female,head/neck
ISIC_5083462,IL_2980838,Benign,BKL,clinical: close-up,45.0,male,
ISIC_5083538,IL_0932905,Malignant,BCC,clinical: close-up,60.0,female,upper extremity
ISIC_5083671,IL_6248388,Benign,INF,clinical: close-up,75.0,male,lower extremity
ISIC_5083751,IL_7332620,Malignant,BCC,clinical: close-up,45.0,male,lower extremity
ISIC_5084418,IL_3829109,Benign,NV,clinical: close-up,45.0,male,
ISIC_5084963,IL_3939188,Malignant,AKIEC,dermoscopic,70.0,male,upper extremity
ISIC_5086729,IL_7769100,Malignant,BCC,clinical: close-up,80.0,male,
ISIC_5087027,IL_6216018,Malignant,BCC,clinical: close-up,75.0,male,head/neck
ISIC_5087561,IL_4713984,Malignant,BCC,clinical: close-up,50.0,female,lower extremity
ISIC_5089532,IL_3658714,Benign,NV,dermoscopic,75.0,male,lower extremity
ISIC_5092515,IL_1350763,Malignant,AKIEC,dermoscopic,70.0,male,
ISIC_5092532,IL_3852140,Benign,NV,dermoscopic,30.0,male,head/neck
ISIC_5093195,IL_8459572,Malignant,BCC,dermoscopic,60.0,female,upper extremity
ISIC_5093287,IL_5200526,Malignant,SCCKA,clinical: close-up,80.0,male,lower extremity
ISIC_5093862,IL_8853986,Benign,BKL,dermoscopic,65.0,male,head/neck
ISIC_5101018,IL_8970458,Malignant,MEL,clinical: close-up,50.0,male,
ISIC_5101807,IL_6646437,Malignant,BCC,clinical: close-up,85.0,male,lower extremity
ISIC_5103206,IL_1150013,Benign,NV,dermoscopic,75.0,male,lower extremity
ISIC_5104415,IL_5752488,Indeterminate,AKIEC,dermoscopic,55.0,male,head/neck
ISIC_5110194,IL_7229080,Benign,BKL,clinical: close-up,70.0,male,
ISIC_5115393,IL_2925087,Malignant,AKIEC,clinical: close-up,60.0,male,
ISIC_5116256,IL_6179190,Malignant,BCC,dermoscopic,70.0,male,head/neck
ISIC_5116537,IL_5928623,Benign,BKL,clinical: close-up,60.0,male,head/neck
ISIC_5121043,IL_8060725,Malignant,BCC,clinical: close-up,60.0,male,
ISIC_5124607,IL_1567374,Malignant,BCC,dermoscopic,55.0,male,
ISIC_5128007,IL_3316446,Benign,BKL,clinical: close-up,55.0,female,
ISIC_5128796,IL_7092034,Malignant,BCC,dermoscopic,65.0,female,
ISIC_5132321,IL_5181859,Malignant,SCCKA,dermoscopic,65.0,male,head/neck
ISIC_5132630,IL_1175004,Malignant,BCC,dermoscopic,25.0,male,head/neck
ISIC_5133092,IL_3306844,Malignant,BCC,dermoscopic,65.0,male,head/neck
ISIC_5135848,IL_1544139,Malignant,SCCKA,clinical: close-up,50.0,male,
ISIC_5136915,IL_3122481,Malignant,BCC,clinical: close-up,60.0,male,
ISIC_5138441,IL_4511689,Malignant,BCC,dermoscopic,65.0,male,
ISIC_5138739,IL_7018812,Benign,NV,clinical: close-up,25.0,female,lower extremity
ISIC_5139740,IL_5424289,Malignant,BCC,clinical: close-up,65.0,male,
ISIC_5142210,IL_5672522,Malignant,BCC,dermoscopic,60.0,female,lower extremity
ISIC_5144687,IL_0092622,Malignant,MEL,dermoscopic,65.0,female,head/neck
ISIC_5145664,IL_8647816,Malignant,BCC,dermoscopic,70.0,female,lower extremity
ISIC_5148533,IL_4123354,Malignant,SCCKA,dermoscopic,70.0,male,lower extremity
ISIC_5149059,IL_0218965,Benign,NV,clinical: close-up,50.0,male,
ISIC_5149324,IL_7400064,Benign,BKL,dermoscopic,60.0,female,head/neck
ISIC_5149579,IL_5099226,Benign,NV,clinical: close-up,30.0,female,
ISIC_5151650,IL_7366789,Benign,BKL,dermoscopic,65.0,male,
ISIC_5152492,IL_3133685,Benign,BKL,dermoscopic,55.0,male,head/neck
ISIC_5156331,IL_7950923,Malignant,BCC,clinical: close-up,50.0,female,lower extremity
ISIC_5156395,IL_4630533,Malignant,AKIEC,dermoscopic,45.0,male,
ISIC_5157183,IL_8747849,Benign,NV,dermoscopic,75.0,male,head/neck
ISIC_5159606,IL_1675253,Malignant,BCC,clinical: close-up,45.0,male,head/neck
ISIC_5163313,IL_6938296,Malignant,MEL,clinical: close-up,55.0,male,
ISIC_5164012,IL_2721693,Malignant,BCC,dermoscopic,55.0,male,lower extremity
ISIC_5165824,IL_2351136,Malignant,BCC,dermoscopic,50.0,male,upper extremity
ISIC_5168814,IL_2503315,Malignant,MEL,clinical: close-up,60.0,male,head/neck
ISIC_5168853,IL_0588245,Malignant,BCC,clinical: close-up,75.0,male,
ISIC_5171808,IL_6673700,Benign,NV,dermoscopic,50.0,female,
ISIC_5173419,IL_0664842,Malignant,BCC,clinical: close-up,65.0,male,head/neck
ISIC_5173718,IL_2247062,Benign,NV,dermoscopic,25.0,female,lower extremity
ISIC_5174728,IL_3104013,Malignant,BCC,dermoscopic,55.0,male,
ISIC_5175946,IL_2526379,Benign,NV,dermoscopic,30.0,female,lower extremity
ISIC_5176734,IL_6705491,Malignant,MEL,clinical: close-up,70.0,male,upper extremity
ISIC_5179024,IL_5604764,Malignant,BCC,dermoscopic,85.0,female,head/neck
ISIC_5179141,IL_3376509,Malignant,BCC,clinical: close-up,70.0,male,head/neck
ISIC_5184106,IL_0891260,Malignant,BCC,dermoscopic,70.0,female,head/neck
ISIC_5186161,IL_4041847,Malignant,MEL,clinical: close-up,70.0,male,lower extremity
ISIC_5186218,IL_6430052,Malignant,BCC,dermoscopic,75.0,male,head/neck
ISIC_5188621,IL_4376551,Benign,NV,dermoscopic,75.0,female,head/neck
ISIC_5192756,IL_9262506,Malignant,BCC,clinical: close-up,70.0,female,lower extremity
ISIC_5192894,IL_3096857,Malignant,BCC,clinical: close-up,65.0,female,
ISIC_5195959,IL_9597986,Benign,BKL,dermoscopic,85.0,male,head/neck
ISIC_5199166,IL_9036149,Benign,NV,clinical: close-up,15.0,female,lower extremity
ISIC_5200686,IL_8885600,Malignant,BCC,dermoscopic,65.0,male,upper extremity
ISIC_5201104,IL_8850331,Malignant,MEL,clinical: close-up,80.0,female,
ISIC_5203019,IL_8846733,Malignant,BCC,clinical: close-up,50.0,female,head/neck
ISIC_5203294,IL_7511780,Benign,BKL,clinical: close-up,40.0,male,head/neck
ISIC_5203599,IL_0029019,Malignant,MEL,dermoscopic,75.0,female,
ISIC_5205716,IL_8875677,Indeterminate,AKIEC,clinical: close-up,85.0,male,
ISIC_5206219,IL_4381909,Indeterminate,AKIEC,clinical: close-up,70.0,male,head/neck
ISIC_5207549,IL_7244140,Benign,NV,dermoscopic,15.0,female,upper extremity
ISIC_5208838,IL_3892342,Malignant,BCC,clinical: close-up,75.0,female,head/neck
ISIC_5209351,IL_4109255,Malignant,SCCKA,dermoscopic,70.0,male,head/neck
ISIC_5210175,IL_0322820,Malignant,BCC,clinical: close-up,70.0,male,
ISIC_5212180,IL_6947307,Malignant,MEL,clinical: close-up,60.0,male,
ISIC_5212488,IL_5768412,Benign,NV,clinical: close-up,45.0,male,lower extremity
ISIC_5213096,IL_6178941,Benign,NV,clinical: close-up,70.0,male,
ISIC_5213643,IL_6555655,Malignant,BCC,dermoscopic,55.0,male,head/neck
ISIC_5214169,IL_5451589,Malignant,SCCKA,clinical: close-up,50.0,male,
ISIC_5214703,IL_0972770,Benign,INF,dermoscopic,25.0,male,
ISIC_5216960,IL_0428010,Benign,BKL,dermoscopic,75.0,female,head/neck
ISIC_5217075,IL_7135513,Benign,BKL,dermoscopic,75.0,female,lower extremity
ISIC_5218432,IL_0552883,Malignant,BCC,clinical: close-up,60.0,female,head/neck
ISIC_5221340,IL_7075634,Benign,BEN_OTH,dermoscopic,30.0,female,lower extremity
ISIC_5224246,IL_1609531,Malignant,BCC,dermoscopic,55.0,male,upper extremity
ISIC_5225765,IL_0770948,Malignant,SCCKA,dermoscopic,80.0,female,lower extremity
ISIC_5228122,IL_9353162,Benign,DF,clinical: close-up,40.0,male,lower extremity
ISIC_5230761,IL_0810155,Malignant,MEL,dermoscopic,60.0,female,lower extremity
ISIC_5232497,IL_0136746,Malignant,BCC,clinical: close-up,60.0,male,
ISIC_5233296,IL_2441603,Malignant,BCC,dermoscopic,70.0,male,lower extremity
ISIC_5233869,IL_4156451,Malignant,BCC,clinical: close-up,45.0,male,
ISIC_5235518,IL_2473158,Benign,BKL,dermoscopic,65.0,female,
ISIC_5240279,IL_1446570,Malignant,MEL,dermoscopic,70.0,male,
ISIC_5240908,IL_9554628,Benign,NV,clinical: close-up,35.0,female,
ISIC_5242235,IL_9430924,Malignant,BCC,dermoscopic,65.0,male,upper extremity
ISIC_5242567,IL_6332213,Malignant,BCC,clinical: close-up,55.0,male,
ISIC_5246163,IL_8165717,Benign,NV,clinical: close-up,40.0,male,
ISIC_5246923,IL_9701000,Benign,NV,dermoscopic,20.0,female,
ISIC_5247248,IL_3426033,Malignant,BCC,clinical: close-up,70.0,male,
ISIC_5248965,IL_4820678,Malignant,BCC,clinical: close-up,60.0,female,head/neck
ISIC_5253456,IL_3492505,Malignant,BCC,clinical: close-up,65.0,male,upper extremity
ISIC_5253746,IL_6552664,Malignant,MEL,dermoscopic,80.0,male,lower extremity
ISIC_5254610,IL_2275218,Malignant,BCC,clinical: close-up,65.0,male,
ISIC_5258143,IL_7669534,Malignant,SCCKA,dermoscopic,85.0,female,lower extremity
ISIC_5259848,IL_0890305,Benign,NV,clinical: close-up,60.0,male,
ISIC_5260184,IL_6765370,Malignant,BCC,clinical: close-up,65.0,male,upper extremity
ISIC_5261229,IL_6140490,Benign,BKL,clinical: close-up,75.0,female,head/neck
ISIC_5266605,IL_0869160,Malignant,BCC,dermoscopic,70.0,female,head/neck
ISIC_5268767,IL_2086126,Malignant,BCC,dermoscopic,65.0,male,
ISIC_5270147,IL_8595325,Benign,NV,dermoscopic,60.0,male,
ISIC_5271791,IL_6484840,Malignant,BCC,dermoscopic,60.0,female,head/neck
ISIC_5272574,IL_7010716,Malignant,BCC,dermoscopic,65.0,male,lower extremity
ISIC_5273681,IL_0332363,Malignant,BCC,dermoscopic,70.0,male,head/neck
ISIC_5274972,IL_7348404,Malignant,BCC,dermoscopic,70.0,female,upper extremity
ISIC_5275192,IL_6787106,Benign,BKL,dermoscopic,60.0,male,
ISIC_5276989,IL_4721897,Benign,BKL,dermoscopic,65.0,female,
ISIC_5280833,IL_9614802,Malignant,SCCKA,clinical: close-up,50.0,male,upper extremity
ISIC_5280874,IL_4182548,Benign,BKL,dermoscopic,65.0,male,upper extremity
ISIC_5280916,IL_2309123,Benign,NV,clinical: close-up,40.0,female,upper extremity
ISIC_5282437,IL_6953253,Benign,BKL,clinical: close-up,60.0,female,lower extremity
ISIC_5283239,IL_8638441,Malignant,BCC,dermoscopic,65.0,male,upper extremity
ISIC_5286872,IL_6193516,Malignant,BCC,dermoscopic,55.0,female,
ISIC_5287761,IL_2466652,Malignant,BCC,clinical: close-up,65.0,female,lower extremity
ISIC_5287888,IL_2671860,Malignant,BCC,clinical: close-up,60.0,male,
ISIC_5289955,IL_3137166,Indeterminate,AKIEC,clinical: close-up,55.0,male,head/neck
ISIC_5291074,IL_7308979,Benign,BKL,clinical: close-up,85.0,male,head/neck
ISIC_5291256,IL_4240733,Malignant,BCC,clinical: close-up,50.0,female,upper extremity
ISIC_5291973,IL_2707139,Malignant,AKIEC,clinical: close-up,80.0,female,
ISIC_5293815,IL_9099614,Malignant,BCC,dermoscopic,70.0,male,head/neck
ISIC_5294377,IL_8142572,Benign,NV,dermoscopic,40.0,male,
ISIC_5297462,IL_9882527,Malignant,BCC,dermoscopic,60.0,female,
ISIC_5298792,IL_6440740,Malignant,SCCKA,clinical: close-up,80.0,male,head/neck
ISIC_5299228,IL_7725832,Benign,NV,clinical: close-up,50.0,female,upper extremity
ISIC_5299723,IL_5301199,Benign,BKL,clinical: close-up,65.0,male,
ISIC_5305490,IL_7743352,Benign,BEN_OTH,clinical: close-up,50.0,female,head/neck
ISIC_5306085,IL_1794752,Malignant,BCC,dermoscopic,60.0,male,
ISIC_5306258,IL_5324698,Benign,BKL,dermoscopic,40.0,female,head/neck
ISIC_5308373,IL_0215570,Malignant,BCC,clinical: close-up,75.0,female,
ISIC_5308424,IL_6847142,Malignant,BCC,clinical: close-up,65.0,female,lower extremity
ISIC_5310379,IL_0967038,Benign,BKL,dermoscopic,85.0,male,
ISIC_5310585,IL_6950574,Malignant,SCCKA,dermoscopic,75.0,female,head/neck
ISIC_5311382,IL_4245376,Malignant,BCC,dermoscopic,30.0,female,
ISIC_5312126,IL_6003342,Benign,BKL,dermoscopic,65.0,male,head/neck
ISIC_5313254,IL_2612192,Malignant,BCC,dermoscopic,65.0,female,
ISIC_5314299,IL_2305768,Benign,BKL,clinical: close-up,65.0,male,
ISIC_5314319,IL_1030040,Benign,NV,clinical: close-up,65.0,male,
ISIC_5315022,IL_1272138,Malignant,BCC,clinical: close-up,45.0,female,
ISIC_5318655,IL_0864051,Malignant,BCC,clinical: close-up,40.0,male,head/neck
ISIC_5325202,IL_4504514,Malignant,BCC,clinical: close-up,60.0,female,
ISIC_5325372,IL_6197231,Malignant,BCC,dermoscopic,75.0,female,head/neck
ISIC_5328520,IL_9554653,Malignant,BCC,clinical: close-up,50.0,female,head/neck
ISIC_5333979,IL_9588958,Malignant,MEL,clinical: close-up,70.0,male,
ISIC_5335240,IL_7331550,Indeterminate,AKIEC,dermoscopic,80.0,male,head/neck
ISIC_5341584,IL_0718275,Malignant,MEL,clinical: close-up,55.0,male,upper extremity
ISIC_5342997,IL_2139485,Malignant,BCC,clinical: close-up,65.0,female,
ISIC_5343449,IL_3893799,Malignant,SCCKA,clinical: close-up,80.0,female,
ISIC_5344273,IL_0079116,Malignant,BCC,dermoscopic,50.0,female,
ISIC_5345684,IL_9835714,Malignant,BCC,clinical: close-up,65.0,male,head/neck
ISIC_5348732,IL_6987623,Malignant,SCCKA,dermoscopic,55.0,male,upper extremity
ISIC_5349344,IL_1131415,Malignant,BCC,clinical: close-up,85.0,male,
ISIC_5349431,IL_9029664,Malignant,MEL,clinical: close-up,70.0,male,
ISIC_5349810,IL_6113513,Benign,NV,clinical: close-up,10.0,female,lower extremity
ISIC_5350161,IL_0097757,Benign,BKL,dermoscopic,75.0,female,head/neck
ISIC_5350286,IL_7716473,Malignant,BCC,dermoscopic,80.0,female,
ISIC_5352383,IL_0592358,Malignant,BCC,dermoscopic,50.0,male,head/neck
ISIC_5352485,IL_1293344,Malignant,BCC,clinical: close-up,85.0,male,lower extremity
ISIC_5353872,IL_6950082,Malignant,BCC,clinical: close-up,70.0,female,head/neck
ISIC_5356282,IL_2658835,Malignant,BCC,dermoscopic,60.0,female,
ISIC_5358212,IL_9608485,Benign,NV,dermoscopic,30.0,male,
ISIC_5360213,IL_4068514,Malignant,BCC,dermoscopic,85.0,male,head/neck
ISIC_5363218,IL_9437710,Malignant,AKIEC,dermoscopic,65.0,male,
ISIC_5364113,IL_0860042,Benign,NV,clinical: close-up,35.0,male,lower extremity
ISIC_5364900,IL_9763780,Benign,BKL,dermoscopic,75.0,male,
ISIC_5367270,IL_0927709,Malignant,MEL,clinical: close-up,70.0,male,head/neck
ISIC_5372698,IL_3944714,Malignant,BCC,clinical: close-up,75.0,female,
ISIC_5372884,IL_0500533,Malignant,BCC,dermoscopic,55.0,female,lower extremity
ISIC_5373218,IL_1252231,Malignant,BCC,dermoscopic,75.0,male,lower extremity
ISIC_5373976,IL_1273535,Benign,BKL,clinical: close-up,50.0,male,head/neck
ISIC_5374944,IL_5903951,Malignant,BCC,clinical: close-up,65.0,male,upper extremity
ISIC_5378143,IL_7619884,Benign,BKL,dermoscopic,70.0,female,
ISIC_5380664,IL_8331769,Benign,NV,dermoscopic,30.0,female,head/neck
ISIC_5380715,IL_8124178,Benign,NV,dermoscopic,45.0,female,upper extremity
ISIC_5381727,IL_0143868,Malignant,SCCKA,dermoscopic,75.0,male,lower extremity
ISIC_5383487,IL_3134757,Malignant,BCC,clinical: close-up,65.0,male,
ISIC_5385783,IL_9823804,Malignant,BCC,dermoscopic,70.0,male,
ISIC_5386998,IL_1647541,Malignant,BCC,clinical: close-up,55.0,female,
ISIC_5387219,IL_3423568,Malignant,MEL,dermoscopic,85.0,female,
ISIC_5387790,IL_4749815,Malignant,BCC,clinical: close-up,55.0,female,head/neck
ISIC_5392764,IL_0340330,Benign,VASC,clinical: close-up,55.0,female,lower extremity
ISIC_5395949,IL_2221229,Benign,NV,clinical: close-up,70.0,male,
ISIC_5398396,IL_8252843,Malignant,SCCKA,dermoscopic,70.0,female,upper extremity
ISIC_5398617,IL_7001999,Benign,BKL,dermoscopic,60.0,female,
ISIC_5399116,IL_7408764,Malignant,BCC,clinical: close-up,45.0,female,lower extremity
ISIC_5399167,IL_8003176,Malignant,SCCKA,dermoscopic,70.0,male,upper extremity
ISIC_5400013,IL_2093270,Benign,NV,clinical: close-up,40.0,male,
ISIC_5402488,IL_5675796,Benign,BKL,dermoscopic,65.0,male,
ISIC_5403535,IL_2504113,Malignant,BCC,clinical: close-up,50.0,male,
ISIC_5406249,IL_5833308,Benign,NV,clinical: close-up,60.0,male,
ISIC_5407200,IL_5766424,Benign,NV,clinical: close-up,10.0,female,lower extremity
ISIC_5412380,IL_9689352,Malignant,MEL,dermoscopic,55.0,female,upper extremity
ISIC_5412550,IL_0127859,Benign,NV,dermoscopic,30.0,male,
ISIC_5416823,IL_1254806,Benign,BKL,clinical: close-up,65.0,female,head/neck
ISIC_5420985,IL_5469172,Malignant,BCC,clinical: close-up,70.0,female,head/neck
ISIC_5423101,IL_1058871,Malignant,BCC,clinical: close-up,35.0,female,head/neck
ISIC_5424675,IL_8803533,Malignant,SCCKA,dermoscopic,70.0,female,upper extremity
ISIC_5425962,IL_0607639,Indeterminate,AKIEC,dermoscopic,70.0,male,head/neck
ISIC_5427398,IL_8683855,Malignant,BCC,dermoscopic,85.0,male,upper extremity
ISIC_5430362,IL_4135081,Malignant,BCC,dermoscopic,60.0,male,head/neck
ISIC_5431278,IL_3398129,Malignant,BCC,dermoscopic,85.0,male,head/neck
ISIC_5433214,IL_6502253,Malignant,BCC,clinical: close-up,75.0,male,
ISIC_5433476,IL_6658554,Benign,BKL,clinical: close-up,55.0,female,lower extremity
ISIC_5434141,IL_7373612,Malignant,BCC,dermoscopic,40.0,female,upper extremity
ISIC_5435390,IL_7549554,Malignant,BCC,clinical: close-up,70.0,male,lower extremity
ISIC_5440216,IL_8037743,Malignant,MEL,clinical: close-up,40.0,female,
ISIC_5441520,IL_0736879,Malignant,BCC,dermoscopic,55.0,female,head/neck
ISIC_5442968,IL_5571355,Malignant,MEL,dermoscopic,70.0,female,
ISIC_5443014,IL_2407358,Benign,BKL,clinical: close-up,75.0,female,
ISIC_5444755,IL_3151358,Benign,BKL,clinical: close-up,55.0,female,upper extremity
ISIC_5449503,IL_6256539,Malignant,MEL,clinical: close-up,55.0,female,head/neck
ISIC_5450702,IL_6309287,Malignant,SCCKA,clinical: close-up,50.0,male,head/neck
ISIC_5452534,IL_4441358,Malignant,BCC,clinical: close-up,80.0,male,
ISIC_5455211,IL_5727849,Malignant,BCC,clinical: close-up,85.0,male,
ISIC_5456124,IL_0487689,Benign,NV,clinical: close-up,65.0,female,
ISIC_5456265,IL_6169727,Malignant,SCCKA,clinical: close-up,75.0,male,
ISIC_5459597,IL_5022797,Benign,NV,clinical: close-up,35.0,female,lower extremity
ISIC_5460617,IL_3955700,Benign,BKL,dermoscopic,85.0,male,
ISIC_5466262,IL_7940673,Malignant,MEL,clinical: close-up,45.0,male,
ISIC_5466692,IL_8566175,Malignant,BCC,clinical: close-up,75.0,male,
ISIC_5466838,IL_9513774,Malignant,BCC,clinical: close-up,75.0,male,upper extremity
ISIC_5467966,IL_9147878,Malignant,BCC,dermoscopic,75.0,male,
ISIC_5469285,IL_7402756,Malignant,BCC,dermoscopic,85.0,female,upper extremity
ISIC_5469861,IL_3719670,Malignant,SCCKA,dermoscopic,60.0,male,head/neck
ISIC_5471903,IL_9949464,Benign,BKL,clinical: close-up,70.0,male,head/neck
ISIC_5472264,IL_2538872,Malignant,BCC,dermoscopic,55.0,female,
ISIC_5475497,IL_1844435,Malignant,MEL,clinical: close-up,80.0,male,upper extremity
ISIC_5475721,IL_0469511,Benign,NV,dermoscopic,40.0,female,
ISIC_5476166,IL_8808528,Malignant,MEL,clinical: close-up,80.0,male,
ISIC_5479076,IL_8012977,Benign,BKL,clinical: close-up,45.0,female,head/neck
ISIC_5483548,IL_3306844,Malignant,BCC,clinical: close-up,65.0,male,head/neck
ISIC_5483736,IL_6192656,Malignant,BCC,clinical: close-up,70.0,male,lower extremity
ISIC_5493878,IL_5780868,Malignant,BCC,clinical: close-up,60.0,male,head/neck
ISIC_5493908,IL_8461423,Malignant,BCC,dermoscopic,70.0,male,head/neck
ISIC_5494355,IL_2968556,Malignant,AKIEC,clinical: close-up,80.0,female,upper extremity
ISIC_5494808,IL_1062117,Malignant,MEL,clinical: close-up,80.0,male,
ISIC_5495313,IL_5014873,Malignant,SCCKA,clinical: close-up,65.0,male,lower extremity
ISIC_5501232,IL_2751671,Malignant,BCC,dermoscopic,40.0,female,
ISIC_5501634,IL_4629787,Malignant,BCC,dermoscopic,60.0,male,lower extremity
ISIC_5503156,IL_0705528,Malignant,BCC,clinical: close-up,70.0,male,upper extremity
ISIC_5509679,IL_1445099,Malignant,MEL,dermoscopic,70.0,male,
ISIC_5509823,IL_5468213,Benign,BKL,dermoscopic,65.0,male,upper extremity
ISIC_5510526,IL_2332411,Malignant,MEL,dermoscopic,65.0,female,
ISIC_5511054,IL_5812139,Malignant,MEL,dermoscopic,45.0,male,
ISIC_5511950,IL_2974900,Malignant,BCC,dermoscopic,70.0,male,
ISIC_5513367,IL_3156059,Malignant,MEL,dermoscopic,80.0,male,upper extremity
ISIC_5513734,IL_3954286,Malignant,BCC,clinical: close-up,65.0,male,
ISIC_5514135,IL_2502000,Malignant,BCC,dermoscopic,80.0,male,lower extremity
ISIC_5517500,IL_3566495,Malignant,BCC,dermoscopic,55.0,male,
ISIC_5517639,IL_7092034,Malignant,BCC,clinical: close-up,65.0,female,
ISIC_5518035,IL_9667838,Benign,NV,clinical: close-up,35.0,female,
ISIC_5518449,IL_2545098,Benign,BKL,clinical: close-up,60.0,male,
ISIC_5520243,IL_3165237,Malignant,BCC,clinical: close-up,60.0,male,upper extremity
ISIC_5521729,IL_6204310,Indeterminate,AKIEC,dermoscopic,65.0,male,head/neck
ISIC_5527533,IL_6451411,Malignant,BCC,clinical: close-up,50.0,female,
ISIC_5527895,IL_1873116,Malignant,BCC,clinical: close-up,65.0,female,lower extremity
ISIC_5529223,IL_9250210,Benign,NV,dermoscopic,20.0,female,lower extremity
ISIC_5531874,IL_2867550,Malignant,MEL,dermoscopic,75.0,male,lower extremity
ISIC_5533850,IL_9689352,Malignant,MEL,clinical: close-up,55.0,female,upper extremity
ISIC_5534471,IL_0559300,Benign,BKL,dermoscopic,55.0,male,upper extremity
ISIC_5536536,IL_1496554,Malignant,SCCKA,clinical: close-up,80.0,male,lower extremity
ISIC_5539918,IL_5214298,Malignant,SCCKA,clinical: close-up,65.0,male,head/neck
ISIC_5542563,IL_1327367,Benign,BKL,clinical: close-up,65.0,female,lower extremity
ISIC_5542664,IL_4941375,Malignant,BCC,clinical: close-up,70.0,male,
ISIC_5543919,IL_4913494,Benign,BKL,dermoscopic,85.0,female,upper extremity
ISIC_5547547,IL_2321044,Malignant,AKIEC,clinical: close-up,50.0,female,
ISIC_5548095,IL_2208727,Malignant,BCC,dermoscopic,60.0,male,head/neck
ISIC_5550212,IL_2531904,Benign,BKL,dermoscopic,60.0,female,head/neck
ISIC_5553426,IL_9052165,Malignant,BCC,clinical: close-up,60.0,female,
ISIC_5553849,IL_6477197,Malignant,BCC,dermoscopic,70.0,male,
ISIC_5554902,IL_0111269,Malignant,SCCKA,clinical: close-up,80.0,male,lower extremity
ISIC_5558490,IL_3469370,Malignant,SCCKA,clinical: close-up,80.0,male,lower extremity
ISIC_5564663,IL_3664176,Malignant,BCC,clinical: close-up,60.0,male,
ISIC_5564889,IL_3700526,Malignant,BCC,dermoscopic,80.0,male,
ISIC_5566200,IL_3518875,Malignant,BCC,dermoscopic,60.0,male,lower extremity
ISIC_5566320,IL_2094234,Malignant,MEL,dermoscopic,80.0,female,head/neck
ISIC_5566852,IL_5604150,Malignant,SCCKA,dermoscopic,70.0,male,
ISIC_5567558,IL_5554236,Benign,BKL,dermoscopic,50.0,male,
ISIC_5569473,IL_3949779,Malignant,BCC,dermoscopic,50.0,male,
ISIC_5570317,IL_5331190,Benign,BKL,dermoscopic,60.0,male,upper extremity
ISIC_5570534,IL_2150976,Benign,BEN_OTH,clinical: close-up,45.0,female,
ISIC_5574831,IL_8118311,Benign,NV,clinical: close-up,45.0,female,upper extremity
ISIC_5584851,IL_2647562,Benign,BKL,dermoscopic,70.0,female,
ISIC_5584967,IL_7803371,Malignant,SCCKA,dermoscopic,45.0,male,
ISIC_5585397,IL_4600654,Malignant,BCC,clinical: close-up,60.0,female,lower extremity
ISIC_5587236,IL_0817869,Benign,NV,dermoscopic,35.0,male,upper extremity
ISIC_5588711,IL_1569334,Benign,NV,clinical: close-up,35.0,male,
ISIC_5592478,IL_6502535,Benign,BKL,clinical: close-up,65.0,female,upper extremity
ISIC_5594942,IL_1391368,Malignant,SCCKA,clinical: close-up,85.0,male,head/neck
ISIC_5595298,IL_3742316,Malignant,BCC,dermoscopic,65.0,female,head/neck
ISIC_5597278,IL_5111360,Malignant,BCC,dermoscopic,60.0,male,
ISIC_5602590,IL_0610322,Malignant,BCC,clinical: close-up,80.0,male,
ISIC_5602626,IL_5066436,Benign,BKL,dermoscopic,50.0,male,head/neck
ISIC_5602759,IL_6831423,Benign,BKL,dermoscopic,75.0,male,upper extremity
ISIC_5604357,IL_6176161,Malignant,BCC,dermoscopic,65.0,male,head/neck
ISIC_5605406,IL_0469044,Malignant,BCC,clinical: close-up,85.0,male,lower extremity
ISIC_5605573,IL_5429877,Malignant,BCC,dermoscopic,70.0,male,upper extremity
ISIC_5607139,IL_8642891,Malignant,BCC,dermoscopic,55.0,male,upper extremity
ISIC_5607257,IL_2243565,Indeterminate,AKIEC,dermoscopic,60.0,male,head/neck
ISIC_5607642,IL_3271676,Malignant,BCC,dermoscopic,50.0,male,head/neck
ISIC_5607974,IL_1434019,Benign,NV,clinical: close-up,30.0,female,head/neck
ISIC_5612498,IL_6514387,Benign,NV,clinical: close-up,40.0,female,lower extremity
ISIC_5612751,IL_0419273,Malignant,BCC,clinical: close-up,70.0,male,
ISIC_5614068,IL_4785654,Malignant,SCCKA,dermoscopic,65.0,male,lower extremity
ISIC_5614863,IL_0500533,Malignant,BCC,clinical: close-up,55.0,female,lower extremity
ISIC_5616230,IL_1104647,Malignant,BCC,dermoscopic,50.0,male,
ISIC_5620414,IL_2497453,Malignant,SCCKA,clinical: close-up,80.0,female,lower extremity
ISIC_5620717,IL_7912330,Malignant,BCC,clinical: close-up,65.0,male,head/neck
ISIC_5622862,IL_8576220,Malignant,BCC,clinical: close-up,60.0,male,lower extremity
ISIC_5624559,IL_8383981,Malignant,BCC,dermoscopic,60.0,female,lower extremity
ISIC_5626843,IL_4164624,Malignant,BCC,clinical: close-up,75.0,male,lower extremity
ISIC_5629312,IL_2450142,Malignant,MEL,dermoscopic,65.0,male,
ISIC_5630379,IL_0931113,Malignant,SCCKA,dermoscopic,60.0,male,head/neck
ISIC_5632058,IL_7869579,Malignant,BCC,clinical: close-up,80.0,male,
ISIC_5633193,IL_8695505,Benign,NV,clinical: close-up,55.0,male,
ISIC_5634198,IL_5490327,Malignant,BCC,dermoscopic,85.0,male,
ISIC_5636046,IL_7308979,Benign,BKL,dermoscopic,85.0,male,head/neck
ISIC_5640000,IL_3540228,Benign,BEN_OTH,dermoscopic,15.0,male,head/neck
ISIC_5641672,IL_7625524,Malignant,BCC,clinical: close-up,50.0,male,
ISIC_5643199,IL_4429998,Malignant,BCC,clinical: close-up,85.0,female,head/neck
ISIC_5643547,IL_2101385,Benign,NV,dermoscopic,75.0,female,head/neck
ISIC_5644081,IL_2286275,Malignant,BCC,clinical: close-up,60.0,male,head/neck
ISIC_5645178,IL_1866823,Malignant,BCC,clinical: close-up,60.0,male,head/neck
ISIC_5647228,IL_9880197,Benign,NV,clinical: close-up,40.0,female,lower extremity
ISIC_5648144,IL_3805769,Malignant,BCC,clinical: close-up,75.0,male,head/neck
ISIC_5648712,IL_7110419,Malignant,BCC,clinical: close-up,55.0,male,upper extremity
ISIC_5649480,IL_2710890,Benign,NV,clinical: close-up,35.0,female,head/neck
ISIC_5649736,IL_6592976,Malignant,BCC,clinical: close-up,50.0,female,head/neck
ISIC_5651049,IL_9716310,Malignant,MEL,dermoscopic,75.0,male,lower extremity
ISIC_5655170,IL_1724228,Malignant,BCC,clinical: close-up,80.0,male,head/neck
ISIC_5655393,IL_9689348,Malignant,BCC,clinical: close-up,60.0,male,head/neck
ISIC_5656373,IL_0486973,Malignant,BCC,clinical: close-up,55.0,male,lower extremity
ISIC_5657135,IL_0409175,Benign,NV,clinical: close-up,45.0,male,
ISIC_5657346,IL_5657022,Malignant,BCC,dermoscopic,65.0,male,head/neck
ISIC_5657666,IL_8719061,Malignant,BCC,clinical: close-up,60.0,female,
ISIC_5659521,IL_5897108,Malignant,BCC,dermoscopic,75.0,female,head/neck
ISIC_5660553,IL_5833308,Benign,NV,dermoscopic,60.0,male,
ISIC_5660758,IL_5766493,Malignant,BCC,clinical: close-up,70.0,male,head/neck
ISIC_5662432,IL_1093822,Malignant,BCC,clinical: close-up,85.0,female,upper extremity
ISIC_5663141,IL_6980799,Malignant,BCC,clinical: close-up,70.0,male,head/neck
ISIC_5664212,IL_9184351,Benign,NV,clinical: close-up,65.0,female,lower extremity
ISIC_5665171,IL_9411177,Benign,NV,dermoscopic,30.0,male,upper extremity
ISIC_5665189,IL_9209825,Malignant,SCCKA,dermoscopic,85.0,female,upper extremity
ISIC_5667513,IL_0137229,Malignant,SCCKA,clinical: close-up,65.0,male,head/neck
ISIC_5667703,IL_2534024,Malignant,BCC,clinical: close-up,65.0,male,head/neck
ISIC_5671011,IL_3772647,Malignant,BCC,clinical: close-up,80.0,female,
ISIC_5675115,IL_1484044,Benign,BKL,clinical: close-up,65.0,male,head/neck
ISIC_5675875,IL_5771256,Malignant,BCC,dermoscopic,55.0,male,
ISIC_5676014,IL_7348450,Malignant,BCC,clinical: close-up,60.0,female,lower extremity
ISIC_5679759,IL_2983051,Malignant,BCC,dermoscopic,75.0,male,
ISIC_5680223,IL_3052885,Benign,BKL,clinical: close-up,65.0,male,head/neck
ISIC_5680960,IL_5529544,Malignant,BCC,clinical: close-up,70.0,male,
ISIC_5681371,IL_8375718,Malignant,BCC,dermoscopic,70.0,female,
ISIC_5682266,IL_5304698,Malignant,BCC,clinical: close-up,85.0,female,upper extremity
ISIC_5683123,IL_0113118,Malignant,BCC,clinical: close-up,65.0,female,lower extremity
ISIC_5685120,IL_4011591,Malignant,BCC,dermoscopic,40.0,female,
ISIC_5686620,IL_8053912,Malignant,MEL,clinical: close-up,65.0,male,head/neck
ISIC_5686692,IL_6420001,Malignant,BCC,dermoscopic,50.0,male,head/neck
ISIC_5689234,IL_4095279,Malignant,BCC,clinical: close-up,50.0,male,
ISIC_5689912,IL_6498121,Malignant,BCC,clinical: close-up,45.0,male,
ISIC_5693691,IL_0215570,Malignant,BCC,dermoscopic,75.0,female,
ISIC_5698613,IL_3954286,Malignant,BCC,dermoscopic,65.0,male,
ISIC_5699349,IL_5607786,Malignant,MEL,dermoscopic,60.0,male,
ISIC_5702669,IL_3504341,Malignant,BCC,dermoscopic,60.0,female,lower extremity
ISIC_5703946,IL_1744975,Malignant,BCC,clinical: close-up,70.0,male,lower extremity
ISIC_5706903,IL_7210800,Malignant,MEL,clinical: close-up,50.0,female,
ISIC_5708137,IL_0732764,Benign,BKL,clinical: close-up,70.0,female,head/neck
ISIC_5709448,IL_6719325,Malignant,BCC,dermoscopic,60.0,female,head/neck
ISIC_5711226,IL_0592984,Malignant,BCC,dermoscopic,65.0,male,lower extremity
ISIC_5711940,IL_5407088,Malignant,BCC,dermoscopic,60.0,male,
ISIC_5713218,IL_0965927,Benign,NV,dermoscopic,45.0,male,
ISIC_5714567,IL_4865412,Malignant,BCC,dermoscopic,65.0,male,
ISIC_5715952,IL_2322719,Malignant,BCC,clinical: close-up,65.0,female,head/neck
ISIC_5715959,IL_3551061,Malignant,BCC,dermoscopic,50.0,female,
ISIC_5716450,IL_0739777,Benign,NV,clinical: close-up,40.0,male,
ISIC_5719893,IL_7215009,Malignant,SCCKA,clinical: close-up,85.0,male,lower extremity
ISIC_5720812,IL_0772858,Benign,NV,clinical: close-up,50.0,female,upper extremity
ISIC_5721106,IL_0306057,Benign,NV,clinical: close-up,25.0,female,
ISIC_5721420,IL_5157883,Benign,NV,clinical: close-up,55.0,female,head/neck
ISIC_5722425,IL_8160690,Malignant,SCCKA,clinical: close-up,55.0,male,head/neck
ISIC_5722582,IL_7669534,Malignant,SCCKA,clinical: close-up,85.0,female,lower extremity
ISIC_5723091,IL_4314497,Malignant,BCC,dermoscopic,85.0,male,upper extremity
ISIC_5728005,IL_3498244,Malignant,SCCKA,dermoscopic,65.0,male,
ISIC_5728052,IL_2381875,Benign,NV,dermoscopic,45.0,male,lower extremity
ISIC_5728294,IL_0343240,Benign,NV,dermoscopic,45.0,female,lower extremity
ISIC_5728378,IL_7602134,Benign,BKL,dermoscopic,75.0,male,head/neck
ISIC_5739546,IL_6421981,Malignant,BCC,clinical: close-up,65.0,female,
ISIC_5741122,IL_5811280,Malignant,BCC,clinical: close-up,70.0,female,head/neck
ISIC_5743197,IL_4323973,Malignant,BCC,dermoscopic,85.0,female,head/neck
ISIC_5744822,IL_2574343,Malignant,SCCKA,dermoscopic,70.0,male,lower extremity
ISIC_5745120,IL_3603601,Indeterminate,AKIEC,dermoscopic,80.0,female,head/neck
ISIC_5745126,IL_3925497,Malignant,MEL,dermoscopic,50.0,female,
ISIC_5745809,IL_7591530,Benign,BKL,dermoscopic,60.0,male,
ISIC_5745824,IL_3420465,Benign,BKL,dermoscopic,55.0,female,
ISIC_5746261,IL_9147878,Malignant,BCC,clinical: close-up,75.0,male,
ISIC_5748990,IL_0179071,Malignant,BCC,clinical: close-up,65.0,male,upper extremity
ISIC_5753091,IL_7182568,Malignant,BCC,clinical: close-up,45.0,female,
ISIC_5754710,IL_8147513,Benign,NV,dermoscopic,40.0,female,head/neck
ISIC_5756622,IL_4143082,Malignant,SCCKA,clinical: close-up,70.0,male,
ISIC_5761656,IL_9731516,Malignant,BCC,clinical: close-up,65.0,male,head/neck
ISIC_5761944,IL_0286652,Malignant,BCC,dermoscopic,75.0,male,
ISIC_5765413,IL_4403121,Malignant,BCC,dermoscopic,70.0,male,upper extremity
ISIC_5765489,IL_4908746,Benign,NV,clinical: close-up,45.0,male,
ISIC_5766012,IL_3133685,Benign,BKL,clinical: close-up,55.0,male,head/neck
ISIC_5766792,IL_0930071,Benign,NV,dermoscopic,75.0,male,
ISIC_5770369,IL_3057922,Malignant,BCC,clinical: close-up,70.0,male,
ISIC_5772488,IL_8500079,Malignant,BCC,dermoscopic,50.0,male,
ISIC_5777416,IL_4010567,Malignant,BCC,dermoscopic,35.0,male,
ISIC_5778156,IL_7653394,Malignant,BCC,clinical: close-up,45.0,female,upper extremity
ISIC_5782959,IL_2014821,Benign,DF,clinical: close-up,70.0,male,lower extremity
ISIC_5783892,IL_5283956,Malignant,BCC,dermoscopic,65.0,male,
ISIC_5784227,IL_9897745,Malignant,BCC,clinical: close-up,85.0,female,lower extremity
ISIC_5785135,IL_8205824,Malignant,MEL,dermoscopic,55.0,male,
ISIC_5785962,IL_4609448,Malignant,BCC,clinical: close-up,50.0,female,lower extremity
ISIC_5787263,IL_3687151,Malignant,BCC,dermoscopic,70.0,male,
ISIC_5787657,IL_1779253,Benign,BKL,clinical: close-up,50.0,female,upper extremity
ISIC_5787999,IL_6922157,Malignant,BCC,dermoscopic,55.0,male,lower extremity
ISIC_5788932,IL_4935428,Indeterminate,AKIEC,clinical: close-up,65.0,male,head/neck
ISIC_5790117,IL_9231229,Malignant,MEL,clinical: close-up,85.0,female,lower extremity
ISIC_5792555,IL_1925186,Malignant,BCC,dermoscopic,70.0,male,
ISIC_5793548,IL_6592976,Malignant,BCC,dermoscopic,50.0,female,head/neck
ISIC_5794441,IL_8679586,Indeterminate,AKIEC,clinical: close-up,60.0,female,head/neck
ISIC_5795242,IL_3702520,Malignant,BCC,dermoscopic,65.0,female,
ISIC_5796545,IL_2473158,Benign,BKL,clinical: close-up,65.0,female,
ISIC_5798282,IL_3771556,Benign,NV,clinical: close-up,40.0,female,
ISIC_5800499,IL_7647524,Benign,NV,clinical: close-up,10.0,female,upper extremity
ISIC_5804154,IL_7363602,Malignant,BCC,clinical: close-up,55.0,male,head/neck
ISIC_5804522,IL_8262115,Malignant,BCC,dermoscopic,75.0,female,
ISIC_5806581,IL_7680200,Indeterminate,AKIEC,clinical: close-up,55.0,male,head/neck
ISIC_5807024,IL_5251059,Malignant,MEL,dermoscopic,65.0,female,lower extremity
ISIC_5818083,IL_8293673,Benign,NV,dermoscopic,55.0,male,
ISIC_5822186,IL_6638218,Malignant,BCC,dermoscopic,80.0,male,head/neck
ISIC_5825703,IL_1779871,Benign,BKL,dermoscopic,75.0,male,head/neck
ISIC_5826859,IL_6413155,Indeterminate,AKIEC,clinical: close-up,50.0,male,head/neck
ISIC_5829304,IL_6336605,Malignant,AKIEC,clinical: close-up,80.0,male,lower extremity
ISIC_5829840,IL_6248388,Benign,INF,dermoscopic,75.0,male,lower extremity
ISIC_5830376,IL_9622215,Benign,BKL,dermoscopic,40.0,male,lower extremity
ISIC_5831158,IL_1479283,Benign,NV,dermoscopic,50.0,male,upper extremity
ISIC_5833236,IL_5610769,Malignant,SCCKA,dermoscopic,70.0,male,upper extremity
ISIC_5833579,IL_4939300,Malignant,MAL_OTH,dermoscopic,75.0,male,lower extremity
ISIC_5833727,IL_7582740,Malignant,BCC,clinical: close-up,65.0,male,head/neck
ISIC_5834421,IL_6452981,Malignant,BCC,dermoscopic,55.0,female,
ISIC_5835110,IL_4713878,Malignant,BCC,dermoscopic,75.0,female,head/neck
ISIC_5836740,IL_6498417,Malignant,BCC,dermoscopic,75.0,female,
ISIC_5841367,IL_8066973,Malignant,BCC,clinical: close-up,65.0,female,lower extremity
ISIC_5841767,IL_3161525,Malignant,BCC,dermoscopic,80.0,female,lower extremity
ISIC_5841896,IL_2329642,Malignant,BCC,dermoscopic,85.0,female,
ISIC_5842417,IL_6942277,Malignant,BCC,clinical: close-up,50.0,female,
ISIC_5844410,IL_3180618,Benign,DF,dermoscopic,45.0,male,lower extremity
ISIC_5845284,IL_0286652,Malignant,BCC,clinical: close-up,75.0,male,
ISIC_5846378,IL_3677701,Malignant,AKIEC,clinical: close-up,70.0,female,lower extremity
ISIC_5846820,IL_6412076,Malignant,BCC,clinical: close-up,65.0,male,head/neck
ISIC_5850185,IL_3307198,Malignant,SCCKA,dermoscopic,85.0,male,upper extremity
ISIC_5850719,IL_0387029,Malignant,MEL,dermoscopic,35.0,male,
ISIC_5854998,IL_1059300,Benign,BKL,dermoscopic,75.0,male,
ISIC_5855684,IL_7140493,Benign,BKL,clinical: close-up,60.0,female,lower extremity
ISIC_5856068,IL_0957907,Malignant,SCCKA,dermoscopic,85.0,female,upper extremity
ISIC_5856786,IL_2755803,Malignant,BCC,clinical: close-up,55.0,male,upper extremity
ISIC_5862938,IL_4344178,Benign,NV,clinical: close-up,65.0,male,
ISIC_5863516,IL_7784987,Benign,NV,dermoscopic,70.0,male,
ISIC_5863762,IL_3069196,Malignant,BCC,dermoscopic,55.0,female,lower extremity
ISIC_5866382,IL_2543533,Malignant,MEL,clinical: close-up,45.0,male,lower extremity
ISIC_5866736,IL_6393566,Benign,VASC,dermoscopic,65.0,female,
ISIC_5866836,IL_8650225,Malignant,SCCKA,dermoscopic,70.0,male,lower extremity
ISIC_5867806,IL_3488332,Malignant,BCC,dermoscopic,70.0,female,lower extremity
ISIC_5868168,IL_2330730,Malignant,BCC,clinical: close-up,85.0,female,head/neck
ISIC_5870525,IL_2585626,Malignant,AKIEC,dermoscopic,70.0,male,
ISIC_5871089,IL_7168991,Malignant,BCC,clinical: close-up,75.0,male,head/neck
ISIC_5873586,IL_9977217,Malignant,BCC,dermoscopic,65.0,male,upper extremity
ISIC_5874977,IL_4928087,Malignant,MEL,clinical: close-up,70.0,male,head/neck
ISIC_5876786,IL_8461776,Malignant,BCC,dermoscopic,65.0,male,lower extremity
ISIC_5879011,IL_7440371,Benign,NV,dermoscopic,40.0,female,head/neck
ISIC_5880013,IL_0322831,Malignant,BCC,dermoscopic,85.0,female,upper extremity
ISIC_5881643,IL_1094162,Malignant,BCC,clinical: close-up,65.0,male,lower extremity
ISIC_5883189,IL_2369272,Malignant,BCC,dermoscopic,50.0,female,
ISIC_5888492,IL_9224528,Malignant,BCC,clinical: close-up,60.0,female,
ISIC_5889858,IL_2702338,Malignant,MEL,dermoscopic,45.0,female,head/neck
ISIC_5892185,IL_2502000,Malignant,BCC,clinical: close-up,80.0,male,lower extremity
ISIC_5892371,IL_7753719,Malignant,BCC,clinical: close-up,75.0,male,head/neck
ISIC_5892763,IL_0718275,Malignant,MEL,dermoscopic,55.0,male,upper extremity
ISIC_5893482,IL_0532409,Malignant,BCC,dermoscopic,80.0,female,head/neck
ISIC_5893703,IL_3065400,Malignant,MEL,dermoscopic,70.0,male,
ISIC_5894257,IL_2236716,Benign,NV,clinical: close-up,20.0,male,
ISIC_5897869,IL_7451238,Malignant,BCC,dermoscopic,65.0,female,
ISIC_5898651,IL_4459414,Malignant,BCC,clinical: close-up,60.0,male,
ISIC_5899712,IL_8428753,Benign,NV,clinical: close-up,65.0,male,
ISIC_5901264,IL_7144691,Malignant,BCC,dermoscopic,60.0,male,
ISIC_5901436,IL_1509760,Malignant,BCC,dermoscopic,85.0,female,head/neck
ISIC_5902730,IL_2674670,Malignant,BCC,clinical: close-up,80.0,male,upper extremity
ISIC_5903044,IL_4000063,Malignant,BCC,dermoscopic,70.0,male,lower extremity
ISIC_5903776,IL_9597986,Benign,BKL,clinical: close-up,85.0,male,head/neck
ISIC_5904770,IL_6868637,Malignant,BCC,clinical: close-up,55.0,male,lower extremity
ISIC_5908271,IL_7037144,Malignant,BCC,clinical: close-up,65.0,female,lower extremity
ISIC_5912360,IL_2517543,Malignant,MEL,dermoscopic,60.0,male,
ISIC_5913482,IL_9890068,Malignant,MEL,dermoscopic,30.0,male,
ISIC_5913999,IL_6008739,Malignant,BCC,clinical: close-up,75.0,male,upper extremity
ISIC_5920610,IL_0330771,Malignant,BCC,dermoscopic,55.0,male,head/neck
ISIC_5921357,IL_0291723,Malignant,BCC,clinical: close-up,65.0,male,upper extremity
ISIC_5922496,IL_8466700,Benign,NV,clinical: close-up,80.0,male,
ISIC_5923153,IL_7689829,Malignant,BCC,dermoscopic,60.0,male,head/neck
ISIC_5923228,IL_8562914,Malignant,BCC,dermoscopic,80.0,male,head/neck
ISIC_5923764,IL_1891845,Malignant,BCC,clinical: close-up,65.0,female,upper extremity
ISIC_5923799,IL_3230932,Malignant,BCC,clinical: close-up,70.0,female,lower extremity
ISIC_5924611,IL_5425005,Malignant,BCC,clinical: close-up,50.0,male,head/neck
ISIC_5925251,IL_0741650,Malignant,BCC,dermoscopic,60.0,female,upper extremity
ISIC_5925439,IL_3259984,Malignant,BCC,dermoscopic,75.0,male,head/neck
ISIC_5927575,IL_2958818,Malignant,BCC,clinical: close-up,65.0,female,upper extremity
ISIC_5930904,IL_3405101,Malignant,BCC,clinical: close-up,65.0,male,upper extremity
ISIC_5932619,IL_5160157,Malignant,BCC,clinical: close-up,45.0,female,
ISIC_5933216,IL_3186878,Benign,NV,clinical: close-up,35.0,female,head/neck
ISIC_5933489,IL_0542551,Benign,BKL,dermoscopic,70.0,male,head/neck
ISIC_5933645,IL_7948883,Benign,INF,dermoscopic,40.0,female,
ISIC_5934405,IL_2860298,Malignant,BCC,clinical: close-up,75.0,male,
ISIC_5936023,IL_3739398,Malignant,BCC,clinical: close-up,65.0,male,head/neck
ISIC_5936623,IL_4708649,Malignant,BCC,clinical: close-up,75.0,male,
ISIC_5938890,IL_5492781,Malignant,BCC,dermoscopic,60.0,male,head/neck
ISIC_5943320,IL_8316366,Malignant,BCC,dermoscopic,75.0,male,
ISIC_5947061,IL_5375403,Benign,BKL,dermoscopic,60.0,male,lower extremity
ISIC_5947091,IL_4537840,Malignant,SCCKA,clinical: close-up,85.0,male,head/neck
ISIC_5947102,IL_4396586,Benign,NV,clinical: close-up,20.0,female,lower extremity
ISIC_5947248,IL_1575936,Malignant,BCC,dermoscopic,75.0,female,head/neck
ISIC_5947742,IL_3540228,Benign,BEN_OTH,clinical: close-up,15.0,male,head/neck
ISIC_5949139,IL_3278541,Malignant,BCC,dermoscopic,70.0,male,
ISIC_5951892,IL_0134998,Malignant,MEL,dermoscopic,50.0,male,head/neck
ISIC_5953259,IL_6971040,Malignant,BCC,dermoscopic,75.0,male,upper extremity
ISIC_5953692,IL_4551923,Benign,NV,dermoscopic,5.0,male,
ISIC_5953696,IL_1446570,Malignant,MEL,clinical: close-up,70.0,male,
ISIC_5957176,IL_7425145,Malignant,BCC,clinical: close-up,55.0,male,
ISIC_5959727,IL_5765069,Malignant,BCC,dermoscopic,65.0,female,upper extremity
ISIC_5962154,IL_4015357,Malignant,BCC,dermoscopic,55.0,male,
ISIC_5962509,IL_4137661,Malignant,SCCKA,clinical: close-up,50.0,male,upper extremity
ISIC_5962854,IL_6829628,Benign,VASC,dermoscopic,35.0,male,head/neck
ISIC_5963071,IL_2794961,Malignant,BCC,dermoscopic,60.0,female,lower extremity
ISIC_5965144,IL_1543931,Malignant,BCC,clinical: close-up,55.0,female,
ISIC_5966582,IL_6140598,Malignant,MEL,clinical: close-up,70.0,male,
ISIC_5966811,IL_6309287,Malignant,SCCKA,dermoscopic,50.0,male,head/neck
ISIC_5967560,IL_7296591,Malignant,BCC,clinical: close-up,70.0,female,upper extremity
ISIC_5967889,IL_3507872,Benign,BKL,dermoscopic,65.0,male,
ISIC_5967951,IL_7253924,Malignant,BCC,clinical: close-up,70.0,male,lower extremity
ISIC_5972709,IL_9143908,Malignant,BCC,dermoscopic,60.0,female,
ISIC_5975267,IL_1860378,Malignant,BCC,clinical: close-up,75.0,male,head/neck
ISIC_5975949,IL_0752294,Malignant,BCC,clinical: close-up,75.0,female,lower extremity
ISIC_5977035,IL_1911635,Malignant,BCC,clinical: close-up,85.0,male,head/neck
ISIC_5977837,IL_5882687,Malignant,BCC,clinical: close-up,75.0,male,
ISIC_5979125,IL_0345607,Malignant,BCC,dermoscopic,75.0,female,
ISIC_5983030,IL_6793597,Malignant,BCC,dermoscopic,55.0,female,
ISIC_5984628,IL_9991092,Malignant,BCC,dermoscopic,65.0,male,upper extremity
ISIC_5984979,IL_4064310,Malignant,BCC,clinical: close-up,60.0,female,head/neck
ISIC_5985397,IL_0816967,Malignant,BCC,clinical: close-up,55.0,male,
ISIC_5985462,IL_5814206,Malignant,BCC,clinical: close-up,70.0,female,head/neck
ISIC_5986238,IL_5945948,Malignant,SCCKA,dermoscopic,65.0,male,lower extremity
ISIC_5986993,IL_3498244,Malignant,SCCKA,clinical: close-up,65.0,male,
ISIC_5989590,IL_5865217,Malignant,BCC,dermoscopic,65.0,female,
ISIC_5990006,IL_9052165,Malignant,BCC,dermoscopic,60.0,female,
ISIC_5991571,IL_3351126,Malignant,AKIEC,dermoscopic,55.0,male,head/neck
ISIC_5992256,IL_7144691,Malignant,BCC,clinical: close-up,60.0,male,
ISIC_5992562,IL_2218575,Malignant,BCC,dermoscopic,60.0,male,
ISIC_5993206,IL_9067447,Malignant,AKIEC,dermoscopic,80.0,male,upper extremity
ISIC_5993711,IL_5173461,Malignant,BCC,clinical: close-up,65.0,female,head/neck
ISIC_5993743,IL_3884267,Benign,NV,dermoscopic,65.0,male,lower extremity
ISIC_5994355,IL_2634845,Benign,BKL,dermoscopic,70.0,male,head/neck
ISIC_5995507,IL_8650225,Malignant,SCCKA,clinical: close-up,70.0,male,lower extremity
ISIC_5996604,IL_5073574,Malignant,BCC,dermoscopic,70.0,female,head/neck
ISIC_5996846,IL_7408764,Malignant,BCC,dermoscopic,45.0,female,lower extremity
ISIC_5997052,IL_8918323,Benign,BKL,dermoscopic,50.0,female,upper extremity
ISIC_5997076,IL_6755192,Malignant,BCC,dermoscopic,70.0,male,
ISIC_5997631,IL_3499817,Malignant,BCC,clinical: close-up,65.0,female,upper extremity
ISIC_5998955,IL_8264296,Benign,BKL,dermoscopic,70.0,female,lower extremity
ISIC_5999967,IL_3608971,Malignant,BCC,clinical: close-up,55.0,male,
ISIC_6002458,IL_1287592,Indeterminate,AKIEC,clinical: close-up,80.0,female,head/neck
ISIC_6003134,IL_5938594,Malignant,BCC,dermoscopic,45.0,male,
ISIC_6005450,IL_6768350,Malignant,BCC,dermoscopic,65.0,male,
ISIC_6005822,IL_1251030,Malignant,BCC,clinical: close-up,55.0,male,upper extremity
ISIC_6005871,IL_9944816,Malignant,BCC,dermoscopic,65.0,female,
ISIC_6013412,IL_7911942,Malignant,MEL,dermoscopic,75.0,male,
ISIC_6013907,IL_5366190,Malignant,MEL,clinical: close-up,35.0,female,lower extremity
ISIC_6016454,IL_6016722,Malignant,BCC,clinical: close-up,65.0,male,head/neck
ISIC_6020001,IL_2166765,Benign,BKL,dermoscopic,15.0,female,lower extremity
ISIC_6022197,IL_5858663,Malignant,AKIEC,dermoscopic,70.0,female,
ISIC_6023245,IL_1355090,Benign,NV,dermoscopic,55.0,female,lower extremity
ISIC_6023488,IL_4282772,Malignant,MEL,clinical: close-up,50.0,female,head/neck
ISIC_6025998,IL_9106447,Benign,BKL,dermoscopic,65.0,female,head/neck
ISIC_6026220,IL_9895389,Malignant,BCC,clinical: close-up,85.0,male,
ISIC_6026324,IL_5768412,Benign,NV,dermoscopic,45.0,male,lower extremity
ISIC_6033345,IL_2894575,Indeterminate,AKIEC,clinical: close-up,40.0,female,head/neck
ISIC_6033449,IL_9951114,Benign,NV,clinical: close-up,60.0,male,
ISIC_6036586,IL_5008733,Malignant,BCC,dermoscopic,40.0,male,upper extremity
ISIC_6037847,IL_0836583,Malignant,BCC,clinical: close-up,65.0,female,lower extremity
ISIC_6038041,IL_9171073,Malignant,BCC,clinical: close-up,65.0,female,upper extremity
ISIC_6038731,IL_8160690,Malignant,SCCKA,dermoscopic,55.0,male,head/neck
ISIC_6039070,IL_3154103,Benign,NV,clinical: close-up,40.0,male,lower extremity
ISIC_6043617,IL_3861295,Benign,DF,dermoscopic,55.0,female,upper extremity
ISIC_6043649,IL_8486036,Malignant,BCC,dermoscopic,80.0,female,lower extremity
ISIC_6043805,IL_3700526,Malignant,BCC,clinical: close-up,80.0,male,
ISIC_6044250,IL_7304734,Malignant,SCCKA,dermoscopic,60.0,male,upper extremity
ISIC_6044458,IL_5017346,Benign,INF,dermoscopic,45.0,female,upper extremity
ISIC_6044984,IL_1595494,Benign,BKL,clinical: close-up,80.0,male,
ISIC_6045266,IL_6923101,Benign,BKL,dermoscopic,65.0,male,head/neck
ISIC_6046943,IL_0044468,Malignant,MEL,dermoscopic,75.0,male,
ISIC_6047038,IL_4135081,Malignant,BCC,clinical: close-up,60.0,male,head/neck
ISIC_6047898,IL_2511826,Indeterminate,AKIEC,dermoscopic,55.0,male,upper extremity
ISIC_6048736,IL_8666651,Benign,NV,clinical: close-up,30.0,male,
ISIC_6048752,IL_7210800,Malignant,MEL,dermoscopic,50.0,female,
ISIC_6050192,IL_3609983,Benign,NV,clinical: close-up,50.0,female,
ISIC_6053581,IL_8296856,Benign,BKL,dermoscopic,70.0,male,
ISIC_6056059,IL_3507872,Benign,BKL,clinical: close-up,65.0,male,
ISIC_6058576,IL_5895681,Malignant,MEL,clinical: close-up,70.0,male,head/neck
ISIC_6059802,IL_2751671,Malignant,BCC,clinical: close-up,40.0,female,
ISIC_6061665,IL_3290322,Malignant,BCC,clinical: close-up,70.0,female,head/neck
ISIC_6062128,IL_6588313,Malignant,BCC,dermoscopic,45.0,male,
ISIC_6063897,IL_2504113,Malignant,BCC,dermoscopic,50.0,male,
ISIC_6065573,IL_6216018,Malignant,BCC,dermoscopic,75.0,male,head/neck
ISIC_6069821,IL_6370707,Benign,BKL,clinical: close-up,75.0,male,lower extremity
ISIC_6070426,IL_3966322,Benign,DF,dermoscopic,75.0,male,lower extremity
ISIC_6070480,IL_5493547,Malignant,SCCKA,clinical: close-up,80.0,male,head/neck
ISIC_6070696,IL_7119358,Benign,NV,clinical: close-up,65.0,male,
ISIC_6074880,IL_7398845,Malignant,BCC,dermoscopic,85.0,female,head/neck
ISIC_6076241,IL_0428893,Malignant,BCC,clinical: close-up,70.0,male,
ISIC_6077125,IL_6361201,Benign,BKL,clinical: close-up,40.0,male,lower extremity
ISIC_6078508,IL_1024813,Malignant,SCCKA,dermoscopic,70.0,female,upper extremity
ISIC_6078911,IL_8588152,Malignant,MEL,clinical: close-up,45.0,male,
ISIC_6079632,IL_7327250,Indeterminate,AKIEC,dermoscopic,80.0,male,head/neck
ISIC_6080382,IL_8946416,Benign,BEN_OTH,clinical: close-up,85.0,male,lower extremity
ISIC_6082679,IL_3156059,Malignant,MEL,clinical: close-up,80.0,male,upper extremity
ISIC_6083072,IL_0614048,Benign,NV,clinical: close-up,50.0,female,
ISIC_6089668,IL_5436207,Malignant,BCC,clinical: close-up,65.0,female,lower extremity
ISIC_6097869,IL_7539443,Benign,BKL,clinical: close-up,75.0,female,
ISIC_6104937,IL_4779406,Malignant,BCC,dermoscopic,40.0,male,head/neck
ISIC_6106457,IL_4524955,Malignant,BCC,clinical: close-up,80.0,male,lower extremity
ISIC_6111856,IL_9091693,Malignant,BCC,clinical: close-up,40.0,female,
ISIC_6114177,IL_8244074,Malignant,BCC,dermoscopic,80.0,female,head/neck
ISIC_6115749,IL_5158358,Malignant,BCC,dermoscopic,80.0,male,head/neck
ISIC_6119301,IL_9650319,Malignant,AKIEC,dermoscopic,85.0,male,head/neck
ISIC_6119319,IL_6052093,Malignant,MEL,dermoscopic,70.0,female,lower extremity
ISIC_6120702,IL_9509659,Malignant,AKIEC,dermoscopic,60.0,male,lower extremity
ISIC_6121310,IL_5363058,Benign,NV,clinical: close-up,30.0,male,lower extremity
ISIC_6122024,IL_9101838,Malignant,BCC,clinical: close-up,75.0,female,
ISIC_6123621,IL_4781564,Malignant,BCC,clinical: close-up,40.0,female,
ISIC_6123844,IL_9191697,Malignant,MEL,clinical: close-up,40.0,male,lower extremity
ISIC_6124320,IL_0980631,Malignant,BCC,dermoscopic,80.0,male,head/neck
ISIC_6125353,IL_4933639,Benign,NV,dermoscopic,15.0,male,head/neck
ISIC_6125719,IL_6190273,Malignant,MEL,clinical: close-up,65.0,male,upper extremity
ISIC_6129735,IL_9693754,Benign,NV,dermoscopic,40.0,male,
ISIC_6131855,IL_4034237,Malignant,BCC,clinical: close-up,55.0,male,
ISIC_6133264,IL_5186069,Malignant,BCC,dermoscopic,65.0,female,upper extremity
ISIC_6134081,IL_9583565,Benign,NV,dermoscopic,60.0,female,lower extremity
ISIC_6138256,IL_4924328,Malignant,BCC,clinical: close-up,55.0,male,upper extremity
ISIC_6138743,IL_3286495,Malignant,BCC,clinical: close-up,75.0,male,lower extremity
ISIC_6142928,IL_2972569,Benign,DF,clinical: close-up,85.0,female,
ISIC_6144096,IL_0419273,Malignant,BCC,dermoscopic,70.0,male,
ISIC_6144246,IL_1281940,Malignant,BCC,clinical: close-up,65.0,male,upper extremity
ISIC_6151299,IL_5358765,Malignant,BCC,clinical: close-up,75.0,female,head/neck
ISIC_6161217,IL_1877456,Malignant,SCCKA,dermoscopic,75.0,female,head/neck
ISIC_6161362,IL_9785739,Benign,NV,dermoscopic,65.0,male,
ISIC_6162564,IL_3314266,Benign,BKL,dermoscopic,75.0,female,lower extremity
ISIC_6162714,IL_2190354,Malignant,BCC,dermoscopic,60.0,male,lower extremity
ISIC_6163759,IL_0143212,Indeterminate,AKIEC,clinical: close-up,60.0,male,head/neck
ISIC_6164551,IL_4768101,Malignant,MEL,dermoscopic,25.0,female,lower extremity
ISIC_6166836,IL_0872477,Benign,NV,clinical: close-up,20.0,female,
ISIC_6167082,IL_9395839,Benign,NV,clinical: close-up,40.0,male,
ISIC_6167402,IL_5378051,Benign,BKL,clinical: close-up,55.0,female,lower extremity
ISIC_6168154,IL_5858516,Malignant,BCC,clinical: close-up,55.0,male,
ISIC_6168277,IL_7792502,Malignant,BCC,dermoscopic,65.0,female,upper extremity
ISIC_6168958,IL_3551061,Malignant,BCC,clinical: close-up,50.0,female,
ISIC_6169732,IL_9402967,Malignant,SCCKA,clinical: close-up,70.0,male,lower extremity
ISIC_6170894,IL_2568881,Malignant,BCC,dermoscopic,50.0,male,head/neck
ISIC_6171480,IL_0076523,Benign,BKL,clinical: close-up,60.0,male,
ISIC_6174823,IL_3824346,Malignant,SCCKA,clinical: close-up,85.0,male,head/neck
ISIC_6175134,IL_2682225,Malignant,SCCKA,clinical: close-up,65.0,male,head/neck
ISIC_6175610,IL_6582258,Malignant,SCCKA,clinical: close-up,65.0,male,head/neck
ISIC_6176256,IL_7806060,Malignant,BCC,dermoscopic,75.0,female,
ISIC_6177577,IL_0534902,Malignant,BCC,dermoscopic,75.0,male,
ISIC_6178342,IL_5870575,Malignant,BCC,clinical: close-up,65.0,male,lower extremity
ISIC_6181244,IL_9882527,Malignant,BCC,clinical: close-up,60.0,female,
ISIC_6181707,IL_4294733,Malignant,BCC,clinical: close-up,75.0,female,lower extremity
ISIC_6182960,IL_6484840,Malignant,BCC,clinical: close-up,60.0,female,head/neck
ISIC_6183115,IL_5963960,Malignant,BCC,clinical: close-up,65.0,male,head/neck
ISIC_6183477,IL_2031934,Malignant,BCC,clinical: close-up,60.0,female,lower extremity
ISIC_6186797,IL_1735552,Benign,INF,dermoscopic,20.0,female,head/neck
ISIC_6187812,IL_1087504,Benign,NV,clinical: close-up,45.0,female,lower extremity
ISIC_6190061,IL_2476952,Malignant,BCC,clinical: close-up,60.0,male,
ISIC_6190757,IL_7884218,Malignant,BCC,dermoscopic,65.0,male,lower extremity
ISIC_6190923,IL_9209825,Malignant,SCCKA,clinical: close-up,85.0,female,upper extremity
ISIC_6191034,IL_7784987,Benign,NV,clinical: close-up,70.0,male,
ISIC_6193525,IL_8465058,Malignant,BCC,clinical: close-up,60.0,female,head/neck
ISIC_6193935,IL_6296169,Malignant,BCC,clinical: close-up,65.0,male,
ISIC_6194754,IL_6907035,Indeterminate,AKIEC,clinical: close-up,60.0,male,head/neck
ISIC_6195604,IL_1024518,Benign,NV,dermoscopic,5.0,female,lower extremity
ISIC_6196224,IL_1773483,Malignant,BCC,clinical: close-up,70.0,male,head/neck
ISIC_6196546,IL_2090783,Benign,BKL,dermoscopic,55.0,female,head/neck
ISIC_6202224,IL_7571308,Malignant,BCC,dermoscopic,40.0,female,lower extremity
ISIC_6210274,IL_9310196,Malignant,BCC,dermoscopic,40.0,male,upper extremity
ISIC_6212007,IL_7635257,Malignant,MEL,dermoscopic,65.0,male,
ISIC_6212964,IL_3257772,Malignant,BCC,dermoscopic,85.0,female,head/neck
ISIC_6214078,IL_6007909,Benign,BKL,clinical: close-up,60.0,female,lower extremity
ISIC_6217593,IL_8855847,Malignant,BCC,clinical: close-up,60.0,male,
ISIC_6217625,IL_9010382,Benign,BKL,clinical: close-up,65.0,male,head/neck
ISIC_6218940,IL_3570537,Indeterminate,AKIEC,clinical: close-up,65.0,male,head/neck
ISIC_6221556,IL_1682958,Malignant,BCC,dermoscopic,60.0,male,head/neck
ISIC_6221926,IL_1891015,Malignant,SCCKA,clinical: close-up,70.0,male,upper extremity
ISIC_6228708,IL_9180227,Malignant,SCCKA,clinical: close-up,75.0,male,upper extremity
ISIC_6234798,IL_4073740,Malignant,MEL,dermoscopic,35.0,male,head/neck
ISIC_6236484,IL_2664581,Malignant,BCC,dermoscopic,85.0,female,head/neck
ISIC_6236784,IL_6455878,Malignant,BCC,clinical: close-up,60.0,female,head/neck
ISIC_6241508,IL_8060725,Malignant,BCC,dermoscopic,60.0,male,
ISIC_6242060,IL_7821260,Malignant,BCC,clinical: close-up,65.0,female,lower extremity
ISIC_6245930,IL_2982870,Malignant,BCC,clinical: close-up,70.0,male,lower extremity
ISIC_6246107,IL_2652500,Malignant,SCCKA,dermoscopic,75.0,male,upper extremity
ISIC_6246297,IL_8880456,Benign,NV,clinical: close-up,35.0,female,upper extremity
ISIC_6248808,IL_7376850,Malignant,BCC,dermoscopic,70.0,male,upper extremity
ISIC_6250101,IL_5818628,Malignant,BCC,clinical: close-up,80.0,male,lower extremity
ISIC_6250232,IL_1576423,Malignant,MEL,dermoscopic,70.0,male,
ISIC_6250586,IL_0200790,Malignant,BCC,dermoscopic,75.0,male,lower extremity
ISIC_6254065,IL_7289099,Benign,BKL,dermoscopic,70.0,male,head/neck
ISIC_6254946,IL_3489580,Malignant,BCC,dermoscopic,55.0,male,
ISIC_6256140,IL_8904932,Benign,NV,clinical: close-up,50.0,female,
ISIC_6261700,IL_2040993,Malignant,BCC,dermoscopic,60.0,male,
ISIC_6262662,IL_8357719,Malignant,BCC,clinical: close-up,70.0,male,
ISIC_6271290,IL_4279483,Malignant,BCC,dermoscopic,85.0,male,upper extremity
ISIC_6272354,IL_8758907,Malignant,BCC,dermoscopic,65.0,female,
ISIC_6272878,IL_7173541,Benign,BKL,dermoscopic,85.0,female,lower extremity
ISIC_6274759,IL_0469581,Malignant,BCC,clinical: close-up,60.0,male,head/neck
ISIC_6277936,IL_1289201,Malignant,AKIEC,clinical: close-up,60.0,male,upper extremity
ISIC_6278944,IL_0391966,Benign,NV,dermoscopic,10.0,female,
ISIC_6279832,IL_2791803,Benign,BKL,dermoscopic,60.0,male,lower extremity
ISIC_6285261,IL_2675475,Malignant,BCC,clinical: close-up,75.0,female,
ISIC_6287939,IL_8050939,Malignant,BCC,dermoscopic,45.0,male,
ISIC_6288293,IL_1049569,Malignant,BCC,dermoscopic,75.0,female,
ISIC_6289625,IL_5277134,Malignant,MEL,clinical: close-up,55.0,male,
ISIC_6290373,IL_2526379,Benign,NV,clinical: close-up,30.0,female,lower extremity
ISIC_6290458,IL_8038373,Malignant,BCC,dermoscopic,60.0,male,
ISIC_6291927,IL_1672894,Benign,NV,clinical: close-up,30.0,female,
ISIC_6292733,IL_9420011,Malignant,BCC,clinical: close-up,60.0,male,lower extremity
ISIC_6294166,IL_1882623,Malignant,BCC,dermoscopic,80.0,female,head/neck
ISIC_6295397,IL_5858516,Malignant,BCC,dermoscopic,55.0,male,
ISIC_6296087,IL_9271885,Malignant,BCC,dermoscopic,65.0,male,
ISIC_6297733,IL_6532631,Malignant,BCC,dermoscopic,85.0,male,upper extremity
ISIC_6298290,IL_4689062,Benign,NV,clinical: close-up,45.0,male,
ISIC_6300467,IL_9529551,Benign,BKL,clinical: close-up,35.0,male,lower extremity
ISIC_6303187,IL_6369359,Malignant,MEL,dermoscopic,55.0,male,
ISIC_6305309,IL_0480697,Malignant,BCC,dermoscopic,85.0,male,head/neck
ISIC_6305500,IL_1948146,Malignant,BCC,dermoscopic,70.0,female,head/neck
ISIC_6313303,IL_5684831,Malignant,BCC,clinical: close-up,55.0,male,lower extremity
ISIC_6314287,IL_7034758,Malignant,BCC,dermoscopic,70.0,male,
ISIC_6318075,IL_1556034,Benign,VASC,clinical: close-up,85.0,male,lower extremity
ISIC_6318524,IL_8364526,Malignant,BCC,dermoscopic,65.0,female,upper extremity
ISIC_6319452,IL_8012177,Malignant,BCC,clinical: close-up,45.0,male,
ISIC_6320048,IL_2992485,Malignant,AKIEC,dermoscopic,85.0,male,
ISIC_6321631,IL_0768157,Malignant,BCC,clinical: close-up,65.0,female,
ISIC_6325623,IL_1381975,Malignant,BCC,dermoscopic,60.0,male,
ISIC_6327414,IL_4864360,Benign,BKL,dermoscopic,50.0,male,head/neck
ISIC_6327728,IL_8505577,Benign,NV,dermoscopic,55.0,female,
ISIC_6327820,IL_9352958,Malignant,SCCKA,clinical: close-up,60.0,male,head/neck
ISIC_6333133,IL_3214039,Malignant,MEL,dermoscopic,75.0,male,head/neck
ISIC_6333987,IL_6295133,Malignant,BCC,dermoscopic,80.0,male,
ISIC_6334226,IL_9611587,Malignant,BCC,clinical: close-up,55.0,male,
ISIC_6335160,IL_6322271,Benign,NV,clinical: close-up,10.0,male,
ISIC_6336489,IL_1906171,Benign,NV,clinical: close-up,25.0,female,lower extremity
ISIC_6336649,IL_1397522,Malignant,BCC,clinical: close-up,70.0,female,lower extremity
ISIC_6339347,IL_0349058,Benign,NV,dermoscopic,60.0,female,
ISIC_6344855,IL_2405400,Malignant,BCC,dermoscopic,75.0,male,
ISIC_6345022,IL_6195057,Malignant,BCC,clinical: close-up,65.0,male,
ISIC_6347418,IL_3546806,Malignant,BCC,dermoscopic,50.0,male,
ISIC_6349110,IL_2300316,Malignant,AKIEC,dermoscopic,85.0,female,lower extremity
ISIC_6350988,IL_7708257,Malignant,BCC,clinical: close-up,65.0,male,
ISIC_6351671,IL_7601833,Malignant,SCCKA,dermoscopic,85.0,male,lower extremity
ISIC_6354001,IL_4446473,Indeterminate,AKIEC,dermoscopic,75.0,female,head/neck
ISIC_6356372,IL_5417384,Malignant,BCC,dermoscopic,45.0,female,upper extremity
ISIC_6356942,IL_5359337,Malignant,BCC,dermoscopic,60.0,female,
ISIC_6357740,IL_5108044,Malignant,BCC,dermoscopic,65.0,female,
ISIC_6359039,IL_1288672,Malignant,BCC,clinical: close-up,60.0,male,
ISIC_6360071,IL_9584761,Malignant,BCC,dermoscopic,70.0,male,upper extremity
ISIC_6361677,IL_2298931,Benign,NV,clinical: close-up,30.0,female,
ISIC_6363175,IL_5236713,Malignant,BCC,clinical: close-up,70.0,female,upper extremity
ISIC_6365088,IL_1559121,Benign,INF,dermoscopic,50.0,female,
ISIC_6366558,IL_2401021,Malignant,SCCKA,clinical: close-up,80.0,female,head/neck
ISIC_6367091,IL_9520593,Malignant,BCC,dermoscopic,70.0,male,
ISIC_6368798,IL_7898098,Malignant,BCC,dermoscopic,65.0,female,
ISIC_6369423,IL_8944802,Malignant,BCC,clinical: close-up,70.0,male,lower extremity
ISIC_6372109,IL_9716310,Malignant,MEL,clinical: close-up,75.0,male,lower extremity
ISIC_6372573,IL_5042864,Benign,NV,clinical: close-up,55.0,female,lower extremity
ISIC_6373409,IL_2771933,Malignant,BCC,dermoscopic,75.0,male,
ISIC_6374674,IL_9084119,Benign,NV,dermoscopic,45.0,female,upper extremity
ISIC_6378396,IL_8359695,Benign,NV,dermoscopic,40.0,female,
ISIC_6383214,IL_7917334,Malignant,SCCKA,dermoscopic,70.0,male,head/neck
ISIC_6383216,IL_3035506,Benign,NV,dermoscopic,10.0,female,head/neck
ISIC_6384870,IL_9202251,Malignant,AKIEC,dermoscopic,45.0,male,head/neck
ISIC_6385276,IL_7755497,Benign,NV,clinical: close-up,25.0,female,lower extremity
ISIC_6389005,IL_5400506,Benign,NV,dermoscopic,45.0,male,
ISIC_6391608,IL_8240105,Malignant,BCC,clinical: close-up,70.0,male,
ISIC_6391693,IL_0110620,Indeterminate,AKIEC,dermoscopic,55.0,male,head/neck
ISIC_6400148,IL_4051895,Malignant,MEL,dermoscopic,45.0,female,
ISIC_6401647,IL_8988340,Malignant,AKIEC,dermoscopic,70.0,female,lower extremity
ISIC_6402697,IL_0244045,Benign,BKL,clinical: close-up,80.0,male,
ISIC_6404972,IL_3738052,Benign,BEN_OTH,clinical: close-up,75.0,male,
ISIC_6405124,IL_8464135,Malignant,BCC,clinical: close-up,85.0,male,head/neck
ISIC_6408424,IL_9541079,Malignant,BCC,clinical: close-up,70.0,male,head/neck
ISIC_6409954,IL_9328701,Malignant,BCC,dermoscopic,45.0,female,
ISIC_6412771,IL_6901137,Benign,NV,clinical: close-up,25.0,male,
ISIC_6416950,IL_0469044,Malignant,BCC,dermoscopic,85.0,male,lower extremity
ISIC_6417102,IL_3634030,Malignant,BCC,dermoscopic,65.0,female,
ISIC_6417205,IL_0919212,Malignant,BCC,dermoscopic,70.0,male,
ISIC_6418734,IL_4682243,Malignant,BCC,dermoscopic,80.0,male,
ISIC_6419369,IL_6962518,Benign,BKL,clinical: close-up,85.0,female,head/neck
ISIC_6421085,IL_7975142,Malignant,BCC,dermoscopic,75.0,male,lower extremity
ISIC_6421198,IL_1576423,Malignant,MEL,clinical: close-up,70.0,male,
ISIC_6422570,IL_5499388,Malignant,BCC,clinical: close-up,50.0,male,upper extremity
ISIC_6425898,IL_9734690,Benign,BKL,dermoscopic,60.0,male,
ISIC_6428825,IL_4498199,Malignant,MEL,clinical: close-up,55.0,female,
ISIC_6433757,IL_8454574,Malignant,MEL,clinical: close-up,75.0,female,head/neck
ISIC_6434822,IL_9186164,Benign,NV,dermoscopic,30.0,male,
ISIC_6435462,IL_3830097,Malignant,BCC,dermoscopic,85.0,male,head/neck
ISIC_6437956,IL_5368559,Malignant,BCC,clinical: close-up,65.0,female,head/neck
ISIC_6438673,IL_0609142,Benign,BKL,clinical: close-up,55.0,female,upper extremity
ISIC_6440668,IL_4282136,Benign,BKL,dermoscopic,65.0,female,oral/genital
ISIC_6442452,IL_6622231,Benign,NV,dermoscopic,40.0,male,
ISIC_6444211,IL_6867211,Malignant,BCC,dermoscopic,60.0,male,upper extremity
ISIC_6444803,IL_5575734,Malignant,MEL,clinical: close-up,75.0,male,
ISIC_6449173,IL_7173541,Benign,BKL,clinical: close-up,85.0,female,lower extremity
ISIC_6451061,IL_4941375,Malignant,BCC,dermoscopic,70.0,male,
ISIC_6451701,IL_7667503,Malignant,BCC,dermoscopic,65.0,male,lower extremity
ISIC_6453932,IL_9777235,Malignant,BCC,clinical: close-up,80.0,male,
ISIC_6455103,IL_9113822,Malignant,BCC,clinical: close-up,75.0,male,head/neck
ISIC_6455558,IL_6493670,Benign,NV,dermoscopic,35.0,male,
ISIC_6457111,IL_1094162,Malignant,BCC,dermoscopic,65.0,male,lower extremity
ISIC_6457838,IL_2156585,Malignant,SCCKA,clinical: close-up,75.0,female,head/neck
ISIC_6458495,IL_0256992,Malignant,BCC,dermoscopic,35.0,male,
ISIC_6458884,IL_8630897,Benign,BKL,dermoscopic,60.0,female,upper extremity
ISIC_6461356,IL_1050579,Malignant,BCC,dermoscopic,75.0,male,lower extremity
ISIC_6465036,IL_0168605,Malignant,SCCKA,clinical: close-up,80.0,female,head/neck
ISIC_6465119,IL_5830387,Benign,NV,dermoscopic,50.0,male,
ISIC_6467881,IL_3895392,Malignant,SCCKA,dermoscopic,60.0,male,lower extremity
ISIC_6473978,IL_9404638,Malignant,BCC,clinical: close-up,85.0,male,lower extremity
ISIC_6475371,IL_4128851,Benign,BKL,dermoscopic,50.0,male,
ISIC_6475622,IL_1671184,Malignant,SCCKA,dermoscopic,75.0,male,lower extremity
ISIC_6476734,IL_8277496,Malignant,BCC,clinical: close-up,45.0,female,lower extremity
ISIC_6480550,IL_0869160,Malignant,BCC,clinical: close-up,70.0,female,head/neck
ISIC_6481562,IL_7213774,Malignant,BCC,clinical: close-up,55.0,female,upper extremity
ISIC_6484434,IL_1422027,Malignant,BCC,clinical: close-up,80.0,female,
ISIC_6484641,IL_8464135,Malignant,BCC,dermoscopic,85.0,male,head/neck
ISIC_6484938,IL_7108184,Malignant,BCC,dermoscopic,50.0,female,lower extremity
ISIC_6485726,IL_9325305,Malignant,BCC,clinical: close-up,70.0,female,head/neck
ISIC_6485921,IL_8439517,Benign,INF,clinical: close-up,65.0,female,
ISIC_6486344,IL_8229395,Malignant,MEL,clinical: close-up,70.0,female,lower extremity
ISIC_6486784,IL_7885027,Malignant,BCC,dermoscopic,65.0,male,head/neck
ISIC_6488682,IL_7428104,Benign,BKL,dermoscopic,50.0,male,
ISIC_6491504,IL_9980113,Malignant,AKIEC,clinical: close-up,55.0,female,head/neck
ISIC_6491752,IL_0913190,Benign,NV,clinical: close-up,40.0,female,head/neck
ISIC_6499536,IL_3462420,Malignant,BCC,clinical: close-up,65.0,male,head/neck
ISIC_6500642,IL_4373578,Malignant,BCC,dermoscopic,55.0,female,
ISIC_6503533,IL_1178215,Benign,NV,dermoscopic,40.0,female,
ISIC_6505724,IL_8505577,Benign,NV,clinical: close-up,55.0,female,
ISIC_6508139,IL_1537266,Malignant,BCC,dermoscopic,70.0,male,
ISIC_6511262,IL_2196510,Benign,NV,clinical: close-up,40.0,female,lower extremity
ISIC_6511897,IL_9588958,Malignant,MEL,dermoscopic,70.0,male,
ISIC_6513986,IL_9897493,Malignant,MEL,clinical: close-up,80.0,male,
ISIC_6517004,IL_4799699,Malignant,BCC,clinical: close-up,75.0,male,upper extremity
ISIC_6517752,IL_4740973,Malignant,BCC,clinical: close-up,70.0,male,head/neck
ISIC_6522135,IL_8455587,Malignant,BCC,dermoscopic,55.0,female,head/neck
ISIC_6527571,IL_4325075,Benign,BKL,dermoscopic,55.0,female,
ISIC_6529382,IL_9324505,Benign,NV,clinical: close-up,60.0,male,head/neck
ISIC_6529674,IL_2935658,Benign,NV,dermoscopic,70.0,male,lower extremity
ISIC_6533290,IL_4645849,Benign,BKL,clinical: close-up,70.0,male,
ISIC_6537586,IL_5425005,Malignant,BCC,dermoscopic,50.0,male,head/neck
ISIC_6537636,IL_7975142,Malignant,BCC,clinical: close-up,75.0,male,lower extremity
ISIC_6538108,IL_3672233,Benign,NV,dermoscopic,55.0,male,
ISIC_6538197,IL_6532631,Malignant,BCC,clinical: close-up,85.0,male,upper extremity
ISIC_6538645,IL_8229749,Malignant,BCC,dermoscopic,80.0,male,upper extremity
ISIC_6539237,IL_6029935,Malignant,SCCKA,dermoscopic,70.0,male,head/neck
ISIC_6539281,IL_3225155,Benign,NV,dermoscopic,85.0,male,
ISIC_6543284,IL_0252336,Malignant,MAL_OTH,dermoscopic,80.0,male,
ISIC_6544356,IL_7917334,Malignant,SCCKA,clinical: close-up,70.0,male,head/neck
ISIC_6545294,IL_7917895,Benign,DF,dermoscopic,50.0,male,lower extremity
ISIC_6546601,IL_2687877,Malignant,BCC,clinical: close-up,85.0,female,head/neck
ISIC_6548919,IL_9746902,Malignant,MEL,dermoscopic,60.0,male,head/neck
ISIC_6550491,IL_2236716,Benign,NV,dermoscopic,20.0,male,
ISIC_6550575,IL_7009317,Malignant,BCC,dermoscopic,80.0,male,lower extremity
ISIC_6552603,IL_9600474,Malignant,BCC,clinical: close-up,70.0,female,upper extremity
ISIC_6555872,IL_3341397,Malignant,AKIEC,clinical: close-up,85.0,male,upper extremity
ISIC_6556418,IL_1118490,Malignant,BCC,clinical: close-up,80.0,male,
ISIC_6559313,IL_7424810,Malignant,BCC,dermoscopic,70.0,male,lower extremity
ISIC_6560005,IL_6185483,Malignant,BCC,clinical: close-up,65.0,male,head/neck
ISIC_6562442,IL_0823685,Malignant,MEL,dermoscopic,40.0,female,
ISIC_6562927,IL_8869881,Malignant,BCC,clinical: close-up,70.0,male,
ISIC_6563482,IL_3984106,Malignant,BCC,clinical: close-up,75.0,female,
ISIC_6563965,IL_0257486,Benign,NV,dermoscopic,20.0,male,head/neck
ISIC_6564259,IL_3800728,Malignant,BCC,clinical: close-up,55.0,male,head/neck
ISIC_6565806,IL_6249500,Malignant,BCC,clinical: close-up,75.0,male,
ISIC_6566937,IL_1192220,Malignant,BCC,clinical: close-up,70.0,male,lower extremity
ISIC_6566959,IL_7451238,Malignant,BCC,clinical: close-up,65.0,female,
ISIC_6568898,IL_8256503,Malignant,BCC,clinical: close-up,60.0,female,lower extremity
ISIC_6569850,IL_6686200,Malignant,BCC,dermoscopic,75.0,female,head/neck
ISIC_6573003,IL_9368143,Benign,NV,clinical: close-up,30.0,female,upper extremity
ISIC_6573433,IL_1758673,Malignant,BCC,clinical: close-up,80.0,male,
ISIC_6573445,IL_5607786,Malignant,MEL,clinical: close-up,60.0,male,
ISIC_6576845,IL_0720862,Benign,INF,clinical: close-up,80.0,male,
ISIC_6578156,IL_8240829,Benign,NV,clinical: close-up,50.0,male,
ISIC_6579356,IL_3248533,Malignant,BCC,clinical: close-up,75.0,female,lower extremity
ISIC_6580770,IL_7950940,Malignant,SCCKA,clinical: close-up,60.0,male,head/neck
ISIC_6581346,IL_7438148,Malignant,BCC,clinical: close-up,50.0,male,
ISIC_6581571,IL_0192026,Malignant,MEL,dermoscopic,65.0,male,head/neck
ISIC_6581608,IL_2692187,Benign,BEN_OTH,dermoscopic,60.0,female,head/neck
ISIC_6582004,IL_1230964,Malignant,BCC,dermoscopic,45.0,female,
ISIC_6583245,IL_3829109,Benign,NV,dermoscopic,45.0,male,
ISIC_6583340,IL_1713775,Malignant,BCC,clinical: close-up,70.0,male,
ISIC_6583732,IL_0636666,Benign,NV,clinical: close-up,20.0,female,lower extremity
ISIC_6584815,IL_2649297,Benign,NV,dermoscopic,55.0,female,
ISIC_6588395,IL_3268494,Malignant,BCC,dermoscopic,65.0,female,head/neck
ISIC_6589696,IL_9746868,Malignant,BCC,dermoscopic,85.0,male,head/neck
ISIC_6590195,IL_6107862,Malignant,BCC,dermoscopic,50.0,male,head/neck
ISIC_6590453,IL_3827955,Benign,BKL,dermoscopic,80.0,male,head/neck
ISIC_6591439,IL_2991025,Malignant,BCC,clinical: close-up,65.0,male,
ISIC_6593095,IL_6124707,Malignant,BCC,clinical: close-up,70.0,female,head/neck
ISIC_6597735,IL_8109861,Malignant,BCC,clinical: close-up,55.0,female,lower extremity
ISIC_6600474,IL_0262433,Indeterminate,AKIEC,clinical: close-up,70.0,male,head/neck
ISIC_6600475,IL_7251492,Malignant,BCC,dermoscopic,65.0,female,head/neck
ISIC_6601126,IL_4180169,Benign,BKL,dermoscopic,70.0,male,head/neck
ISIC_6601890,IL_8747849,Benign,NV,clinical: close-up,75.0,male,head/neck
ISIC_6602302,IL_2275218,Malignant,BCC,dermoscopic,65.0,male,
ISIC_6603451,IL_6615985,Malignant,BCC,dermoscopic,70.0,female,head/neck
ISIC_6603709,IL_4381909,Indeterminate,AKIEC,dermoscopic,70.0,male,head/neck
ISIC_6609894,IL_0793440,Benign,NV,clinical: close-up,55.0,male,lower extremity
ISIC_6611061,IL_9801468,Malignant,BCC,dermoscopic,65.0,female,upper extremity
ISIC_6612352,IL_9855945,Malignant,BCC,clinical: close-up,80.0,female,
ISIC_6615782,IL_8389564,Malignant,BCC,dermoscopic,65.0,male,
ISIC_6616937,IL_8299819,Malignant,BCC,dermoscopic,70.0,male,
ISIC_6617227,IL_0974592,Benign,NV,clinical: close-up,10.0,male,
ISIC_6618250,IL_2048695,Malignant,BCC,dermoscopic,75.0,female,upper extremity
ISIC_6620223,IL_7712318,Benign,NV,clinical: close-up,30.0,female,lower extremity
ISIC_6623298,IL_3154330,Malignant,SCCKA,dermoscopic,60.0,male,
ISIC_6625361,IL_8843384,Benign,NV,clinical: close-up,25.0,female,lower extremity
ISIC_6625754,IL_6719325,Malignant,BCC,clinical: close-up,60.0,female,head/neck
ISIC_6629742,IL_8264296,Benign,BKL,clinical: close-up,70.0,female,lower extremity
ISIC_6631462,IL_7093777,Benign,NV,dermoscopic,50.0,female,head/neck
ISIC_6635963,IL_3088374,Malignant,MEL,dermoscopic,75.0,female,
ISIC_6638137,IL_4547617,Malignant,MEL,dermoscopic,60.0,female,head/neck
ISIC_6638374,IL_3599866,Benign,BKL,dermoscopic,75.0,male,
ISIC_6638547,IL_1140654,Malignant,BCC,dermoscopic,70.0,female,
ISIC_6639957,IL_1743491,Malignant,BCC,dermoscopic,70.0,male,
ISIC_6640040,IL_5186101,Benign,NV,dermoscopic,35.0,male,head/neck
ISIC_6640885,IL_2521408,Malignant,BCC,clinical: close-up,60.0,female,upper extremity
ISIC_6642568,IL_1393586,Malignant,AKIEC,clinical: close-up,45.0,male,upper extremity
ISIC_6645684,IL_6879944,Malignant,BCC,dermoscopic,55.0,male,lower extremity
ISIC_6646415,IL_3307198,Malignant,SCCKA,clinical: close-up,85.0,male,upper extremity
ISIC_6650890,IL_8380351,Malignant,AKIEC,clinical: close-up,50.0,male,head/neck
ISIC_6651888,IL_3499817,Malignant,BCC,dermoscopic,65.0,female,upper extremity
ISIC_6653326,IL_6442521,Malignant,BCC,dermoscopic,70.0,male,
ISIC_6655070,IL_9897493,Malignant,MEL,dermoscopic,80.0,male,
ISIC_6657446,IL_6449615,Benign,INF,dermoscopic,70.0,male,upper extremity
ISIC_6657890,IL_6662747,Benign,BKL,dermoscopic,10.0,female,head/neck
ISIC_6657999,IL_4906380,Benign,NV,clinical: close-up,35.0,male,head/neck
ISIC_6660770,IL_1470689,Malignant,BCC,clinical: close-up,55.0,male,lower extremity
ISIC_6662978,IL_7933617,Malignant,SCCKA,dermoscopic,55.0,male,head/neck
ISIC_6664385,IL_9891948,Malignant,BCC,dermoscopic,60.0,male,head/neck
ISIC_6665062,IL_7619356,Benign,NV,clinical: close-up,65.0,male,
ISIC_6669060,IL_4877851,Benign,NV,clinical: close-up,30.0,female,
ISIC_6670414,IL_3732143,Malignant,BCC,clinical: close-up,85.0,female,
ISIC_6671359,IL_3844274,Malignant,BCC,clinical: close-up,55.0,male,head/neck
ISIC_6672065,IL_1406578,Malignant,BCC,dermoscopic,70.0,female,upper extremity
ISIC_6674353,IL_4262969,Malignant,SCCKA,clinical: close-up,65.0,male,
ISIC_6677597,IL_2055749,Malignant,MEL,clinical: close-up,75.0,female,
ISIC_6678187,IL_8581964,Malignant,BCC,dermoscopic,60.0,female,lower extremity
ISIC_6685057,IL_6639519,Malignant,BCC,clinical: close-up,85.0,female,
ISIC_6685680,IL_2994581,Malignant,BCC,dermoscopic,55.0,male,head/neck
ISIC_6687699,IL_4103128,Malignant,BCC,clinical: close-up,70.0,male,upper extremity
ISIC_6690222,IL_8158343,Malignant,BCC,dermoscopic,75.0,female,upper extremity
ISIC_6691035,IL_4954108,Benign,NV,dermoscopic,30.0,male,
ISIC_6691676,IL_1030671,Malignant,MEL,dermoscopic,30.0,male,head/neck
ISIC_6693050,IL_9349173,Benign,NV,dermoscopic,35.0,female,lower extremity
ISIC_6693138,IL_8758801,Malignant,BCC,dermoscopic,80.0,female,lower extremity
ISIC_6694775,IL_5590437,Malignant,BCC,clinical: close-up,50.0,male,
ISIC_6698671,IL_2341353,Malignant,MEL,dermoscopic,70.0,male,
ISIC_6698922,IL_5870575,Malignant,BCC,dermoscopic,65.0,male,lower extremity
ISIC_6703068,IL_4099426,Malignant,BCC,clinical: close-up,55.0,female,
ISIC_6703202,IL_3077425,Benign,NV,dermoscopic,35.0,male,
ISIC_6704553,IL_6258270,Malignant,BCC,clinical: close-up,75.0,male,head/neck
ISIC_6705181,IL_9466832,Benign,NV,clinical: close-up,55.0,female,lower extremity
ISIC_6705726,IL_1618148,Malignant,BCC,clinical: close-up,70.0,female,
ISIC_6708834,IL_9992890,Malignant,BCC,clinical: close-up,85.0,male,lower extremity
ISIC_6712916,IL_5310098,Malignant,BCC,dermoscopic,75.0,female,lower extremity
ISIC_6713718,IL_6767086,Malignant,BCC,clinical: close-up,75.0,male,upper extremity
ISIC_6713938,IL_9987263,Benign,NV,clinical: close-up,50.0,female,lower extremity
ISIC_6714325,IL_4190989,Benign,NV,dermoscopic,50.0,male,
ISIC_6715416,IL_9018029,Indeterminate,AKIEC,dermoscopic,60.0,female,head/neck
ISIC_6717021,IL_8991149,Malignant,BCC,clinical: close-up,70.0,female,lower extremity
ISIC_6717455,IL_4368392,Malignant,BCC,dermoscopic,75.0,male,
ISIC_6719081,IL_4557946,Malignant,BCC,dermoscopic,60.0,male,
ISIC_6720121,IL_7010716,Malignant,BCC,clinical: close-up,65.0,male,lower extremity
ISIC_6724521,IL_7289099,Benign,BKL,clinical: close-up,70.0,male,head/neck
ISIC_6725841,IL_0960913,Malignant,SCCKA,dermoscopic,85.0,female,upper extremity
ISIC_6730946,IL_1422027,Malignant,BCC,dermoscopic,80.0,female,
ISIC_6731532,IL_6477197,Malignant,BCC,clinical: close-up,70.0,male,
ISIC_6731947,IL_6077697,Benign,BKL,clinical: close-up,70.0,female,
ISIC_6733219,IL_1981700,Malignant,BCC,clinical: close-up,85.0,male,
ISIC_6738908,IL_7769284,Malignant,BCC,dermoscopic,85.0,male,lower extremity
ISIC_6739483,IL_0960314,Benign,DF,dermoscopic,35.0,female,lower extremity
ISIC_6739511,IL_4991400,Malignant,BCC,clinical: close-up,55.0,male,lower extremity
ISIC_6744907,IL_4785654,Malignant,SCCKA,clinical: close-up,65.0,male,lower extremity
ISIC_6747832,IL_2816298,Malignant,BCC,dermoscopic,60.0,female,head/neck
ISIC_6747915,IL_1958887,Malignant,BCC,dermoscopic,75.0,female,
ISIC_6749742,IL_7685934,Malignant,MEL,dermoscopic,75.0,male,head/neck
ISIC_6751695,IL_6647837,Malignant,BCC,clinical: close-up,60.0,female,
ISIC_6752467,IL_4182529,Malignant,BCC,clinical: close-up,80.0,male,head/neck
ISIC_6754024,IL_9529551,Benign,BKL,dermoscopic,35.0,male,lower extremity
ISIC_6754150,IL_9194841,Malignant,BCC,dermoscopic,65.0,female,upper extremity
ISIC_6756079,IL_6863139,Malignant,BCC,clinical: close-up,40.0,female,lower extremity
ISIC_6760472,IL_6430136,Benign,NV,clinical: close-up,60.0,male,lower extremity
ISIC_6760541,IL_7453995,Malignant,BCC,dermoscopic,60.0,male,lower extremity
ISIC_6761603,IL_3303536,Malignant,AKIEC,clinical: close-up,60.0,male,head/neck
ISIC_6765536,IL_3974873,Malignant,BCC,dermoscopic,80.0,male,
ISIC_6765907,IL_0286681,Benign,DF,clinical: close-up,45.0,female,lower extremity
ISIC_6771998,IL_1272170,Malignant,BCC,dermoscopic,65.0,male,
ISIC_6773668,IL_6889294,Benign,NV,dermoscopic,30.0,female,head/neck
ISIC_6775663,IL_8098270,Malignant,BCC,dermoscopic,55.0,female,lower extremity
ISIC_6777374,IL_0521926,Malignant,BCC,clinical: close-up,50.0,male,upper extremity
ISIC_6780966,IL_9737107,Benign,NV,dermoscopic,55.0,male,
ISIC_6783253,IL_1452313,Malignant,BCC,dermoscopic,50.0,female,
ISIC_6784471,IL_9399990,Indeterminate,AKIEC,dermoscopic,65.0,female,head/neck
ISIC_6785657,IL_2797593,Benign,NV,dermoscopic,70.0,male,
ISIC_6788333,IL_4732392,Benign,NV,dermoscopic,65.0,male,
ISIC_6788918,IL_5357233,Malignant,BCC,clinical: close-up,55.0,male,upper extremity
ISIC_6789387,IL_2700480,Malignant,BCC,clinical: close-up,80.0,female,lower extremity
ISIC_6790517,IL_2221229,Benign,NV,dermoscopic,70.0,male,
ISIC_6791466,IL_7649992,Malignant,BCC,dermoscopic,55.0,male,
ISIC_6792624,IL_5152283,Malignant,BCC,clinical: close-up,85.0,male,head/neck
ISIC_6795963,IL_8859314,Malignant,BCC,dermoscopic,70.0,male,head/neck
ISIC_6796955,IL_3327955,Benign,INF,dermoscopic,45.0,female,head/neck
ISIC_6801081,IL_6887782,Malignant,MEL,dermoscopic,70.0,female,head/neck
ISIC_6803790,IL_8204669,Malignant,MEL,clinical: close-up,55.0,female,lower extremity
ISIC_6806266,IL_6113513,Benign,NV,dermoscopic,10.0,female,lower extremity
ISIC_6806797,IL_8611519,Benign,NV,clinical: close-up,75.0,male,head/neck
ISIC_6806931,IL_2632652,Benign,NV,clinical: close-up,70.0,female,
ISIC_6814138,IL_8296856,Benign,BKL,clinical: close-up,70.0,male,
ISIC_6818303,IL_4715886,Malignant,BCC,dermoscopic,70.0,female,
ISIC_6818815,IL_9607410,Malignant,BCC,clinical: close-up,75.0,male,head/neck
ISIC_6819573,IL_4402692,Malignant,AKIEC,dermoscopic,50.0,male,
ISIC_6820101,IL_3925497,Malignant,MEL,clinical: close-up,50.0,female,
ISIC_6822533,IL_3609396,Malignant,BCC,dermoscopic,45.0,male,
ISIC_6823826,IL_3253177,Benign,NV,clinical: close-up,75.0,male,lower extremity
ISIC_6824445,IL_3906452,Malignant,MEL,clinical: close-up,75.0,male,
ISIC_6827856,IL_4174336,Indeterminate,AKIEC,clinical: close-up,75.0,male,
ISIC_6827974,IL_2868524,Malignant,BCC,dermoscopic,70.0,male,
ISIC_6831182,IL_0264320,Benign,BKL,clinical: close-up,80.0,male,
ISIC_6831651,IL_5576259,Malignant,BCC,dermoscopic,60.0,female,upper extremity
ISIC_6831946,IL_9072038,Malignant,BCC,clinical: close-up,85.0,male,lower extremity
ISIC_6833525,IL_8106703,Malignant,MEL,dermoscopic,40.0,male,
ISIC_6834207,IL_1970176,Malignant,MEL,clinical: close-up,70.0,female,lower extremity
ISIC_6835241,IL_6356620,Malignant,BCC,dermoscopic,85.0,female,
ISIC_6838890,IL_6017753,Benign,BKL,dermoscopic,65.0,male,
ISIC_6842250,IL_4681416,Benign,BKL,dermoscopic,65.0,male,lower extremity
ISIC_6842565,IL_3570524,Malignant,SCCKA,dermoscopic,80.0,male,head/neck
ISIC_6844081,IL_4268143,Benign,NV,clinical: close-up,20.0,male,
ISIC_6847081,IL_8725130,Benign,BKL,clinical: close-up,70.0,female,
ISIC_6852771,IL_2674670,Malignant,BCC,dermoscopic,80.0,male,upper extremity
ISIC_6853529,IL_2528819,Benign,NV,dermoscopic,5.0,male,
ISIC_6854604,IL_8732835,Malignant,BCC,dermoscopic,80.0,female,
ISIC_6854833,IL_7619884,Benign,BKL,clinical: close-up,70.0,female,
ISIC_6855467,IL_2750081,Benign,NV,clinical: close-up,10.0,female,head/neck
ISIC_6856028,IL_9070099,Malignant,SCCKA,dermoscopic,70.0,male,upper extremity
ISIC_6857013,IL_1478833,Malignant,MEL,clinical: close-up,85.0,male,lower extremity
ISIC_6860247,IL_1093822,Malignant,BCC,dermoscopic,85.0,female,upper extremity
ISIC_6860570,IL_1963304,Malignant,SCCKA,dermoscopic,60.0,female,lower extremity
ISIC_6862130,IL_1320390,Malignant,MEL,clinical: close-up,55.0,male,
ISIC_6862838,IL_7643316,Malignant,MEL,clinical: close-up,65.0,male,head/neck
ISIC_6863904,IL_4206745,Malignant,SCCKA,dermoscopic,85.0,female,upper extremity
ISIC_6869534,IL_2291153,Malignant,BCC,clinical: close-up,60.0,male,lower extremity
ISIC_6872189,IL_4862804,Malignant,BCC,clinical: close-up,55.0,female,lower extremity
ISIC_6873786,IL_8994019,Benign,NV,dermoscopic,40.0,male,
ISIC_6877985,IL_5101024,Malignant,MEL,dermoscopic,70.0,female,head/neck
ISIC_6881361,IL_2675475,Malignant,BCC,dermoscopic,75.0,female,
ISIC_6881975,IL_9912061,Indeterminate,AKIEC,clinical: close-up,75.0,male,lower extremity
ISIC_6881977,IL_2058691,Malignant,BCC,dermoscopic,75.0,male,
ISIC_6884836,IL_4781564,Malignant,BCC,dermoscopic,40.0,female,
ISIC_6886017,IL_9439154,Malignant,MEL,clinical: close-up,30.0,female,
ISIC_6886883,IL_3245331,Indeterminate,AKIEC,dermoscopic,65.0,female,head/neck
ISIC_6887594,IL_4061949,Benign,NV,dermoscopic,5.0,male,
ISIC_6888436,IL_7431688,Malignant,SCCKA,clinical: close-up,80.0,male,head/neck
ISIC_6890394,IL_8364095,Benign,VASC,clinical: close-up,50.0,female,upper extremity
ISIC_6891841,IL_6128899,Malignant,BCC,clinical: close-up,75.0,male,head/neck
ISIC_6895047,IL_6305058,Malignant,BCC,clinical: close-up,40.0,male,upper extremity
ISIC_6895079,IL_4668896,Malignant,BCC,dermoscopic,80.0,male,lower extremity
ISIC_6896664,IL_5787945,Benign,INF,dermoscopic,70.0,male,lower extremity
ISIC_6897010,IL_9262506,Malignant,BCC,dermoscopic,70.0,female,lower extremity
ISIC_6899811,IL_3984556,Malignant,BCC,dermoscopic,60.0,male,head/neck
ISIC_6900216,IL_6029935,Malignant,SCCKA,clinical: close-up,70.0,male,head/neck
ISIC_6900958,IL_0179071,Malignant,BCC,dermoscopic,65.0,male,upper extremity
ISIC_6901509,IL_7398845,Malignant,BCC,clinical: close-up,85.0,female,head/neck
ISIC_6901642,IL_1675253,Malignant,BCC,dermoscopic,45.0,male,head/neck
ISIC_6904950,IL_4571173,Malignant,MEL,dermoscopic,65.0,male,
ISIC_6906298,IL_3397052,Malignant,MAL_OTH,clinical: close-up,60.0,male,
ISIC_6908533,IL_7707991,Malignant,SCCKA,dermoscopic,75.0,female,head/neck
ISIC_6910029,IL_9005268,Malignant,BCC,dermoscopic,85.0,male,lower extremity
ISIC_6914066,IL_1858834,Malignant,BCC,clinical: close-up,55.0,male,
ISIC_6914336,IL_7760285,Malignant,BCC,clinical: close-up,60.0,male,
ISIC_6921970,IL_2218575,Malignant,BCC,clinical: close-up,60.0,male,
ISIC_6927702,IL_8549030,Benign,NV,clinical: close-up,50.0,female,upper extremity
ISIC_6931788,IL_4580726,Malignant,BCC,clinical: close-up,70.0,male,
ISIC_6932479,IL_7064564,Malignant,BCC,clinical: close-up,70.0,male,head/neck
ISIC_6933070,IL_9064607,Benign,BKL,dermoscopic,45.0,male,lower extremity
ISIC_6933572,IL_3295228,Benign,NV,dermoscopic,40.0,male,
ISIC_6934066,IL_7853523,Benign,NV,clinical: close-up,35.0,male,head/neck
ISIC_6935679,IL_5352548,Malignant,BCC,dermoscopic,30.0,female,
ISIC_6936062,IL_9809595,Benign,BKL,clinical: close-up,75.0,male,
ISIC_6936754,IL_3705242,Malignant,BCC,dermoscopic,75.0,female,lower extremity
ISIC_6936920,IL_9540543,Malignant,BCC,dermoscopic,65.0,female,
ISIC_6938390,IL_1122729,Malignant,AKIEC,dermoscopic,75.0,male,
ISIC_6938441,IL_6352600,Malignant,BCC,dermoscopic,85.0,male,head/neck
ISIC_6938646,IL_2322719,Malignant,BCC,dermoscopic,65.0,female,head/neck
ISIC_6938902,IL_5675796,Benign,BKL,clinical: close-up,65.0,male,
ISIC_6940173,IL_8601267,Malignant,BCC,dermoscopic,50.0,female,
ISIC_6940478,IL_8225766,Benign,NV,dermoscopic,5.0,male,lower extremity
ISIC_6941286,IL_8402366,Malignant,SCCKA,clinical: close-up,65.0,male,upper extremity
ISIC_6942468,IL_8331769,Benign,NV,clinical: close-up,30.0,female,head/neck
ISIC_6943109,IL_6499920,Malignant,BCC,clinical: close-up,60.0,male,
ISIC_6943209,IL_5416210,Malignant,SCCKA,dermoscopic,65.0,male,lower extremity
ISIC_6945898,IL_6370742,Malignant,BCC,dermoscopic,50.0,male,
ISIC_6946162,IL_9524761,Malignant,AKIEC,clinical: close-up,65.0,male,head/neck
ISIC_6946678,IL_0121394,Malignant,BCC,dermoscopic,65.0,female,lower extremity
ISIC_6949754,IL_2423269,Benign,BKL,dermoscopic,35.0,female,head/neck
ISIC_6950225,IL_5131456,Malignant,BCC,dermoscopic,45.0,male,
ISIC_6952620,IL_3827955,Benign,BKL,clinical: close-up,80.0,male,head/neck
ISIC_6952812,IL_3615329,Malignant,BCC,dermoscopic,75.0,male,
ISIC_6956876,IL_9646137,Malignant,BCC,dermoscopic,75.0,male,upper extremity
ISIC_6957886,IL_1720611,Malignant,AKIEC,clinical: close-up,45.0,male,head/neck
ISIC_6958809,IL_3326001,Malignant,BCC,clinical: close-up,50.0,male,lower extremity
ISIC_6958882,IL_8739695,Benign,NV,dermoscopic,45.0,female,
ISIC_6958939,IL_1678341,Malignant,BCC,clinical: close-up,75.0,female,
ISIC_6959082,IL_7151010,Benign,BKL,dermoscopic,45.0,female,head/neck
ISIC_6960107,IL_9245016,Malignant,BCC,clinical: close-up,40.0,female,upper extremity
ISIC_6964854,IL_0688391,Malignant,BCC,clinical: close-up,80.0,male,
ISIC_6965635,IL_9088569,Malignant,SCCKA,dermoscopic,75.0,male,
ISIC_6966608,IL_6970839,Malignant,BCC,clinical: close-up,30.0,male,
ISIC_6967166,IL_4783389,Benign,NV,clinical: close-up,25.0,female,
ISIC_6967255,IL_1470267,Malignant,BCC,clinical: close-up,55.0,male,
ISIC_6968104,IL_8678010,Malignant,BCC,clinical: close-up,65.0,male,
ISIC_6968526,IL_5129613,Malignant,BCC,clinical: close-up,65.0,female,head/neck
ISIC_6970817,IL_6040163,Benign,BKL,clinical: close-up,70.0,male,head/neck
ISIC_6971136,IL_0610557,Benign,NV,clinical: close-up,20.0,female,oral/genital
ISIC_6972742,IL_0630515,Benign,NV,dermoscopic,25.0,male,
ISIC_6973783,IL_3778802,Benign,NV,dermoscopic,50.0,male,lower extremity
ISIC_6976701,IL_0216946,Malignant,BCC,dermoscopic,60.0,male,head/neck
ISIC_6977117,IL_1077349,Benign,NV,clinical: close-up,10.0,male,lower extremity
ISIC_6977564,IL_1667522,Malignant,BCC,clinical: close-up,80.0,male,
ISIC_6981576,IL_8784300,Benign,BEN_OTH,clinical: close-up,80.0,female,head/neck
ISIC_6983648,IL_7717192,Malignant,BCC,clinical: close-up,60.0,male,
ISIC_6984049,IL_3892399,Malignant,BCC,clinical: close-up,65.0,female,head/neck
ISIC_6987320,IL_0788438,Benign,NV,dermoscopic,45.0,male,
ISIC_6989179,IL_5289239,Malignant,SCCKA,dermoscopic,75.0,male,
ISIC_6990939,IL_7974648,Benign,NV,dermoscopic,10.0,female,lower extremity
ISIC_6990978,IL_7972965,Malignant,SCCKA,dermoscopic,65.0,female,upper extremity
ISIC_6991585,IL_2057238,Malignant,SCCKA,dermoscopic,85.0,male,upper extremity
ISIC_6992532,IL_4072310,Benign,NV,clinical: close-up,45.0,male,
ISIC_6995667,IL_5766426,Malignant,MEL,clinical: close-up,50.0,female,
ISIC_6996440,IL_5979205,Benign,NV,clinical: close-up,45.0,male,
ISIC_6999728,IL_3230932,Malignant,BCC,dermoscopic,70.0,female,lower extremity
ISIC_6999928,IL_2658437,Malignant,BCC,dermoscopic,50.0,female,upper extremity
ISIC_7000928,IL_7804656,Benign,NV,dermoscopic,55.0,male,head/neck
ISIC_7003219,IL_7759035,Malignant,BCC,dermoscopic,70.0,female,head/neck
ISIC_7004185,IL_1765810,Indeterminate,AKIEC,clinical: close-up,60.0,male,lower extremity
ISIC_7006889,IL_7718928,Malignant,BCC,dermoscopic,65.0,male,head/neck
ISIC_7006971,IL_9801518,Malignant,BCC,clinical: close-up,65.0,male,lower extremity
ISIC_7015879,IL_9636083,Malignant,BCC,clinical: close-up,55.0,male,head/neck
ISIC_7016834,IL_6247210,Benign,BKL,dermoscopic,50.0,female,upper extremity
ISIC_7016980,IL_9031003,Malignant,BCC,clinical: close-up,70.0,female,head/neck
ISIC_7018101,IL_4739106,Benign,NV,dermoscopic,30.0,female,lower extremity
ISIC_7023633,IL_8039087,Malignant,SCCKA,dermoscopic,60.0,female,
ISIC_7029533,IL_6389219,Malignant,AKIEC,dermoscopic,85.0,male,head/neck
ISIC_7030907,IL_6847142,Malignant,BCC,dermoscopic,65.0,female,lower extremity
ISIC_7030953,IL_0462841,Malignant,BCC,dermoscopic,80.0,female,head/neck
ISIC_7031050,IL_8758907,Malignant,BCC,clinical: close-up,65.0,female,
ISIC_7032433,IL_7244270,Malignant,BCC,clinical: close-up,65.0,female,
ISIC_7033406,IL_0625469,Malignant,MEL,clinical: close-up,80.0,male,
ISIC_7034446,IL_5744385,Benign,BKL,clinical: close-up,80.0,male,head/neck
ISIC_7034620,IL_7660180,Malignant,BCC,dermoscopic,75.0,male,upper extremity
ISIC_7037056,IL_5002382,Malignant,MEL,dermoscopic,65.0,male,head/neck
ISIC_7038723,IL_8553966,Malignant,AKIEC,dermoscopic,45.0,male,head/neck
ISIC_7041996,IL_6336481,Malignant,SCCKA,clinical: close-up,65.0,female,head/neck
ISIC_7043547,IL_4557946,Malignant,BCC,clinical: close-up,60.0,male,
ISIC_7044118,IL_2996950,Malignant,SCCKA,dermoscopic,80.0,male,lower extremity
ISIC_7044269,IL_7023343,Benign,BKL,clinical: close-up,45.0,male,head/neck
ISIC_7045012,IL_2251187,Malignant,MEL,dermoscopic,60.0,male,
ISIC_7047367,IL_1815141,Benign,NV,clinical: close-up,35.0,male,
ISIC_7047621,IL_1866416,Malignant,BCC,dermoscopic,65.0,female,lower extremity
ISIC_7051147,IL_1537266,Malignant,BCC,clinical: close-up,70.0,male,
ISIC_7051193,IL_2922462,Malignant,BCC,clinical: close-up,65.0,male,
ISIC_7053064,IL_6960759,Benign,NV,dermoscopic,60.0,male,
ISIC_7053200,IL_9734938,Malignant,BCC,dermoscopic,55.0,male,upper extremity
ISIC_7056997,IL_4088084,Malignant,SCCKA,clinical: close-up,85.0,male,head/neck
ISIC_7058677,IL_3687151,Malignant,BCC,clinical: close-up,70.0,male,
ISIC_7059546,IL_1741364,Malignant,SCCKA,dermoscopic,75.0,male,head/neck
ISIC_7061593,IL_1528983,Malignant,BCC,dermoscopic,85.0,male,
ISIC_7067801,IL_2634842,Malignant,BCC,clinical: close-up,70.0,female,lower extremity
ISIC_7067948,IL_5055807,Malignant,BCC,dermoscopic,70.0,male,head/neck
ISIC_7070387,IL_5787945,Benign,INF,clinical: close-up,70.0,male,lower extremity
ISIC_7072308,IL_2473715,Malignant,SCCKA,dermoscopic,80.0,female,upper extremity
ISIC_7074302,IL_2196510,Benign,NV,dermoscopic,40.0,female,lower extremity
ISIC_7074658,IL_2596452,Malignant,SCCKA,dermoscopic,75.0,female,lower extremity
ISIC_7075127,IL_6242264,Benign,BKL,clinical: close-up,75.0,female,lower extremity
ISIC_7077927,IL_4430072,Benign,BKL,clinical: close-up,70.0,male,head/neck
ISIC_7078711,IL_5154622,Benign,NV,dermoscopic,60.0,male,
ISIC_7080457,IL_2707653,Malignant,BCC,clinical: close-up,65.0,female,lower extremity
ISIC_7081739,IL_5014873,Malignant,SCCKA,dermoscopic,65.0,male,lower extremity
ISIC_7081965,IL_0061620,Malignant,BCC,clinical: close-up,70.0,male,
ISIC_7082655,IL_6527343,Malignant,MEL,clinical: close-up,60.0,male,
ISIC_7083773,IL_1443713,Malignant,BCC,dermoscopic,70.0,female,
ISIC_7085591,IL_0147242,Malignant,BCC,dermoscopic,80.0,male,head/neck
ISIC_7087826,IL_4050441,Malignant,BCC,dermoscopic,70.0,male,head/neck
ISIC_7090643,IL_8171092,Benign,NV,clinical: close-up,80.0,female,lower extremity
ISIC_7095135,IL_0843327,Malignant,BCC,clinical: close-up,55.0,female,
ISIC_7096292,IL_9746868,Malignant,BCC,clinical: close-up,85.0,male,head/neck
ISIC_7096753,IL_6943696,Malignant,MEL,clinical: close-up,55.0,male,
ISIC_7097983,IL_6410644,Benign,NV,clinical: close-up,55.0,female,lower extremity
ISIC_7100479,IL_1743491,Malignant,BCC,clinical: close-up,70.0,male,
ISIC_7101608,IL_7002218,Malignant,BCC,dermoscopic,75.0,male,
ISIC_7103694,IL_2889999,Benign,BKL,dermoscopic,65.0,male,upper extremity
ISIC_7105831,IL_6901137,Benign,NV,dermoscopic,25.0,male,
ISIC_7106496,IL_0275953,Benign,BKL,clinical: close-up,70.0,male,
ISIC_7108710,IL_2962292,Malignant,BCC,clinical: close-up,65.0,male,upper extremity
ISIC_7109494,IL_9075898,Malignant,SCCKA,dermoscopic,70.0,male,head/neck
ISIC_7110025,IL_1166072,Malignant,BCC,dermoscopic,65.0,male,
ISIC_7110687,IL_8449378,Benign,NV,dermoscopic,30.0,female,lower extremity
ISIC_7111015,IL_5429877,Malignant,BCC,clinical: close-up,70.0,male,upper extremity
ISIC_7112529,IL_2779245,Malignant,BCC,clinical: close-up,55.0,male,
ISIC_7112600,IL_9980113,Malignant,AKIEC,dermoscopic,55.0,female,head/neck
ISIC_7113721,IL_6107862,Malignant,BCC,clinical: close-up,50.0,male,head/neck
ISIC_7115215,IL_1711238,Malignant,MEL,clinical: close-up,70.0,male,
ISIC_7115768,IL_6639519,Malignant,BCC,dermoscopic,85.0,female,
ISIC_7115858,IL_4323470,Malignant,BCC,clinical: close-up,75.0,female,
ISIC_7116014,IL_0966806,Benign,NV,dermoscopic,65.0,male,
ISIC_7116818,IL_8171092,Benign,NV,dermoscopic,80.0,female,lower extremity
ISIC_7117439,IL_8516254,Malignant,BCC,clinical: close-up,50.0,female,upper extremity
ISIC_7119069,IL_7762998,Malignant,BCC,clinical: close-up,75.0,male,head/neck
ISIC_7119768,IL_7728761,Malignant,SCCKA,clinical: close-up,75.0,female,
ISIC_7119882,IL_0307289,Malignant,BCC,dermoscopic,55.0,male,
ISIC_7122420,IL_3269289,Malignant,BCC,clinical: close-up,55.0,male,head/neck
ISIC_7124407,IL_8585271,Benign,NV,clinical: close-up,35.0,female,upper extremity
ISIC_7126369,IL_6995611,Malignant,BCC,dermoscopic,60.0,male,
ISIC_7128280,IL_5795574,Indeterminate,AKIEC,dermoscopic,60.0,female,head/neck
ISIC_7132196,IL_9752629,Malignant,BCC,dermoscopic,55.0,male,upper extremity
ISIC_7133516,IL_5830387,Benign,NV,clinical: close-up,50.0,male,
ISIC_7134919,IL_1556034,Benign,VASC,dermoscopic,85.0,male,lower extremity
ISIC_7136010,IL_2808102,Malignant,MEL,clinical: close-up,45.0,male,
ISIC_7139452,IL_2448175,Benign,NV,dermoscopic,45.0,female,lower extremity
ISIC_7139592,IL_6836938,Benign,NV,dermoscopic,60.0,male,
ISIC_7139633,IL_0241510,Malignant,BCC,clinical: close-up,80.0,male,
ISIC_7140233,IL_4644252,Benign,NV,clinical: close-up,40.0,female,lower extremity
ISIC_7142689,IL_5364127,Benign,BKL,clinical: close-up,70.0,male,head/neck
ISIC_7142949,IL_5154479,Malignant,BCC,clinical: close-up,75.0,female,head/neck
ISIC_7143220,IL_8283182,Malignant,SCCKA,clinical: close-up,70.0,male,lower extremity
ISIC_7144270,IL_2670603,Malignant,BCC,clinical: close-up,70.0,female,lower extremity
ISIC_7145117,IL_8703940,Malignant,SCCKA,clinical: close-up,45.0,male,upper extremity
ISIC_7146069,IL_4696609,Benign,NV,dermoscopic,80.0,female,
ISIC_7147780,IL_8859314,Malignant,BCC,clinical: close-up,70.0,male,head/neck
ISIC_7148236,IL_3724893,Malignant,BCC,clinical: close-up,65.0,male,lower extremity
ISIC_7149626,IL_0217482,Benign,NV,dermoscopic,45.0,female,
ISIC_7150655,IL_3061699,Malignant,MEL,dermoscopic,70.0,male,
ISIC_7151845,IL_7667503,Malignant,BCC,clinical: close-up,65.0,male,lower extremity
ISIC_7153501,IL_0203121,Malignant,BCC,dermoscopic,70.0,female,upper extremity
ISIC_7154038,IL_4453388,Malignant,BCC,dermoscopic,80.0,female,
ISIC_7155383,IL_7914458,Malignant,BCC,clinical: close-up,65.0,female,lower extremity
ISIC_7155489,IL_5293525,Benign,NV,clinical: close-up,35.0,female,
ISIC_7161171,IL_3852140,Benign,NV,clinical: close-up,30.0,male,head/neck
ISIC_7162704,IL_2094234,Malignant,MEL,clinical: close-up,80.0,female,head/neck
ISIC_7169372,IL_3887392,Malignant,BCC,dermoscopic,70.0,male,head/neck
ISIC_7170025,IL_6632725,Malignant,MEL,dermoscopic,60.0,male,upper extremity
ISIC_7171875,IL_2289243,Benign,BKL,dermoscopic,75.0,male,
ISIC_7176018,IL_0773953,Malignant,BCC,clinical: close-up,45.0,male,upper extremity
ISIC_7176466,IL_1906171,Benign,NV,dermoscopic,25.0,female,lower extremity
ISIC_7179951,IL_9216457,Malignant,BCC,clinical: close-up,70.0,male,
ISIC_7179957,IL_5576993,Benign,NV,clinical: close-up,70.0,male,
ISIC_7184100,IL_0091633,Malignant,BCC,clinical: close-up,70.0,male,head/neck
ISIC_7184709,IL_1611761,Malignant,SCCKA,dermoscopic,85.0,male,head/neck
ISIC_7185462,IL_5657022,Malignant,BCC,clinical: close-up,65.0,male,head/neck
ISIC_7185513,IL_8421292,Malignant,BCC,clinical: close-up,45.0,male,
ISIC_7188142,IL_2239570,Malignant,BCC,clinical: close-up,75.0,female,upper extremity
ISIC_7190000,IL_6546506,Malignant,SCCKA,clinical: close-up,70.0,male,
ISIC_7193606,IL_6765370,Malignant,BCC,dermoscopic,65.0,male,upper extremity
ISIC_7194453,IL_3772010,Malignant,MAL_OTH,dermoscopic,75.0,male,
ISIC_7196937,IL_6679773,Malignant,BCC,dermoscopic,55.0,female,head/neck
ISIC_7197136,IL_5161470,Benign,NV,clinical: close-up,35.0,male,
ISIC_7197327,IL_0474347,Malignant,SCCKA,clinical: close-up,65.0,female,upper extremity
ISIC_7198657,IL_5697539,Indeterminate,AKIEC,dermoscopic,55.0,male,head/neck
ISIC_7198900,IL_9727677,Benign,NV,dermoscopic,40.0,male,
ISIC_7200132,IL_0610322,Malignant,BCC,dermoscopic,80.0,male,
ISIC_7200189,IL_3830097,Malignant,BCC,clinical: close-up,85.0,male,head/neck
ISIC_7200761,IL_1478833,Malignant,MEL,dermoscopic,85.0,male,lower extremity
ISIC_7201198,IL_3423821,Benign,NV,dermoscopic,45.0,female,
ISIC_7202617,IL_7237859,Benign,NV,clinical: close-up,65.0,male,
ISIC_7206020,IL_3301980,Malignant,BCC,dermoscopic,70.0,female,upper extremity
ISIC_7206588,IL_5099226,Benign,NV,dermoscopic,30.0,female,
ISIC_7206801,IL_3562985,Malignant,SCCKA,dermoscopic,60.0,male,lower extremity
ISIC_7209186,IL_7571099,Malignant,BCC,clinical: close-up,70.0,male,upper extremity
ISIC_7213515,IL_0012199,Malignant,SCCKA,dermoscopic,65.0,male,upper extremity
ISIC_7214986,IL_8808528,Malignant,MEL,dermoscopic,80.0,male,
ISIC_7215858,IL_5811280,Malignant,BCC,dermoscopic,70.0,female,head/neck
ISIC_7216047,IL_7974565,Benign,BKL,clinical: close-up,50.0,female,upper extremity
ISIC_7216810,IL_1840884,Malignant,BCC,dermoscopic,50.0,female,
ISIC_7218635,IL_4336969,Malignant,AKIEC,dermoscopic,45.0,male,head/neck
ISIC_7222742,IL_3312437,Benign,NV,dermoscopic,65.0,male,
ISIC_7225132,IL_9737107,Benign,NV,clinical: close-up,55.0,male,
ISIC_7226778,IL_4686561,Malignant,BCC,dermoscopic,60.0,male,
ISIC_7227216,IL_7348450,Malignant,BCC,dermoscopic,60.0,female,lower extremity
ISIC_7227895,IL_2962175,Benign,VASC,clinical: close-up,45.0,female,
ISIC_7230569,IL_4347033,Benign,NV,dermoscopic,35.0,male,head/neck
ISIC_7231430,IL_6369359,Malignant,MEL,clinical: close-up,55.0,male,
ISIC_7231732,IL_0974592,Benign,NV,dermoscopic,10.0,male,
ISIC_7235047,IL_0758314,Benign,NV,dermoscopic,65.0,male,
ISIC_7235077,IL_8283182,Malignant,SCCKA,dermoscopic,70.0,male,lower extremity
ISIC_7235569,IL_3032174,Benign,DF,dermoscopic,60.0,male,
ISIC_7235822,IL_6176161,Malignant,BCC,clinical: close-up,65.0,male,head/neck
ISIC_7236730,IL_7755452,Malignant,SCCKA,dermoscopic,75.0,male,upper extremity
ISIC_7238849,IL_9565203,Benign,BKL,dermoscopic,70.0,male,
ISIC_7241087,IL_6940421,Malignant,BCC,clinical: close-up,75.0,male,
ISIC_7241253,IL_7912330,Malignant,BCC,dermoscopic,65.0,male,head/neck
ISIC_7241294,IL_8507702,Benign,BKL,dermoscopic,50.0,male,lower extremity
ISIC_7242126,IL_9914605,Malignant,BCC,clinical: close-up,70.0,male,head/neck
ISIC_7242284,IL_8549030,Benign,NV,dermoscopic,50.0,female,upper extremity
ISIC_7242927,IL_7687991,Malignant,SCCKA,dermoscopic,85.0,male,head/neck
ISIC_7243320,IL_6289320,Malignant,SCCKA,dermoscopic,65.0,female,lower extremity
ISIC_7245189,IL_9232367,Malignant,BCC,dermoscopic,70.0,female,lower extremity
ISIC_7246920,IL_8590734,Benign,BKL,clinical: close-up,70.0,female,lower extremity
ISIC_7247659,IL_7209123,Malignant,BCC,clinical: close-up,75.0,male,
ISIC_7248341,IL_7534180,Malignant,BCC,clinical: close-up,75.0,male,head/neck
ISIC_7250021,IL_3778802,Benign,NV,clinical: close-up,50.0,male,lower extremity
ISIC_7251011,IL_5612108,Malignant,BCC,dermoscopic,50.0,male,
ISIC_7251638,IL_3472357,Malignant,BCC,dermoscopic,55.0,male,lower extremity
ISIC_7253697,IL_4865476,Malignant,BCC,clinical: close-up,50.0,male,
ISIC_7256008,IL_2522638,Benign,NV,dermoscopic,40.0,male,lower extremity
ISIC_7256474,IL_8389564,Malignant,BCC,clinical: close-up,65.0,male,
ISIC_7257043,IL_6511492,Malignant,MEL,clinical: close-up,80.0,female,head/neck
ISIC_7263241,IL_2988717,Benign,BKL,clinical: close-up,85.0,male,upper extremity
ISIC_7264785,IL_9914605,Malignant,BCC,dermoscopic,70.0,male,head/neck
ISIC_7265211,IL_9962218,Malignant,BCC,dermoscopic,65.0,male,lower extremity
ISIC_7266198,IL_1724111,Malignant,BCC,dermoscopic,50.0,male,head/neck
ISIC_7267324,IL_4282136,Benign,BKL,clinical: close-up,65.0,female,oral/genital
ISIC_7271787,IL_0387507,Malignant,SCCKA,dermoscopic,70.0,male,upper extremity
ISIC_7272721,IL_6455280,Malignant,BCC,dermoscopic,70.0,female,
ISIC_7273374,IL_3559217,Benign,NV,clinical: close-up,60.0,male,
ISIC_7273851,IL_0549977,Malignant,BCC,clinical: close-up,80.0,male,
ISIC_7273898,IL_9356761,Malignant,BCC,clinical: close-up,70.0,male,upper extremity
ISIC_7274523,IL_7627926,Malignant,AKIEC,dermoscopic,65.0,male,lower extremity
ISIC_7275427,IL_3487572,Malignant,SCCKA,clinical: close-up,85.0,male,head/neck
ISIC_7277605,IL_8647582,Benign,BKL,clinical: close-up,55.0,female,lower extremity
ISIC_7278376,IL_0662515,Benign,NV,dermoscopic,35.0,male,
ISIC_7278817,IL_2276592,Malignant,BCC,dermoscopic,75.0,female,head/neck
ISIC_7283446,IL_7972965,Malignant,SCCKA,clinical: close-up,65.0,female,upper extremity
ISIC_7283528,IL_4799699,Malignant,BCC,dermoscopic,75.0,male,upper extremity
ISIC_7285238,IL_2096474,Malignant,SCCKA,clinical: close-up,50.0,male,head/neck
ISIC_7285901,IL_5304581,Benign,NV,dermoscopic,50.0,male,
ISIC_7286255,IL_7074375,Malignant,BCC,clinical: close-up,55.0,female,
ISIC_7288734,IL_6783933,Malignant,BCC,dermoscopic,60.0,male,upper extremity
ISIC_7289001,IL_0246803,Malignant,BCC,dermoscopic,60.0,male,head/neck
ISIC_7289828,IL_9352958,Malignant,SCCKA,dermoscopic,60.0,male,head/neck
ISIC_7294780,IL_5780931,Benign,NV,clinical: close-up,40.0,male,
ISIC_7297776,IL_1448486,Malignant,BCC,dermoscopic,65.0,male,head/neck
ISIC_7298601,IL_8846733,Malignant,BCC,dermoscopic,50.0,female,head/neck
ISIC_7302180,IL_7130960,Benign,NV,dermoscopic,55.0,male,
ISIC_7302567,IL_5110941,Malignant,BCC,clinical: close-up,55.0,female,
ISIC_7303630,IL_0858380,Malignant,MEL,dermoscopic,55.0,male,
ISIC_7304468,IL_3603601,Indeterminate,AKIEC,clinical: close-up,80.0,female,head/neck
ISIC_7304569,IL_7948883,Benign,INF,clinical: close-up,40.0,female,
ISIC_7305201,IL_9904066,Malignant,BCC,dermoscopic,60.0,male,upper extremity
ISIC_7307945,IL_7535294,Benign,NV,dermoscopic,,male,lower extremity
ISIC_7308323,IL_6970839,Malignant,BCC,dermoscopic,30.0,male,
ISIC_7308563,IL_1662116,Benign,NV,dermoscopic,85.0,female,
ISIC_7308959,IL_6503105,Malignant,MEL,dermoscopic,70.0,male,head/neck
ISIC_7311876,IL_0387576,Malignant,BCC,dermoscopic,70.0,male,head/neck
ISIC_7315517,IL_5564093,Malignant,BCC,dermoscopic,45.0,male,head/neck
ISIC_7318590,IL_8613876,Malignant,BCC,dermoscopic,45.0,female,head/neck
ISIC_7319186,IL_6032106,Malignant,BCC,dermoscopic,65.0,male,
ISIC_7319337,IL_3879916,Malignant,AKIEC,clinical: close-up,70.0,male,lower extremity
ISIC_7320560,IL_9516573,Malignant,MEL,dermoscopic,65.0,female,
ISIC_7321789,IL_3172829,Benign,BKL,clinical: close-up,70.0,male,
ISIC_7323687,IL_9831268,Malignant,BCC,clinical: close-up,75.0,male,
ISIC_7324772,IL_0751731,Malignant,BCC,clinical: close-up,50.0,male,upper extremity
ISIC_7325787,IL_6498417,Malignant,BCC,clinical: close-up,75.0,female,
ISIC_7326413,IL_0784671,Malignant,BCC,clinical: close-up,50.0,male,
ISIC_7328549,IL_9251474,Benign,NV,clinical: close-up,60.0,male,
ISIC_7330557,IL_6110349,Malignant,BCC,dermoscopic,60.0,female,upper extremity
ISIC_7330944,IL_9923635,Malignant,BCC,dermoscopic,70.0,male,head/neck
ISIC_7334834,IL_9292701,Malignant,SCCKA,clinical: close-up,60.0,male,
ISIC_7334939,IL_8114949,Malignant,MEL,dermoscopic,70.0,male,head/neck
ISIC_7335595,IL_1512724,Benign,NV,dermoscopic,80.0,male,upper extremity
ISIC_7335684,IL_6686200,Malignant,BCC,clinical: close-up,75.0,female,head/neck
ISIC_7335701,IL_0137493,Malignant,BCC,clinical: close-up,50.0,male,head/neck
ISIC_7339771,IL_2248531,Malignant,BCC,clinical: close-up,45.0,male,lower extremity
ISIC_7339834,IL_0873874,Malignant,BCC,clinical: close-up,60.0,male,lower extremity
ISIC_7340333,IL_9336389,Benign,NV,dermoscopic,40.0,male,
ISIC_7342682,IL_1367516,Malignant,SCCKA,clinical: close-up,80.0,female,upper extremity
ISIC_7343168,IL_0395791,Malignant,SCCKA,dermoscopic,70.0,male,upper extremity
ISIC_7343701,IL_8280553,Benign,BKL,dermoscopic,70.0,female,
ISIC_7344118,IL_3070568,Malignant,BCC,clinical: close-up,65.0,female,lower extremity
ISIC_7345682,IL_5421067,Malignant,BCC,dermoscopic,80.0,male,
ISIC_7345955,IL_5576259,Malignant,BCC,clinical: close-up,60.0,female,upper extremity
ISIC_7347161,IL_9449213,Malignant,BCC,dermoscopic,85.0,female,upper extremity
ISIC_7347180,IL_8800243,Malignant,BCC,dermoscopic,80.0,male,upper extremity
ISIC_7351010,IL_8108938,Malignant,BCC,dermoscopic,50.0,male,lower extremity
ISIC_7354709,IL_2664581,Malignant,BCC,clinical: close-up,85.0,female,head/neck
ISIC_7356122,IL_7165616,Indeterminate,AKIEC,dermoscopic,75.0,male,head/neck
ISIC_7358297,IL_9400268,Benign,NV,dermoscopic,35.0,male,head/neck
ISIC_7359902,IL_5175125,Malignant,BCC,clinical: close-up,80.0,male,lower extremity
ISIC_7363553,IL_5574857,Benign,NV,clinical: close-up,,female,
ISIC_7363608,IL_5122434,Malignant,BCC,dermoscopic,50.0,male,
ISIC_7364575,IL_2027967,Malignant,BCC,clinical: close-up,65.0,male,
ISIC_7367155,IL_4745332,Benign,BKL,dermoscopic,80.0,female,
ISIC_7368145,IL_7834539,Malignant,BCC,clinical: close-up,70.0,female,lower extremity
ISIC_7372306,IL_7390451,Malignant,BCC,dermoscopic,70.0,male,
ISIC_7374556,IL_1484044,Benign,BKL,dermoscopic,65.0,male,head/neck
ISIC_7374719,IL_1911635,Malignant,BCC,dermoscopic,85.0,male,head/neck
ISIC_7375111,IL_8247508,Malignant,BCC,clinical: close-up,70.0,female,head/neck
ISIC_7376317,IL_2272404,Benign,NV,clinical: close-up,40.0,male,
ISIC_7379628,IL_3262094,Benign,BKL,dermoscopic,60.0,male,lower extremity
ISIC_7381318,IL_8813361,Malignant,SCCKA,clinical: close-up,70.0,male,upper extremity
ISIC_7381334,IL_0201884,Benign,BKL,clinical: close-up,55.0,female,upper extremity
ISIC_7381608,IL_7825676,Malignant,SCCKA,dermoscopic,65.0,male,head/neck
ISIC_7382599,IL_0758607,Malignant,BCC,clinical: close-up,55.0,female,
ISIC_7382876,IL_0966806,Benign,NV,clinical: close-up,65.0,male,
ISIC_7382992,IL_4614364,Malignant,SCCKA,dermoscopic,45.0,male,lower extremity
ISIC_7383105,IL_0972770,Benign,INF,clinical: close-up,25.0,male,
ISIC_7384185,IL_1818431,Malignant,BCC,clinical: close-up,70.0,male,head/neck
ISIC_7384502,IL_6035719,Malignant,BCC,clinical: close-up,50.0,male,upper extremity
ISIC_7384530,IL_7857682,Benign,NV,dermoscopic,30.0,female,
ISIC_7387118,IL_1824943,Malignant,SCCKA,clinical: close-up,80.0,female,
ISIC_7390604,IL_1311157,Malignant,BCC,clinical: close-up,70.0,male,
ISIC_7395651,IL_6893895,Malignant,SCCKA,clinical: close-up,50.0,male,head/neck
ISIC_7396327,IL_8147513,Benign,NV,clinical: close-up,40.0,female,head/neck
ISIC_7397137,IL_9383072,Malignant,BCC,dermoscopic,70.0,female,head/neck
ISIC_7397866,IL_6806894,Benign,BEN_OTH,clinical: close-up,65.0,male,lower extremity
ISIC_7398112,IL_3259984,Malignant,BCC,clinical: close-up,75.0,male,head/neck
ISIC_7399251,IL_8803533,Malignant,SCCKA,clinical: close-up,70.0,female,upper extremity
ISIC_7401818,IL_8653374,Malignant,BCC,dermoscopic,75.0,male,
ISIC_7405877,IL_0110620,Indeterminate,AKIEC,clinical: close-up,55.0,male,head/neck
ISIC_7406916,IL_7728515,Malignant,MEL,clinical: close-up,55.0,male,
ISIC_7413595,IL_9313120,Malignant,BCC,dermoscopic,75.0,female,
ISIC_7415373,IL_0478120,Malignant,SCCKA,dermoscopic,85.0,female,lower extremity
ISIC_7415657,IL_2474779,Malignant,BCC,clinical: close-up,55.0,male,
ISIC_7420218,IL_8445981,Malignant,BCC,clinical: close-up,65.0,female,lower extremity
ISIC_7423057,IL_7977795,Benign,NV,clinical: close-up,45.0,male,lower extremity
ISIC_7424118,IL_6362579,Malignant,SCCKA,dermoscopic,70.0,male,lower extremity
ISIC_7424370,IL_1629455,Malignant,BCC,dermoscopic,60.0,female,lower extremity
ISIC_7430438,IL_7699811,Benign,NV,clinical: close-up,55.0,male,
ISIC_7430526,IL_9232367,Malignant,BCC,clinical: close-up,70.0,female,lower extremity
ISIC_7431526,IL_3488332,Malignant,BCC,clinical: close-up,70.0,female,lower extremity
ISIC_7434007,IL_5610769,Malignant,SCCKA,clinical: close-up,70.0,male,upper extremity
ISIC_7434343,IL_5704362,Malignant,AKIEC,dermoscopic,70.0,male,upper extremity
ISIC_7434803,IL_8401362,Benign,NV,clinical: close-up,40.0,male,
ISIC_7436110,IL_6305050,Benign,NV,dermoscopic,30.0,female,
ISIC_7442526,IL_2198915,Malignant,SCCKA,dermoscopic,65.0,male,lower extremity
ISIC_7445585,IL_9512629,Malignant,BCC,clinical: close-up,55.0,male,
ISIC_7447177,IL_8588315,Malignant,MEL,clinical: close-up,50.0,male,
ISIC_7447703,IL_9456591,Benign,BKL,clinical: close-up,60.0,male,lower extremity
ISIC_7449425,IL_7628990,Malignant,AKIEC,clinical: close-up,85.0,male,
ISIC_7450231,IL_5766426,Malignant,MEL,dermoscopic,50.0,female,
ISIC_7451740,IL_6873122,Malignant,BCC,dermoscopic,85.0,female,head/neck
ISIC_7451958,IL_4628367,Malignant,BCC,dermoscopic,80.0,female,head/neck
ISIC_7452036,IL_9221055,Malignant,BCC,clinical: close-up,80.0,male,head/neck
ISIC_7453335,IL_2172033,Malignant,BCC,clinical: close-up,60.0,male,head/neck
ISIC_7454308,IL_4850244,Benign,BKL,dermoscopic,55.0,female,lower extremity
ISIC_7458610,IL_7753719,Malignant,BCC,dermoscopic,75.0,male,head/neck
ISIC_7460585,IL_4008032,Malignant,BCC,dermoscopic,60.0,female,
ISIC_7464024,IL_3143674,Malignant,BCC,clinical: close-up,35.0,male,head/neck
ISIC_7464071,IL_1393183,Malignant,BCC,dermoscopic,60.0,female,
ISIC_7464537,IL_2662922,Malignant,BCC,dermoscopic,65.0,female,upper extremity
ISIC_7467578,IL_5124334,Malignant,BCC,clinical: close-up,75.0,male,head/neck
ISIC_7469563,IL_0520171,Benign,BKL,dermoscopic,55.0,female,head/neck
ISIC_7472087,IL_5916541,Malignant,MEL,dermoscopic,45.0,female,
ISIC_7472301,IL_8591988,Malignant,BCC,dermoscopic,50.0,male,
ISIC_7473131,IL_8646739,Malignant,BCC,dermoscopic,65.0,male,upper extremity
ISIC_7475014,IL_2538278,Benign,BKL,clinical: close-up,75.0,female,head/neck
ISIC_7475784,IL_2251689,Benign,NV,clinical: close-up,35.0,female,lower extremity
ISIC_7478833,IL_6684225,Malignant,BCC,dermoscopic,70.0,male,head/neck
ISIC_7479360,IL_7257549,Malignant,BCC,clinical: close-up,60.0,female,
ISIC_7480455,IL_8109861,Malignant,BCC,dermoscopic,55.0,female,lower extremity
ISIC_7481650,IL_2771933,Malignant,BCC,clinical: close-up,75.0,male,
ISIC_7482467,IL_1281940,Malignant,BCC,dermoscopic,65.0,male,upper extremity
ISIC_7483655,IL_8553410,Malignant,BCC,dermoscopic,65.0,male,head/neck
ISIC_7484955,IL_4705970,Malignant,BCC,clinical: close-up,50.0,female,
ISIC_7485100,IL_2553098,Malignant,BCC,clinical: close-up,60.0,male,lower extremity
ISIC_7485318,IL_0321321,Malignant,BCC,clinical: close-up,55.0,male,lower extremity
ISIC_7485509,IL_3559372,Malignant,BCC,clinical: close-up,60.0,female,upper extremity
ISIC_7486855,IL_4225640,Malignant,BCC,dermoscopic,60.0,female,
ISIC_7493882,IL_4686561,Malignant,BCC,clinical: close-up,60.0,male,
ISIC_7493930,IL_4241056,Benign,NV,clinical: close-up,30.0,female,lower extremity
ISIC_7495478,IL_6985784,Malignant,BCC,clinical: close-up,60.0,male,
ISIC_7497017,IL_1356310,Malignant,BCC,clinical: close-up,65.0,male,
ISIC_7499602,IL_7790192,Malignant,BCC,clinical: close-up,85.0,male,head/neck
ISIC_7501563,IL_3216305,Malignant,BCC,dermoscopic,40.0,female,head/neck
ISIC_7501779,IL_5100758,Malignant,MEL,dermoscopic,80.0,male,
ISIC_7501825,IL_6947307,Malignant,MEL,dermoscopic,60.0,male,
ISIC_7503610,IL_7687091,Malignant,AKIEC,clinical: close-up,80.0,male,upper extremity
ISIC_7504526,IL_2915335,Malignant,SCCKA,dermoscopic,70.0,male,upper extremity
ISIC_7504717,IL_3307769,Malignant,SCCKA,clinical: close-up,70.0,male,
ISIC_7505541,IL_9179021,Malignant,BCC,clinical: close-up,55.0,female,lower extremity
ISIC_7505667,IL_6393969,Benign,NV,clinical: close-up,35.0,male,upper extremity
ISIC_7506601,IL_0668310,Benign,BKL,clinical: close-up,65.0,female,lower extremity
ISIC_7506634,IL_9485180,Malignant,BCC,clinical: close-up,65.0,female,head/neck
ISIC_7507320,IL_6157998,Malignant,BCC,clinical: close-up,65.0,male,
ISIC_7507858,IL_0091633,Malignant,BCC,dermoscopic,70.0,male,head/neck
ISIC_7508643,IL_2747674,Malignant,MEL,clinical: close-up,40.0,female,upper extremity
ISIC_7509328,IL_0807184,Indeterminate,AKIEC,dermoscopic,85.0,male,
ISIC_7509818,IL_2852064,Malignant,BCC,clinical: close-up,70.0,female,head/neck
ISIC_7512177,IL_4642532,Malignant,BCC,clinical: close-up,65.0,male,
ISIC_7512401,IL_0952894,Benign,NV,clinical: close-up,25.0,female,head/neck
ISIC_7514787,IL_9611587,Malignant,BCC,dermoscopic,55.0,male,
ISIC_7516346,IL_1082732,Benign,BKL,dermoscopic,60.0,male,lower extremity
ISIC_7516657,IL_5909950,Benign,VASC,dermoscopic,,female,
ISIC_7520189,IL_0630515,Benign,NV,clinical: close-up,25.0,male,
ISIC_7522059,IL_3730515,Malignant,BCC,clinical: close-up,75.0,male,head/neck
ISIC_7522141,IL_3406268,Malignant,BCC,clinical: close-up,85.0,male,head/neck
ISIC_7523078,IL_3065625,Benign,NV,dermoscopic,40.0,female,upper extremity
ISIC_7523542,IL_1413445,Malignant,SCCKA,dermoscopic,80.0,male,upper extremity
ISIC_7527742,IL_4095279,Malignant,BCC,dermoscopic,50.0,male,
ISIC_7531601,IL_2943646,Malignant,BCC,dermoscopic,35.0,female,
ISIC_7533028,IL_3884750,Malignant,BCC,clinical: close-up,50.0,male,
ISIC_7535027,IL_9603617,Malignant,AKIEC,clinical: close-up,55.0,male,upper extremity
ISIC_7537434,IL_5764596,Malignant,BCC,dermoscopic,45.0,female,lower extremity
ISIC_7541009,IL_9213417,Malignant,BCC,clinical: close-up,70.0,male,
ISIC_7541597,IL_3082465,Benign,BKL,clinical: close-up,45.0,male,
ISIC_7542892,IL_5931575,Malignant,BCC,clinical: close-up,75.0,female,upper extremity
ISIC_7544069,IL_3559217,Benign,NV,dermoscopic,60.0,male,
ISIC_7546221,IL_4705970,Malignant,BCC,dermoscopic,50.0,female,
ISIC_7546528,IL_8277688,Benign,BKL,clinical: close-up,50.0,female,head/neck
ISIC_7547900,IL_8631628,Indeterminate,AKIEC,dermoscopic,70.0,male,head/neck
ISIC_7548109,IL_2315755,Malignant,MEL,clinical: close-up,45.0,female,lower extremity
ISIC_7548342,IL_8588315,Malignant,MEL,dermoscopic,50.0,male,
ISIC_7550834,IL_1861760,Benign,DF,clinical: close-up,55.0,female,lower extremity
ISIC_7550843,IL_7075634,Benign,BEN_OTH,clinical: close-up,30.0,female,lower extremity
ISIC_7551222,IL_5345860,Malignant,BCC,clinical: close-up,75.0,male,head/neck
ISIC_7553451,IL_3949779,Malignant,BCC,clinical: close-up,50.0,male,
ISIC_7553601,IL_9831268,Malignant,BCC,dermoscopic,75.0,male,
ISIC_7555202,IL_5084556,Malignant,SCCKA,clinical: close-up,45.0,male,head/neck
ISIC_7555988,IL_2921214,Benign,BKL,dermoscopic,65.0,male,
ISIC_7557765,IL_0455273,Benign,NV,clinical: close-up,35.0,female,
ISIC_7558897,IL_2566700,Malignant,BCC,dermoscopic,55.0,female,
ISIC_7559942,IL_2851891,Benign,NV,dermoscopic,20.0,female,head/neck
ISIC_7560146,IL_4721897,Benign,BKL,clinical: close-up,65.0,female,
ISIC_7560911,IL_2740956,Malignant,BCC,clinical: close-up,65.0,female,lower extremity
ISIC_7560933,IL_8037743,Malignant,MEL,dermoscopic,40.0,female,
ISIC_7562678,IL_4055680,Malignant,BCC,dermoscopic,65.0,male,upper extremity
ISIC_7563649,IL_0753013,Malignant,BCC,dermoscopic,80.0,male,upper extremity
ISIC_7563753,IL_1843945,Malignant,BCC,clinical: close-up,70.0,female,head/neck
ISIC_7563945,IL_2072035,Malignant,BCC,clinical: close-up,55.0,male,
ISIC_7566402,IL_0825949,Malignant,BCC,clinical: close-up,70.0,female,
ISIC_7567589,IL_1060778,Malignant,BCC,dermoscopic,65.0,female,lower extremity
ISIC_7569602,IL_7428104,Benign,BKL,clinical: close-up,50.0,male,
ISIC_7571181,IL_5568661,Malignant,BCC,clinical: close-up,55.0,male,upper extremity
ISIC_7579556,IL_9763780,Benign,BKL,clinical: close-up,75.0,male,
ISIC_7580736,IL_5210495,Malignant,BCC,dermoscopic,60.0,male,head/neck
ISIC_7582667,IL_6194887,Malignant,BCC,dermoscopic,70.0,male,
ISIC_7583370,IL_8482465,Malignant,BCC,dermoscopic,55.0,male,lower extremity
ISIC_7584393,IL_5422211,Malignant,BCC,dermoscopic,65.0,male,head/neck
ISIC_7588660,IL_7062666,Malignant,BCC,dermoscopic,65.0,female,upper extremity
ISIC_7588984,IL_9542018,Malignant,BCC,clinical: close-up,50.0,female,upper extremity
ISIC_7589454,IL_5708693,Malignant,BCC,dermoscopic,75.0,male,head/neck
ISIC_7590490,IL_5017346,Benign,INF,clinical: close-up,45.0,female,upper extremity
ISIC_7595404,IL_5247535,Benign,BKL,clinical: close-up,75.0,female,head/neck
ISIC_7602538,IL_5044233,Benign,VASC,dermoscopic,20.0,male,
ISIC_7604483,IL_2735586,Benign,BKL,clinical: close-up,50.0,female,
ISIC_7604705,IL_1239256,Malignant,SCCKA,dermoscopic,60.0,female,head/neck
ISIC_7605162,IL_9897440,Benign,NV,clinical: close-up,5.0,female,lower extremity
ISIC_7605177,IL_4182548,Benign,BKL,clinical: close-up,65.0,male,upper extremity
ISIC_7605546,IL_4976689,Malignant,SCCKA,clinical: close-up,65.0,male,upper extremity
ISIC_7606142,IL_0081442,Malignant,SCCKA,dermoscopic,70.0,male,head/neck
ISIC_7607421,IL_3887392,Malignant,BCC,clinical: close-up,70.0,male,head/neck
ISIC_7608693,IL_5386138,Malignant,BCC,clinical: close-up,65.0,female,lower extremity
ISIC_7613649,IL_9608205,Malignant,SCCKA,dermoscopic,60.0,male,
ISIC_7614085,IL_9840825,Malignant,SCCKA,dermoscopic,75.0,female,upper extremity
ISIC_7614845,IL_1606035,Malignant,SCCKA,dermoscopic,65.0,male,
ISIC_7615308,IL_7243389,Benign,NV,dermoscopic,65.0,female,lower extremity
ISIC_7615926,IL_3151519,Malignant,MEL,dermoscopic,55.0,male,
ISIC_7616136,IL_4577281,Benign,BKL,clinical: close-up,30.0,female,
ISIC_7618809,IL_9691364,Malignant,BCC,dermoscopic,70.0,male,
ISIC_7619664,IL_5814206,Malignant,BCC,dermoscopic,70.0,female,head/neck
ISIC_7619832,IL_9923635,Malignant,BCC,clinical: close-up,70.0,male,head/neck
ISIC_7621482,IL_8465058,Malignant,BCC,dermoscopic,60.0,female,head/neck
ISIC_7624779,IL_1858376,Malignant,SCCKA,dermoscopic,50.0,male,lower extremity
ISIC_7627853,IL_1794572,Malignant,BCC,clinical: close-up,40.0,male,head/neck
ISIC_7630309,IL_1273535,Benign,BKL,dermoscopic,50.0,male,head/neck
ISIC_7631504,IL_6093082,Malignant,BCC,dermoscopic,60.0,male,
ISIC_7631509,IL_3249139,Malignant,MEL,clinical: close-up,25.0,male,
ISIC_7632213,IL_7219424,Malignant,BCC,clinical: close-up,75.0,male,
ISIC_7632373,IL_6410644,Benign,NV,dermoscopic,55.0,female,lower extremity
ISIC_7635285,IL_5252859,Indeterminate,AKIEC,clinical: close-up,75.0,male,upper extremity
ISIC_7637914,IL_8179486,Malignant,SCCKA,clinical: close-up,65.0,female,lower extremity
ISIC_7640631,IL_7621728,Malignant,MEL,dermoscopic,60.0,male,upper extremity
ISIC_7641847,IL_0828910,Malignant,BCC,clinical: close-up,65.0,male,head/neck
ISIC_7642963,IL_2328480,Malignant,BCC,clinical: close-up,70.0,female,
ISIC_7643593,IL_8229395,Malignant,MEL,dermoscopic,70.0,female,lower extremity
ISIC_7644369,IL_2328375,Malignant,BCC,dermoscopic,65.0,male,head/neck
ISIC_7645103,IL_0758607,Malignant,BCC,dermoscopic,55.0,female,
ISIC_7645695,IL_7154137,Malignant,SCCKA,clinical: close-up,50.0,male,head/neck
ISIC_7645755,IL_6462004,Malignant,SCCKA,dermoscopic,50.0,male,head/neck
ISIC_7646698,IL_7713888,Malignant,BCC,dermoscopic,55.0,male,upper extremity
ISIC_7647712,IL_0681349,Benign,NV,dermoscopic,15.0,female,lower extremity
ISIC_7648987,IL_6890613,Malignant,BCC,clinical: close-up,60.0,male,upper extremity
ISIC_7652679,IL_6462004,Malignant,SCCKA,clinical: close-up,50.0,male,head/neck
ISIC_7652703,IL_4010567,Malignant,BCC,clinical: close-up,35.0,male,
ISIC_7653495,IL_4571173,Malignant,MEL,clinical: close-up,65.0,male,
ISIC_7655648,IL_9250210,Benign,NV,clinical: close-up,20.0,female,lower extremity
ISIC_7656588,IL_3360591,Malignant,SCCKA,dermoscopic,50.0,female,head/neck
ISIC_7657322,IL_4797529,Malignant,MEL,dermoscopic,60.0,male,lower extremity
ISIC_7661066,IL_0588456,Malignant,MEL,clinical: close-up,55.0,female,upper extremity
ISIC_7662916,IL_9701000,Benign,NV,clinical: close-up,20.0,female,
ISIC_7665103,IL_1470267,Malignant,BCC,dermoscopic,55.0,male,
ISIC_7668414,IL_7206391,Malignant,BCC,dermoscopic,50.0,male,head/neck
ISIC_7669551,IL_8366708,Malignant,MEL,clinical: close-up,85.0,male,
ISIC_7670015,IL_3323231,Malignant,MEL,clinical: close-up,55.0,male,
ISIC_7670245,IL_8783042,Malignant,BCC,clinical: close-up,55.0,male,
ISIC_7671344,IL_5400506,Benign,NV,clinical: close-up,45.0,male,
ISIC_7671720,IL_2679001,Malignant,BCC,dermoscopic,55.0,female,
ISIC_7675736,IL_8714765,Benign,BKL,dermoscopic,75.0,female,upper extremity
ISIC_7677176,IL_1858834,Malignant,BCC,dermoscopic,55.0,male,
ISIC_7677568,IL_2812139,Malignant,BCC,dermoscopic,70.0,female,
ISIC_7687674,IL_9529350,Malignant,SCCKA,dermoscopic,55.0,male,lower extremity
ISIC_7692464,IL_1615908,Benign,NV,dermoscopic,70.0,male,
ISIC_7693768,IL_9773637,Malignant,BCC,dermoscopic,70.0,male,lower extremity
ISIC_7695480,IL_9746902,Malignant,MEL,clinical: close-up,60.0,male,head/neck
ISIC_7697023,IL_0410887,Malignant,BCC,clinical: close-up,75.0,male,upper extremity
ISIC_7702697,IL_6292784,Malignant,MEL,dermoscopic,45.0,female,head/neck
ISIC_7705901,IL_7099045,Malignant,AKIEC,dermoscopic,80.0,male,upper extremity
ISIC_7706527,IL_6784777,Malignant,BCC,dermoscopic,50.0,female,head/neck
ISIC_7706534,IL_8778181,Benign,NV,clinical: close-up,20.0,male,
ISIC_7708206,IL_8732835,Malignant,BCC,clinical: close-up,80.0,female,
ISIC_7709002,IL_5314103,Malignant,SCCKA,dermoscopic,70.0,female,lower extremity
ISIC_7710765,IL_6195057,Malignant,BCC,dermoscopic,65.0,male,
ISIC_7711097,IL_2104146,Malignant,BCC,clinical: close-up,60.0,male,lower extremity
ISIC_7713646,IL_1187197,Benign,BKL,dermoscopic,50.0,female,
ISIC_7713794,IL_9150805,Indeterminate,AKIEC,clinical: close-up,65.0,male,head/neck
ISIC_7716315,IL_7376173,Benign,BKL,dermoscopic,70.0,male,
ISIC_7717657,IL_6431723,Benign,NV,clinical: close-up,30.0,female,upper extremity
ISIC_7718433,IL_6922157,Malignant,BCC,clinical: close-up,55.0,male,lower extremity
ISIC_7719129,IL_2742965,Benign,BKL,dermoscopic,75.0,male,lower extremity
ISIC_7722970,IL_6140490,Benign,BKL,dermoscopic,75.0,female,head/neck
ISIC_7725065,IL_9255472,Malignant,BCC,dermoscopic,40.0,male,
ISIC_7725581,IL_2190354,Malignant,BCC,clinical: close-up,60.0,male,lower extremity
ISIC_7726794,IL_4287867,Malignant,AKIEC,dermoscopic,50.0,female,head/neck
ISIC_7727795,IL_0966706,Malignant,BCC,dermoscopic,65.0,female,lower extremity
ISIC_7728329,IL_1263840,Malignant,BCC,clinical: close-up,85.0,male,upper extremity
ISIC_7729398,IL_1782345,Malignant,MEL,clinical: close-up,50.0,female,head/neck
ISIC_7730161,IL_7350361,Malignant,MEL,clinical: close-up,70.0,female,
ISIC_7733749,IL_8268920,Malignant,BCC,clinical: close-up,65.0,male,head/neck
ISIC_7733845,IL_1684898,Malignant,BCC,clinical: close-up,70.0,male,upper extremity
ISIC_7733999,IL_2273712,Malignant,MEL,dermoscopic,55.0,female,lower extremity
ISIC_7735271,IL_6356620,Malignant,BCC,clinical: close-up,85.0,female,
ISIC_7739032,IL_8663536,Malignant,MEL,clinical: close-up,50.0,male,
ISIC_7739313,IL_8825058,Malignant,SCCKA,clinical: close-up,65.0,male,lower extremity
ISIC_7742510,IL_9871188,Malignant,BCC,clinical: close-up,65.0,male,
ISIC_7742545,IL_7360885,Malignant,SCCKA,dermoscopic,80.0,female,lower extremity
ISIC_7744368,IL_1511744,Malignant,BCC,clinical: close-up,80.0,male,
ISIC_7744790,IL_4907068,Malignant,BCC,dermoscopic,75.0,female,lower extremity
ISIC_7745898,IL_7364791,Malignant,BCC,clinical: close-up,75.0,female,head/neck
ISIC_7747685,IL_7335735,Malignant,BCC,clinical: close-up,55.0,male,
ISIC_7748946,IL_3295228,Benign,NV,clinical: close-up,40.0,male,
ISIC_7752452,IL_3888766,Malignant,BCC,dermoscopic,75.0,male,lower extremity
ISIC_7752807,IL_4326191,Malignant,BCC,dermoscopic,65.0,female,head/neck
ISIC_7754022,IL_1752331,Malignant,BCC,dermoscopic,85.0,male,head/neck
ISIC_7755525,IL_6398771,Malignant,BCC,clinical: close-up,85.0,female,
ISIC_7756269,IL_0970556,Malignant,BCC,clinical: close-up,75.0,male,
ISIC_7757000,IL_0404523,Malignant,MEL,clinical: close-up,70.0,female,head/neck
ISIC_7758887,IL_0387576,Malignant,BCC,clinical: close-up,70.0,male,head/neck
ISIC_7759828,IL_8543215,Malignant,BCC,clinical: close-up,50.0,female,head/neck
ISIC_7760822,IL_7364791,Malignant,BCC,dermoscopic,75.0,female,head/neck
ISIC_7762277,IL_3245331,Indeterminate,AKIEC,clinical: close-up,65.0,female,head/neck
ISIC_7764869,IL_6962525,Malignant,MEL,clinical: close-up,80.0,female,head/neck
ISIC_7765407,IL_4287867,Malignant,AKIEC,clinical: close-up,50.0,female,head/neck
ISIC_7767729,IL_7975365,Benign,BKL,clinical: close-up,70.0,male,upper extremity
ISIC_7771236,IL_8466700,Benign,NV,dermoscopic,80.0,male,
ISIC_7774559,IL_6751385,Malignant,SCCKA,dermoscopic,65.0,male,upper extremity
ISIC_7777861,IL_9224528,Malignant,BCC,dermoscopic,60.0,female,
ISIC_7778485,IL_1609531,Malignant,BCC,clinical: close-up,55.0,male,upper extremity
ISIC_7778901,IL_9783995,Benign,VASC,dermoscopic,20.0,female,
ISIC_7779579,IL_9367343,Malignant,BCC,dermoscopic,65.0,male,head/neck
ISIC_7780391,IL_9026324,Benign,BKL,clinical: close-up,85.0,female,lower extremity
ISIC_7782780,IL_2794961,Malignant,BCC,clinical: close-up,60.0,female,lower extremity
ISIC_7784358,IL_1882623,Malignant,BCC,clinical: close-up,80.0,female,head/neck
ISIC_7785676,IL_3553236,Malignant,MEL,dermoscopic,40.0,female,head/neck
ISIC_7788766,IL_7239273,Malignant,BCC,dermoscopic,55.0,female,
ISIC_7793370,IL_8653374,Malignant,BCC,clinical: close-up,75.0,male,
ISIC_7793572,IL_7219424,Malignant,BCC,dermoscopic,75.0,male,
ISIC_7794974,IL_6342379,Malignant,BCC,dermoscopic,70.0,male,head/neck
ISIC_7797463,IL_2566700,Malignant,BCC,clinical: close-up,55.0,female,
ISIC_7798660,IL_7023343,Benign,BKL,dermoscopic,45.0,male,head/neck
ISIC_7799008,IL_7629358,Benign,NV,dermoscopic,35.0,female,
ISIC_7799334,IL_2733872,Malignant,BCC,dermoscopic,70.0,male,head/neck
ISIC_7801659,IL_3542015,Malignant,SCCKA,clinical: close-up,80.0,male,head/neck
ISIC_7803811,IL_9943627,Malignant,BCC,clinical: close-up,70.0,female,head/neck
ISIC_7803895,IL_0835355,Malignant,BCC,clinical: close-up,65.0,male,head/neck
ISIC_7804815,IL_3256866,Malignant,SCCKA,dermoscopic,85.0,male,head/neck
ISIC_7805529,IL_3368963,Malignant,BCC,clinical: close-up,25.0,male,upper extremity
ISIC_7805699,IL_1575881,Benign,NV,dermoscopic,70.0,male,
ISIC_7806262,IL_9300408,Malignant,AKIEC,dermoscopic,75.0,male,lower extremity
ISIC_7806816,IL_3165237,Malignant,BCC,dermoscopic,60.0,male,upper extremity
ISIC_7806895,IL_6934051,Malignant,BCC,dermoscopic,65.0,male,
ISIC_7808009,IL_4129190,Benign,BEN_OTH,clinical: close-up,10.0,male,head/neck
ISIC_7808642,IL_5207680,Malignant,MEL,dermoscopic,30.0,male,
ISIC_7812213,IL_9167718,Malignant,BCC,clinical: close-up,65.0,male,lower extremity
ISIC_7813552,IL_0797165,Benign,NV,clinical: close-up,5.0,female,lower extremity
ISIC_7813760,IL_2283112,Malignant,BCC,dermoscopic,35.0,male,head/neck
ISIC_7818562,IL_5588135,Benign,BKL,dermoscopic,60.0,female,upper extremity
ISIC_7819126,IL_8190930,Malignant,BCC,dermoscopic,55.0,male,
ISIC_7820228,IL_6228849,Malignant,BCC,clinical: close-up,65.0,male,lower extremity
ISIC_7822239,IL_8646739,Malignant,BCC,clinical: close-up,65.0,male,upper extremity
ISIC_7827973,IL_9245016,Malignant,BCC,dermoscopic,40.0,female,upper extremity
ISIC_7828218,IL_2497125,Malignant,MEL,dermoscopic,75.0,male,
ISIC_7828331,IL_0322820,Malignant,BCC,dermoscopic,70.0,male,
ISIC_7830070,IL_4396265,Malignant,BCC,clinical: close-up,40.0,male,head/neck
ISIC_7832392,IL_1181749,Malignant,SCCKA,dermoscopic,75.0,female,lower extremity
ISIC_7836446,IL_9328701,Malignant,BCC,clinical: close-up,45.0,female,
ISIC_7837278,IL_9814557,Benign,BKL,dermoscopic,65.0,female,head/neck
ISIC_7838099,IL_7099045,Malignant,AKIEC,clinical: close-up,80.0,male,upper extremity
ISIC_7839162,IL_2265683,Malignant,MEL,dermoscopic,60.0,female,head/neck
ISIC_7841088,IL_3560124,Benign,NV,dermoscopic,40.0,male,
ISIC_7843146,IL_9880197,Benign,NV,dermoscopic,40.0,female,lower extremity
ISIC_7843276,IL_2717072,Indeterminate,AKIEC,clinical: close-up,75.0,male,head/neck
ISIC_7844119,IL_8683855,Malignant,BCC,clinical: close-up,85.0,male,upper extremity
ISIC_7844519,IL_7748792,Benign,NV,clinical: close-up,25.0,male,
ISIC_7849821,IL_7564566,Malignant,BCC,clinical: close-up,55.0,female,upper extremity
ISIC_7851081,IL_0819034,Malignant,MEL,dermoscopic,55.0,female,lower extremity
ISIC_7852805,IL_9005268,Malignant,BCC,clinical: close-up,85.0,male,lower extremity
ISIC_7853714,IL_1024518,Benign,NV,clinical: close-up,5.0,female,lower extremity
ISIC_7855982,IL_4877851,Benign,NV,dermoscopic,30.0,female,
ISIC_7857854,IL_5979940,Malignant,BCC,clinical: close-up,55.0,male,
ISIC_7858765,IL_7213774,Malignant,BCC,dermoscopic,55.0,female,upper extremity
ISIC_7860232,IL_5311399,Malignant,BCC,dermoscopic,75.0,female,
ISIC_7865678,IL_7308703,Benign,NV,clinical: close-up,40.0,male,
ISIC_7869346,IL_8268920,Malignant,BCC,dermoscopic,65.0,male,head/neck
ISIC_7870559,IL_9958247,Malignant,MEL,dermoscopic,75.0,male,
ISIC_7871224,IL_9364150,Malignant,BCC,dermoscopic,70.0,male,head/neck
ISIC_7872235,IL_5210495,Malignant,BCC,clinical: close-up,60.0,male,head/neck
ISIC_7872929,IL_3581792,Malignant,BCC,clinical: close-up,50.0,male,head/neck
ISIC_7876083,IL_0469581,Malignant,BCC,dermoscopic,60.0,male,head/neck
ISIC_7876616,IL_0848948,Benign,NV,dermoscopic,40.0,female,
ISIC_7878572,IL_8834020,Malignant,BCC,clinical: close-up,65.0,male,head/neck
ISIC_7882124,IL_9411177,Benign,NV,clinical: close-up,30.0,male,upper extremity
ISIC_7882189,IL_3812776,Malignant,BCC,clinical: close-up,35.0,male,head/neck
ISIC_7882504,IL_7131133,Malignant,BCC,dermoscopic,50.0,male,
ISIC_7885691,IL_8903764,Indeterminate,AKIEC,dermoscopic,70.0,male,head/neck
ISIC_7885893,IL_7437846,Malignant,BCC,clinical: close-up,75.0,male,
ISIC_7886084,IL_6832488,Benign,BEN_OTH,dermoscopic,70.0,male,head/neck
ISIC_7886221,IL_0275953,Benign,BKL,dermoscopic,70.0,male,
ISIC_7888447,IL_9077071,Malignant,BCC,dermoscopic,75.0,male,lower extremity
ISIC_7889192,IL_7833782,Malignant,BCC,clinical: close-up,85.0,male,head/neck
ISIC_7889425,IL_6982257,Benign,BKL,dermoscopic,50.0,male,head/neck
ISIC_7890093,IL_5222228,Benign,NV,dermoscopic,15.0,male,head/neck
ISIC_7893518,IL_5328451,Malignant,MEL,dermoscopic,75.0,male,
ISIC_7896796,IL_3172829,Benign,BKL,dermoscopic,70.0,male,
ISIC_7896976,IL_6687584,Malignant,SCCKA,dermoscopic,70.0,male,upper extremity
ISIC_7898573,IL_2432555,Malignant,BCC,clinical: close-up,70.0,male,lower extremity
ISIC_7900173,IL_9746297,Malignant,SCCKA,clinical: close-up,85.0,male,head/neck
ISIC_7901262,IL_2783925,Malignant,BCC,clinical: close-up,70.0,female,
ISIC_7901805,IL_8168935,Malignant,BCC,dermoscopic,55.0,male,
ISIC_7902320,IL_8861890,Malignant,BCC,dermoscopic,65.0,male,
ISIC_7902747,IL_8240105,Malignant,BCC,dermoscopic,70.0,male,
ISIC_7903629,IL_4414244,Malignant,BCC,clinical: close-up,75.0,male,
ISIC_7904505,IL_2840030,Malignant,BCC,dermoscopic,70.0,male,
ISIC_7910863,IL_0636154,Benign,BKL,dermoscopic,55.0,male,
ISIC_7911067,IL_4446473,Indeterminate,AKIEC,clinical: close-up,75.0,female,head/neck
ISIC_7912691,IL_2344576,Benign,BKL,dermoscopic,55.0,female,lower extremity
ISIC_7913133,IL_9063052,Malignant,BCC,clinical: close-up,60.0,male,head/neck
ISIC_7913268,IL_9150805,Indeterminate,AKIEC,dermoscopic,65.0,male,head/neck
ISIC_7915016,IL_8454481,Malignant,BCC,dermoscopic,70.0,female,lower extremity
ISIC_7916204,IL_9755215,Malignant,BCC,clinical: close-up,65.0,male,
ISIC_7916653,IL_5379548,Malignant,BCC,dermoscopic,70.0,female,
ISIC_7916990,IL_8568128,Malignant,BCC,clinical: close-up,60.0,male,head/neck
ISIC_7917060,IL_8142013,Benign,NV,dermoscopic,70.0,male,upper extremity
ISIC_7920017,IL_8208194,Malignant,SCCKA,clinical: close-up,80.0,female,lower extremity
ISIC_7921865,IL_7344766,Malignant,SCCKA,dermoscopic,80.0,male,head/neck
ISIC_7922830,IL_1062117,Malignant,MEL,dermoscopic,80.0,male,
ISIC_7925520,IL_9101590,Malignant,BCC,dermoscopic,80.0,female,
ISIC_7926021,IL_0848948,Benign,NV,clinical: close-up,40.0,female,
ISIC_7929517,IL_2493163,Benign,NV,dermoscopic,25.0,male,
ISIC_7929528,IL_8679586,Indeterminate,AKIEC,dermoscopic,60.0,female,head/neck
ISIC_7931991,IL_9984501,Malignant,BCC,clinical: close-up,65.0,male,upper extremity
ISIC_7932712,IL_8482465,Malignant,BCC,clinical: close-up,55.0,male,lower extremity
ISIC_7933087,IL_5390577,Malignant,BCC,clinical: close-up,65.0,male,head/neck
ISIC_7938895,IL_9322216,Malignant,SCCKA,clinical: close-up,75.0,female,lower extremity
ISIC_7938939,IL_2734125,Malignant,BCC,dermoscopic,75.0,male,
ISIC_7941055,IL_0401155,Benign,NV,dermoscopic,50.0,female,lower extremity
ISIC_7943627,IL_8219054,Malignant,SCCKA,dermoscopic,80.0,male,lower extremity
ISIC_7943939,IL_1623050,Benign,BKL,dermoscopic,55.0,female,upper extremity
ISIC_7946501,IL_4088084,Malignant,SCCKA,dermoscopic,85.0,male,head/neck
ISIC_7949818,IL_1618148,Malignant,BCC,dermoscopic,70.0,female,
ISIC_7957957,IL_5526388,Malignant,AKIEC,dermoscopic,65.0,female,
ISIC_7960741,IL_0401155,Benign,NV,clinical: close-up,50.0,female,lower extremity
ISIC_7962171,IL_8585271,Benign,NV,dermoscopic,35.0,female,upper extremity
ISIC_7964186,IL_3945386,Malignant,BCC,clinical: close-up,60.0,female,lower extremity
ISIC_7965278,IL_4507601,Malignant,BCC,clinical: close-up,65.0,male,lower extremity
ISIC_7970664,IL_9168364,Malignant,SCCKA,clinical: close-up,75.0,male,
ISIC_7973098,IL_7240345,Benign,NV,dermoscopic,5.0,female,lower extremity
ISIC_7974196,IL_4862804,Malignant,BCC,dermoscopic,55.0,female,lower extremity
ISIC_7974271,IL_8604928,Malignant,MEL,dermoscopic,60.0,female,lower extremity
ISIC_7974788,IL_4402177,Malignant,BCC,clinical: close-up,75.0,male,upper extremity
ISIC_7974869,IL_8570577,Benign,NV,dermoscopic,35.0,male,head/neck
ISIC_7977103,IL_9208680,Malignant,BCC,dermoscopic,70.0,male,upper extremity
ISIC_7977369,IL_3060691,Malignant,BCC,clinical: close-up,40.0,male,head/neck
ISIC_7980095,IL_4779406,Malignant,BCC,clinical: close-up,40.0,male,head/neck
ISIC_7981568,IL_2658437,Malignant,BCC,clinical: close-up,50.0,female,upper extremity
ISIC_7983538,IL_3656714,Malignant,BCC,dermoscopic,85.0,male,
ISIC_7984223,IL_3364981,Malignant,MEL,dermoscopic,60.0,female,
ISIC_7985297,IL_2574343,Malignant,SCCKA,clinical: close-up,70.0,male,lower extremity
ISIC_7989453,IL_2730356,Malignant,BCC,dermoscopic,60.0,male,
ISIC_7991063,IL_3493081,Benign,NV,clinical: close-up,50.0,female,
ISIC_7991319,IL_6767086,Malignant,BCC,dermoscopic,75.0,male,upper extremity
ISIC_7992008,IL_5696181,Benign,NV,clinical: close-up,55.0,female,head/neck
ISIC_7993187,IL_0949755,Malignant,BCC,clinical: close-up,65.0,female,
ISIC_7996471,IL_1442151,Benign,NV,clinical: close-up,35.0,female,
ISIC_7997862,IL_3819461,Malignant,BCC,dermoscopic,55.0,male,
ISIC_8000982,IL_0694902,Benign,VASC,dermoscopic,10.0,female,
ISIC_8005759,IL_4966664,Benign,BKL,dermoscopic,55.0,female,head/neck
ISIC_8008482,IL_2745193,Benign,NV,dermoscopic,45.0,male,
ISIC_8010616,IL_9375676,Malignant,MEL,clinical: close-up,70.0,male,head/neck
ISIC_8012183,IL_8028208,Malignant,BCC,clinical: close-up,55.0,male,lower extremity
ISIC_8012264,IL_1057711,Benign,NV,dermoscopic,35.0,male,
ISIC_8015399,IL_0076321,Benign,NV,dermoscopic,35.0,male,
ISIC_8015470,IL_9003508,Malignant,MEL,clinical: close-up,75.0,male,
ISIC_8016561,IL_4128851,Benign,BKL,clinical: close-up,50.0,male,
ISIC_8019366,IL_2404701,Benign,NV,dermoscopic,60.0,male,
ISIC_8019995,IL_0121394,Malignant,BCC,clinical: close-up,65.0,female,lower extremity
ISIC_8020571,IL_2442202,Malignant,SCCKA,dermoscopic,75.0,male,head/neck
ISIC_8021491,IL_4639919,Malignant,SCCKA,dermoscopic,55.0,male,upper extremity
ISIC_8021500,IL_7894375,Malignant,BCC,dermoscopic,60.0,male,head/neck
ISIC_8022914,IL_6555655,Malignant,BCC,clinical: close-up,55.0,male,head/neck
ISIC_8023105,IL_5167045,Malignant,BCC,dermoscopic,65.0,female,head/neck
ISIC_8024416,IL_3233038,Malignant,MEL,clinical: close-up,75.0,male,head/neck
ISIC_8024502,IL_4133123,Benign,DF,clinical: close-up,65.0,female,
ISIC_8025582,IL_7639088,Malignant,AKIEC,dermoscopic,50.0,male,head/neck
ISIC_8027200,IL_6246713,Malignant,BCC,dermoscopic,75.0,male,
ISIC_8028890,IL_9266140,Benign,BKL,dermoscopic,80.0,female,lower extremity
ISIC_8031107,IL_1293524,Malignant,BCC,dermoscopic,70.0,male,
ISIC_8032507,IL_7699811,Benign,NV,dermoscopic,55.0,male,
ISIC_8035327,IL_8662195,Malignant,BCC,dermoscopic,70.0,male,upper extremity
ISIC_8038275,IL_6618073,Benign,NV,clinical: close-up,60.0,female,upper extremity
ISIC_8039873,IL_8631628,Indeterminate,AKIEC,clinical: close-up,70.0,male,head/neck
ISIC_8040056,IL_7748792,Benign,NV,dermoscopic,25.0,male,
ISIC_8042747,IL_5469172,Malignant,BCC,dermoscopic,70.0,female,head/neck
ISIC_8046525,IL_7871086,Malignant,BCC,clinical: close-up,55.0,female,head/neck
ISIC_8050539,IL_3570524,Malignant,SCCKA,clinical: close-up,80.0,male,head/neck
ISIC_8052182,IL_2015219,Benign,BKL,clinical: close-up,75.0,female,head/neck
ISIC_8052679,IL_1840884,Malignant,BCC,clinical: close-up,50.0,female,
ISIC_8052859,IL_5283684,Malignant,BCC,dermoscopic,50.0,female,upper extremity
ISIC_8053804,IL_9614802,Malignant,SCCKA,dermoscopic,50.0,male,upper extremity
ISIC_8054114,IL_1734179,Malignant,MEL,clinical: close-up,65.0,female,upper extremity
ISIC_8056158,IL_1962885,Malignant,MEL,dermoscopic,75.0,male,head/neck
ISIC_8058034,IL_6967466,Indeterminate,AKIEC,dermoscopic,70.0,male,head/neck
ISIC_8059473,IL_8725130,Benign,BKL,dermoscopic,70.0,female,
ISIC_8060479,IL_1843719,Malignant,BCC,dermoscopic,75.0,male,lower extremity
ISIC_8064335,IL_5676990,Malignant,BCC,clinical: close-up,55.0,female,upper extremity
ISIC_8064864,IL_1577299,Malignant,AKIEC,clinical: close-up,80.0,female,head/neck
ISIC_8068926,IL_3914396,Malignant,BCC,dermoscopic,70.0,female,lower extremity
ISIC_8072870,IL_6877500,Benign,NV,dermoscopic,65.0,male,lower extremity
ISIC_8079388,IL_1611761,Malignant,SCCKA,clinical: close-up,85.0,male,head/neck
ISIC_8079864,IL_0816967,Malignant,BCC,dermoscopic,55.0,male,
ISIC_8082083,IL_7918230,Malignant,BCC,dermoscopic,85.0,male,
ISIC_8096488,IL_3855783,Malignant,BCC,dermoscopic,75.0,female,lower extremity
ISIC_8096941,IL_6281110,Malignant,BCC,clinical: close-up,60.0,female,head/neck
ISIC_8097656,IL_1118259,Malignant,BCC,clinical: close-up,65.0,male,upper extremity
ISIC_8097741,IL_2474779,Malignant,BCC,dermoscopic,55.0,male,
ISIC_8102692,IL_3358821,Benign,BKL,dermoscopic,40.0,male,head/neck
ISIC_8103067,IL_5236713,Malignant,BCC,dermoscopic,70.0,female,upper extremity
ISIC_8107716,IL_6374062,Malignant,MEL,clinical: close-up,45.0,male,upper extremity
ISIC_8108965,IL_4845726,Benign,NV,clinical: close-up,50.0,female,lower extremity
ISIC_8109519,IL_2328752,Malignant,BCC,dermoscopic,75.0,male,head/neck
ISIC_8114137,IL_3464725,Malignant,BCC,dermoscopic,60.0,male,
ISIC_8117883,IL_4347033,Benign,NV,clinical: close-up,35.0,male,head/neck
ISIC_8119167,IL_7511780,Benign,BKL,dermoscopic,40.0,male,head/neck
ISIC_8120902,IL_3879916,Malignant,AKIEC,dermoscopic,70.0,male,lower extremity
ISIC_8121619,IL_1105307,Benign,NV,dermoscopic,45.0,male,upper extremity
ISIC_8126703,IL_9439639,Malignant,MEL,dermoscopic,60.0,female,head/neck
ISIC_8127734,IL_6586182,Malignant,BCC,dermoscopic,80.0,male,
ISIC_8129640,IL_5084556,Malignant,SCCKA,dermoscopic,45.0,male,head/neck
ISIC_8132785,IL_3482678,Malignant,SCCKA,clinical: close-up,70.0,male,lower extremity
ISIC_8133362,IL_3982236,Benign,BKL,clinical: close-up,85.0,male,
ISIC_8133623,IL_1667522,Malignant,BCC,dermoscopic,80.0,male,
ISIC_8134181,IL_8863654,Benign,BKL,dermoscopic,55.0,female,
ISIC_8137029,IL_8946416,Benign,BEN_OTH,dermoscopic,85.0,male,lower extremity
ISIC_8137954,IL_3316446,Benign,BKL,dermoscopic,55.0,female,
ISIC_8138627,IL_4308535,Malignant,AKIEC,dermoscopic,45.0,female,upper extremity
ISIC_8138760,IL_5283956,Malignant,BCC,clinical: close-up,65.0,male,
ISIC_8139051,IL_7806060,Malignant,BCC,clinical: close-up,75.0,female,
ISIC_8144790,IL_8423018,Malignant,BCC,clinical: close-up,75.0,female,head/neck
ISIC_8145823,IL_1720611,Malignant,AKIEC,dermoscopic,45.0,male,head/neck
ISIC_8147299,IL_1930653,Malignant,BCC,clinical: close-up,50.0,male,upper extremity
ISIC_8150619,IL_0607639,Indeterminate,AKIEC,clinical: close-up,70.0,male,head/neck
ISIC_8151706,IL_9275908,Malignant,BCC,dermoscopic,45.0,male,upper extremity
ISIC_8152761,IL_9882271,Malignant,BCC,dermoscopic,45.0,male,
ISIC_8158738,IL_9941677,Malignant,BCC,dermoscopic,65.0,male,
ISIC_8159052,IL_7741201,Malignant,BCC,dermoscopic,50.0,female,
ISIC_8160587,IL_2088373,Benign,NV,clinical: close-up,,female,lower extremity
ISIC_8165089,IL_9659421,Malignant,BCC,clinical: close-up,85.0,female,upper extremity
ISIC_8168496,IL_8834020,Malignant,BCC,dermoscopic,65.0,male,head/neck
ISIC_8171211,IL_4180707,Malignant,BCC,clinical: close-up,80.0,male,lower extremity
ISIC_8172746,IL_7009317,Malignant,BCC,clinical: close-up,80.0,male,lower extremity
ISIC_8175420,IL_5580548,Malignant,SCCKA,clinical: close-up,75.0,male,lower extremity
ISIC_8176738,IL_0108315,Malignant,BCC,clinical: close-up,70.0,male,
ISIC_8178616,IL_0783886,Malignant,MEL,clinical: close-up,75.0,female,head/neck
ISIC_8178956,IL_9983052,Malignant,AKIEC,clinical: close-up,60.0,female,upper extremity
ISIC_8180126,IL_1877456,Malignant,SCCKA,clinical: close-up,75.0,female,head/neck
ISIC_8180214,IL_9026324,Benign,BKL,dermoscopic,85.0,female,lower extremity
ISIC_8180766,IL_0572339,Malignant,BCC,dermoscopic,45.0,male,
ISIC_8186630,IL_8622725,Benign,NV,dermoscopic,50.0,female,lower extremity
ISIC_8188045,IL_6033617,Malignant,AKIEC,clinical: close-up,65.0,female,lower extremity
ISIC_8190843,IL_3252153,Benign,VASC,dermoscopic,70.0,male,upper extremity
ISIC_8191013,IL_0308354,Malignant,BCC,dermoscopic,80.0,male,
ISIC_8193005,IL_6124707,Malignant,BCC,dermoscopic,70.0,female,head/neck
ISIC_8193858,IL_0965686,Benign,NV,clinical: close-up,40.0,male,
ISIC_8195300,IL_4225640,Malignant,BCC,clinical: close-up,60.0,female,
ISIC_8195917,IL_2135126,Benign,BKL,dermoscopic,65.0,female,upper extremity
ISIC_8197778,IL_3124756,Benign,VASC,clinical: close-up,70.0,male,
ISIC_8198425,IL_2055704,Benign,NV,clinical: close-up,40.0,female,head/neck
ISIC_8202730,IL_5930437,Benign,NV,clinical: close-up,30.0,female,lower extremity
ISIC_8204527,IL_5087037,Indeterminate,AKIEC,dermoscopic,70.0,male,head/neck
ISIC_8206552,IL_2466872,Malignant,BCC,dermoscopic,65.0,female,
ISIC_8207675,IL_1436809,Malignant,BCC,clinical: close-up,65.0,male,
ISIC_8212322,IL_9752629,Malignant,BCC,clinical: close-up,55.0,male,upper extremity
ISIC_8216271,IL_4628367,Malignant,BCC,clinical: close-up,80.0,female,head/neck
ISIC_8216653,IL_0965686,Benign,NV,dermoscopic,40.0,male,
ISIC_8218617,IL_8554205,Malignant,BCC,dermoscopic,70.0,male,head/neck
ISIC_8220140,IL_2590916,Malignant,BCC,clinical: close-up,75.0,female,
ISIC_8223664,IL_3239259,Indeterminate,AKIEC,dermoscopic,70.0,female,head/neck
ISIC_8223761,IL_7998645,Malignant,SCCKA,dermoscopic,70.0,male,upper extremity
ISIC_8224925,IL_7023776,Malignant,MEL,clinical: close-up,70.0,male,head/neck
ISIC_8226322,IL_8370192,Malignant,BCC,dermoscopic,75.0,male,head/neck
ISIC_8229738,IL_9013007,Malignant,BCC,clinical: close-up,50.0,female,lower extremity
ISIC_8231124,IL_5834999,Indeterminate,AKIEC,clinical: close-up,85.0,female,lower extremity
ISIC_8231148,IL_2367179,Malignant,BCC,clinical: close-up,65.0,female,head/neck
ISIC_8232296,IL_4457515,Malignant,BCC,clinical: close-up,70.0,male,
ISIC_8234371,IL_0784671,Malignant,BCC,dermoscopic,50.0,male,
ISIC_8234989,IL_9823804,Malignant,BCC,clinical: close-up,70.0,male,
ISIC_8237625,IL_0784156,Malignant,BCC,clinical: close-up,65.0,female,lower extremity
ISIC_8239142,IL_8821899,Malignant,BCC,clinical: close-up,85.0,male,
ISIC_8239177,IL_6312892,Malignant,BCC,dermoscopic,50.0,female,head/neck
ISIC_8240527,IL_7064564,Malignant,BCC,dermoscopic,70.0,male,head/neck
ISIC_8243847,IL_6145906,Malignant,BCC,clinical: close-up,60.0,female,upper extremity
ISIC_8244439,IL_8312438,Malignant,MEL,dermoscopic,25.0,male,lower extremity
ISIC_8245171,IL_2760690,Malignant,BCC,clinical: close-up,60.0,male,head/neck
ISIC_8247705,IL_3871649,Benign,NV,clinical: close-up,35.0,female,
ISIC_8253140,IL_8931844,Benign,NV,clinical: close-up,40.0,female,
ISIC_8255479,IL_3257772,Malignant,BCC,clinical: close-up,85.0,female,head/neck
ISIC_8256652,IL_6879944,Malignant,BCC,clinical: close-up,55.0,male,lower extremity
ISIC_8257388,IL_6849118,Malignant,SCCKA,dermoscopic,65.0,male,upper extremity
ISIC_8260085,IL_6983089,Malignant,BCC,dermoscopic,45.0,female,upper extremity
ISIC_8260534,IL_2027967,Malignant,BCC,dermoscopic,65.0,male,
ISIC_8260850,IL_1254806,Benign,BKL,dermoscopic,65.0,female,head/neck
ISIC_8261347,IL_2055749,Malignant,MEL,dermoscopic,75.0,female,
ISIC_8271995,IL_5703544,Benign,NV,clinical: close-up,60.0,female,
ISIC_8274052,IL_6868637,Malignant,BCC,dermoscopic,55.0,male,lower extremity
ISIC_8274376,IL_5655863,Malignant,BCC,dermoscopic,75.0,female,
ISIC_8274863,IL_0541036,Malignant,AKIEC,dermoscopic,60.0,male,
ISIC_8278794,IL_5835931,Malignant,BCC,clinical: close-up,55.0,male,
ISIC_8285122,IL_7417538,Malignant,MEL,dermoscopic,70.0,male,
ISIC_8285513,IL_6362018,Malignant,BCC,clinical: close-up,55.0,male,upper extremity
ISIC_8285845,IL_4019349,Malignant,BCC,dermoscopic,65.0,male,
ISIC_8285958,IL_5052158,Malignant,BCC,dermoscopic,60.0,male,
ISIC_8287342,IL_9067051,Malignant,BCC,clinical: close-up,70.0,female,upper extremity
ISIC_8288141,IL_1439879,Malignant,BCC,dermoscopic,50.0,male,
ISIC_8292493,IL_6764559,Malignant,SCCKA,dermoscopic,55.0,male,head/neck
ISIC_8292731,IL_7885027,Malignant,BCC,clinical: close-up,65.0,male,head/neck
ISIC_8293828,IL_0208925,Malignant,SCCKA,dermoscopic,60.0,male,head/neck
ISIC_8295638,IL_7594910,Malignant,BCC,clinical: close-up,65.0,male,upper extremity
ISIC_8302743,IL_9685244,Benign,BKL,dermoscopic,55.0,male,
ISIC_8304179,IL_9843383,Benign,NV,clinical: close-up,40.0,female,
ISIC_8305576,IL_5390577,Malignant,BCC,dermoscopic,65.0,male,head/neck
ISIC_8310935,IL_8421292,Malignant,BCC,dermoscopic,45.0,male,
ISIC_8313343,IL_1567666,Benign,NV,dermoscopic,65.0,male,
ISIC_8319384,IL_6347465,Benign,BKL,dermoscopic,70.0,male,
ISIC_8323623,IL_2788163,Benign,NV,clinical: close-up,5.0,female,
ISIC_8324594,IL_1888715,Benign,BKL,dermoscopic,50.0,male,upper extremity
ISIC_8325885,IL_1452313,Malignant,BCC,clinical: close-up,50.0,female,
ISIC_8325963,IL_0009339,Malignant,BCC,dermoscopic,70.0,male,
ISIC_8327585,IL_3289221,Malignant,AKIEC,dermoscopic,50.0,female,upper extremity
ISIC_8328022,IL_3360591,Malignant,SCCKA,clinical: close-up,50.0,female,head/neck
ISIC_8329990,IL_2367179,Malignant,BCC,dermoscopic,65.0,female,head/neck
ISIC_8330638,IL_8611712,Malignant,SCCKA,clinical: close-up,80.0,male,
ISIC_8332020,IL_4765483,Malignant,BCC,dermoscopic,85.0,male,
ISIC_8334297,IL_8444586,Malignant,BCC,dermoscopic,60.0,male,
ISIC_8338464,IL_5975500,Malignant,SCCKA,dermoscopic,85.0,female,head/neck
ISIC_8339130,IL_2527689,Malignant,BCC,clinical: close-up,60.0,female,lower extremity
ISIC_8339862,IL_1752573,Malignant,BCC,clinical: close-up,70.0,male,
ISIC_8339951,IL_8904932,Benign,NV,dermoscopic,50.0,female,
ISIC_8340872,IL_2982870,Malignant,BCC,dermoscopic,70.0,male,lower extremity
ISIC_8341598,IL_5252859,Indeterminate,AKIEC,dermoscopic,75.0,male,upper extremity
ISIC_8342006,IL_6825163,Benign,BKL,clinical: close-up,65.0,female,head/neck
ISIC_8344038,IL_0901496,Malignant,BCC,clinical: close-up,35.0,male,head/neck
ISIC_8344886,IL_9166527,Malignant,BCC,dermoscopic,70.0,male,head/neck
ISIC_8345526,IL_4116292,Benign,NV,dermoscopic,35.0,male,
ISIC_8349907,IL_7059623,Benign,NV,clinical: close-up,45.0,male,
ISIC_8350291,IL_8158343,Malignant,BCC,clinical: close-up,75.0,female,upper extremity
ISIC_8350480,IL_4034865,Malignant,BCC,clinical: close-up,45.0,male,
ISIC_8350498,IL_9195436,Malignant,BCC,clinical: close-up,60.0,male,head/neck
ISIC_8350851,IL_4064618,Malignant,MEL,dermoscopic,75.0,male,lower extremity
ISIC_8353499,IL_4924328,Malignant,BCC,dermoscopic,55.0,male,upper extremity
ISIC_8354428,IL_5901848,Malignant,BCC,clinical: close-up,70.0,male,head/neck
ISIC_8355069,IL_9713334,Benign,DF,dermoscopic,45.0,female,upper extremity
ISIC_8355956,IL_4732001,Malignant,BCC,clinical: close-up,70.0,male,
ISIC_8356711,IL_0753658,Malignant,AKIEC,dermoscopic,85.0,female,lower extremity
ISIC_8356776,IL_9193873,Malignant,BCC,dermoscopic,40.0,female,
ISIC_8357891,IL_6588313,Malignant,BCC,clinical: close-up,45.0,male,
ISIC_8358187,IL_0391966,Benign,NV,clinical: close-up,10.0,female,
ISIC_8358325,IL_1230964,Malignant,BCC,clinical: close-up,45.0,female,
ISIC_8358859,IL_6536248,Malignant,BCC,clinical: close-up,70.0,male,
ISIC_8361691,IL_4410437,Malignant,BCC,dermoscopic,80.0,female,upper extremity
ISIC_8361955,IL_7361410,Benign,NV,dermoscopic,40.0,male,
ISIC_8362273,IL_1818431,Malignant,BCC,dermoscopic,70.0,male,head/neck
ISIC_8362681,IL_5866168,Malignant,MEL,dermoscopic,30.0,male,
ISIC_8363273,IL_7416189,Malignant,BCC,clinical: close-up,65.0,male,head/neck
ISIC_8365405,IL_1223574,Malignant,BCC,dermoscopic,60.0,female,
ISIC_8365952,IL_0138483,Malignant,BCC,clinical: close-up,60.0,male,
ISIC_8366620,IL_7913818,Malignant,SCCKA,clinical: close-up,55.0,female,lower extremity
ISIC_8367579,IL_0387507,Malignant,SCCKA,clinical: close-up,70.0,male,upper extremity
ISIC_8368960,IL_8508107,Malignant,BCC,dermoscopic,85.0,male,head/neck
ISIC_8370666,IL_0063537,Malignant,BCC,dermoscopic,55.0,male,
ISIC_8372143,IL_2522638,Benign,NV,clinical: close-up,40.0,male,lower extremity
ISIC_8372539,IL_8449378,Benign,NV,clinical: close-up,30.0,female,lower extremity
ISIC_8373898,IL_0306410,Benign,BKL,clinical: close-up,70.0,male,
ISIC_8374389,IL_4042622,Malignant,BCC,clinical: close-up,50.0,male,
ISIC_8375920,IL_7025715,Malignant,BCC,clinical: close-up,40.0,female,head/neck
ISIC_8376145,IL_0478451,Malignant,BCC,clinical: close-up,75.0,female,
ISIC_8376392,IL_7741201,Malignant,BCC,clinical: close-up,50.0,female,
ISIC_8379217,IL_3435246,Benign,BKL,clinical: close-up,50.0,male,
ISIC_8379235,IL_0783886,Malignant,MEL,dermoscopic,75.0,female,head/neck
ISIC_8381434,IL_4106945,Benign,NV,clinical: close-up,50.0,male,
ISIC_8381606,IL_5762747,Malignant,BCC,dermoscopic,50.0,male,lower extremity
ISIC_8383673,IL_7560390,Benign,BKL,clinical: close-up,65.0,female,head/neck
ISIC_8385396,IL_3596093,Malignant,BCC,dermoscopic,65.0,male,
ISIC_8385616,IL_5478972,Benign,NV,dermoscopic,55.0,female,upper extremity
ISIC_8385854,IL_8045895,Benign,BKL,clinical: close-up,65.0,male,
ISIC_8387069,IL_3568904,Malignant,BCC,clinical: close-up,70.0,female,
ISIC_8389918,IL_1173774,Malignant,BCC,dermoscopic,65.0,female,head/neck
ISIC_8391328,IL_7368324,Malignant,BCC,dermoscopic,65.0,female,lower extremity
ISIC_8392439,IL_9689348,Malignant,BCC,dermoscopic,60.0,male,head/neck
ISIC_8394448,IL_7756506,Malignant,SCCKA,clinical: close-up,70.0,male,lower extremity
ISIC_8397636,IL_3312437,Benign,NV,clinical: close-up,65.0,male,
ISIC_8400472,IL_1891845,Malignant,BCC,dermoscopic,65.0,female,upper extremity
ISIC_8402218,IL_1813183,Malignant,BCC,clinical: close-up,55.0,female,lower extremity
ISIC_8402952,IL_1812353,Benign,BKL,clinical: close-up,60.0,female,head/neck
ISIC_8403731,IL_6638218,Malignant,BCC,clinical: close-up,80.0,male,head/neck
ISIC_8403829,IL_2255727,Benign,BKL,dermoscopic,70.0,male,head/neck
ISIC_8408499,IL_4456737,Benign,NV,clinical: close-up,10.0,female,head/neck
ISIC_8410138,IL_2868879,Malignant,SCCKA,clinical: close-up,45.0,male,
ISIC_8410820,IL_7527529,Benign,NV,dermoscopic,40.0,male,
ISIC_8414442,IL_6122545,Malignant,BCC,clinical: close-up,60.0,female,lower extremity
ISIC_8414527,IL_3288060,Malignant,BCC,clinical: close-up,40.0,female,
ISIC_8421484,IL_4846711,Malignant,BCC,dermoscopic,60.0,male,head/neck
ISIC_8424804,IL_7746701,Malignant,BCC,clinical: close-up,70.0,male,head/neck
ISIC_8429175,IL_6676284,Malignant,AKIEC,clinical: close-up,80.0,male,upper extremity
ISIC_8431081,IL_0026510,Malignant,SCCKA,clinical: close-up,75.0,female,head/neck
ISIC_8431346,IL_5974480,Malignant,BCC,dermoscopic,65.0,female,head/neck
ISIC_8435693,IL_4706482,Malignant,SCCKA,dermoscopic,70.0,male,lower extremity
ISIC_8436161,IL_8994291,Malignant,BCC,clinical: close-up,80.0,male,head/neck
ISIC_8436376,IL_6654739,Benign,BKL,dermoscopic,60.0,male,
ISIC_8436767,IL_1249286,Malignant,MEL,dermoscopic,70.0,male,
ISIC_8441087,IL_8142013,Benign,NV,clinical: close-up,70.0,male,upper extremity
ISIC_8443887,IL_1120917,Benign,NV,clinical: close-up,35.0,male,
ISIC_8446097,IL_4676732,Benign,BKL,clinical: close-up,65.0,male,head/neck
ISIC_8446431,IL_3486066,Malignant,AKIEC,dermoscopic,85.0,male,head/neck
ISIC_8446505,IL_3137166,Indeterminate,AKIEC,dermoscopic,55.0,male,head/neck
ISIC_8448006,IL_8954957,Malignant,BCC,dermoscopic,50.0,female,lower extremity
ISIC_8448143,IL_4287532,Benign,BKL,clinical: close-up,80.0,female,head/neck
ISIC_8450508,IL_5337254,Malignant,BCC,dermoscopic,65.0,female,
ISIC_8450877,IL_9632950,Malignant,BCC,dermoscopic,65.0,female,lower extremity
ISIC_8452965,IL_5959833,Malignant,BCC,dermoscopic,70.0,male,
ISIC_8453550,IL_0081442,Malignant,SCCKA,clinical: close-up,70.0,male,head/neck
ISIC_8457294,IL_7976710,Malignant,BCC,clinical: close-up,75.0,male,lower extremity
ISIC_8458042,IL_7251492,Malignant,BCC,clinical: close-up,65.0,female,head/neck
ISIC_8458255,IL_2561893,Malignant,BCC,clinical: close-up,60.0,female,
ISIC_8458699,IL_3948113,Benign,NV,clinical: close-up,55.0,female,lower extremity
ISIC_8459726,IL_9826846,Benign,NV,clinical: close-up,40.0,male,upper extremity
ISIC_8461400,IL_2101385,Benign,NV,clinical: close-up,75.0,female,head/neck
ISIC_8462138,IL_0340330,Benign,VASC,dermoscopic,55.0,female,lower extremity
ISIC_8462208,IL_2096357,Malignant,BCC,dermoscopic,50.0,male,upper extremity
ISIC_8463837,IL_0053198,Malignant,BCC,dermoscopic,75.0,female,head/neck
ISIC_8468152,IL_6155109,Malignant,BCC,dermoscopic,50.0,male,
ISIC_8469156,IL_4610618,Malignant,MEL,dermoscopic,65.0,male,
ISIC_8470224,IL_8891423,Benign,NV,dermoscopic,45.0,female,
ISIC_8470753,IL_7755452,Malignant,SCCKA,clinical: close-up,75.0,male,upper extremity
ISIC_8472106,IL_5175125,Malignant,BCC,dermoscopic,80.0,male,lower extremity
ISIC_8472225,IL_8922194,Malignant,BCC,dermoscopic,55.0,male,
ISIC_8476500,IL_5108044,Malignant,BCC,clinical: close-up,65.0,female,
ISIC_8478651,IL_7376850,Malignant,BCC,clinical: close-up,70.0,male,upper extremity
ISIC_8483047,IL_0113118,Malignant,BCC,dermoscopic,65.0,female,lower extremity
ISIC_8483821,IL_3749738,Benign,BKL,clinical: close-up,75.0,male,lower extremity
ISIC_8483915,IL_2400114,Malignant,BCC,clinical: close-up,75.0,female,upper extremity
ISIC_8484419,IL_4563820,Benign,INF,clinical: close-up,65.0,female,head/neck
ISIC_8487958,IL_1077035,Benign,NV,clinical: close-up,30.0,male,
ISIC_8488027,IL_7744787,Malignant,MEL,dermoscopic,40.0,female,lower extremity
ISIC_8491813,IL_2369165,Malignant,BCC,dermoscopic,60.0,male,
ISIC_8491981,IL_6267051,Malignant,MEL,clinical: close-up,50.0,female,head/neck
ISIC_8492315,IL_0515477,Malignant,BCC,clinical: close-up,70.0,female,
ISIC_8497007,IL_9258319,Malignant,BCC,clinical: close-up,80.0,female,head/neck
ISIC_8498076,IL_6738007,Malignant,BCC,dermoscopic,50.0,male,upper extremity
ISIC_8499977,IL_6064590,Malignant,BCC,clinical: close-up,60.0,male,head/neck
ISIC_8500215,IL_2561893,Malignant,BCC,dermoscopic,60.0,female,
ISIC_8501407,IL_3739398,Malignant,BCC,dermoscopic,65.0,male,head/neck
ISIC_8505283,IL_2775597,Malignant,BCC,dermoscopic,75.0,male,
ISIC_8508207,IL_7229080,Benign,BKL,dermoscopic,70.0,male,
ISIC_8508919,IL_5779680,Malignant,BCC,clinical: close-up,70.0,male,
ISIC_8509634,IL_4396586,Benign,NV,dermoscopic,20.0,female,lower extremity
ISIC_8511101,IL_3088374,Malignant,MEL,clinical: close-up,75.0,female,
ISIC_8513973,IL_8590734,Benign,BKL,dermoscopic,70.0,female,lower extremity
ISIC_8516115,IL_1330840,Malignant,BCC,dermoscopic,85.0,male,head/neck
ISIC_8517056,IL_4241056,Benign,NV,dermoscopic,30.0,female,lower extremity
ISIC_8518612,IL_8783670,Malignant,BCC,clinical: close-up,60.0,female,lower extremity
ISIC_8520875,IL_5866168,Malignant,MEL,clinical: close-up,30.0,male,
ISIC_8521879,IL_0218048,Malignant,MEL,dermoscopic,45.0,female,upper extremity
ISIC_8525569,IL_3423568,Malignant,MEL,clinical: close-up,85.0,female,
ISIC_8525826,IL_8529152,Malignant,MEL,dermoscopic,50.0,male,
ISIC_8527678,IL_6204310,Indeterminate,AKIEC,clinical: close-up,65.0,male,head/neck
ISIC_8528097,IL_2497125,Malignant,MEL,clinical: close-up,75.0,male,
ISIC_8528760,IL_5310086,Malignant,MEL,dermoscopic,50.0,female,head/neck
ISIC_8529932,IL_9199460,Benign,NV,clinical: close-up,20.0,male,lower extremity
ISIC_8531625,IL_7288279,Malignant,BCC,clinical: close-up,65.0,female,upper extremity
ISIC_8532508,IL_6938296,Malignant,MEL,dermoscopic,55.0,male,
ISIC_8532648,IL_4908746,Benign,NV,dermoscopic,45.0,male,
ISIC_8541890,IL_5368559,Malignant,BCC,dermoscopic,65.0,female,head/neck
ISIC_8541956,IL_4500103,Benign,BKL,dermoscopic,60.0,male,
ISIC_8543046,IL_5979940,Malignant,BCC,dermoscopic,55.0,male,
ISIC_8544097,IL_9542018,Malignant,BCC,dermoscopic,50.0,female,upper extremity
ISIC_8545101,IL_9540543,Malignant,BCC,clinical: close-up,65.0,female,
ISIC_8545164,IL_1871141,Malignant,AKIEC,dermoscopic,65.0,female,lower extremity
ISIC_8545769,IL_5564093,Malignant,BCC,clinical: close-up,45.0,male,head/neck
ISIC_8546677,IL_7629358,Benign,NV,clinical: close-up,35.0,female,
ISIC_8547720,IL_9094394,Malignant,BCC,clinical: close-up,55.0,female,
ISIC_8549775,IL_1409066,Malignant,BCC,dermoscopic,80.0,male,
ISIC_8550132,IL_4641431,Malignant,BCC,clinical: close-up,85.0,female,head/neck
ISIC_8550133,IL_9632950,Malignant,BCC,clinical: close-up,65.0,female,lower extremity
ISIC_8551756,IL_7288845,Malignant,BCC,dermoscopic,50.0,male,head/neck
ISIC_8553734,IL_6258270,Malignant,BCC,dermoscopic,75.0,male,head/neck
ISIC_8554900,IL_5193790,Malignant,BCC,dermoscopic,65.0,male,upper extremity
ISIC_8556393,IL_5922300,Malignant,BCC,dermoscopic,70.0,male,
ISIC_8558850,IL_0508901,Benign,BKL,dermoscopic,45.0,female,
ISIC_8561066,IL_9811180,Malignant,BCC,dermoscopic,60.0,male,head/neck
ISIC_8563004,IL_8194852,Malignant,MEL,clinical: close-up,60.0,male,
ISIC_8564627,IL_0636666,Benign,NV,dermoscopic,20.0,female,lower extremity
ISIC_8565468,IL_0679783,Benign,BKL,clinical: close-up,75.0,male,head/neck
ISIC_8566440,IL_7382399,Benign,NV,dermoscopic,40.0,female,
ISIC_8572463,IL_5357233,Malignant,BCC,dermoscopic,55.0,male,upper extremity
ISIC_8572592,IL_4885447,Malignant,SCCKA,clinical: close-up,55.0,male,upper extremity
ISIC_8573497,IL_9508962,Malignant,BCC,dermoscopic,65.0,female,lower extremity
ISIC_8577597,IL_4084018,Malignant,BCC,dermoscopic,70.0,male,head/neck
ISIC_8584528,IL_4262714,Malignant,BCC,dermoscopic,60.0,male,lower extremity
ISIC_8591122,IL_2791658,Malignant,BCC,dermoscopic,85.0,male,
ISIC_8593738,IL_9572527,Malignant,MEL,dermoscopic,40.0,male,upper extremity
ISIC_8596125,IL_6960759,Benign,NV,clinical: close-up,60.0,male,
ISIC_8597782,IL_3855783,Malignant,BCC,clinical: close-up,75.0,female,lower extremity
ISIC_8597788,IL_1131642,Malignant,BCC,clinical: close-up,50.0,male,
ISIC_8597919,IL_3242715,Malignant,BCC,clinical: close-up,75.0,male,
ISIC_8598339,IL_0024228,Benign,NV,clinical: close-up,40.0,male,upper extremity
ISIC_8603109,IL_1801069,Benign,NV,dermoscopic,45.0,female,
ISIC_8603749,IL_2533791,Benign,NV,dermoscopic,30.0,female,
ISIC_8606881,IL_6007498,Malignant,BCC,dermoscopic,65.0,male,
ISIC_8612251,IL_6393969,Benign,NV,dermoscopic,35.0,male,upper extremity
ISIC_8614302,IL_0921105,Malignant,BCC,dermoscopic,65.0,male,head/neck
ISIC_8614567,IL_2962175,Benign,VASC,dermoscopic,45.0,female,
ISIC_8614640,IL_3635889,Malignant,BCC,dermoscopic,70.0,male,upper extremity
ISIC_8615408,IL_3705242,Malignant,BCC,clinical: close-up,75.0,female,lower extremity
ISIC_8616033,IL_2770986,Malignant,MEL,dermoscopic,45.0,male,
ISIC_8619333,IL_9813142,Malignant,BCC,clinical: close-up,75.0,male,head/neck
ISIC_8620236,IL_6616097,Malignant,MEL,dermoscopic,85.0,female,lower extremity
ISIC_8621381,IL_6552855,Malignant,BCC,dermoscopic,50.0,male,
ISIC_8623479,IL_7716473,Malignant,BCC,clinical: close-up,80.0,female,
ISIC_8626277,IL_9554628,Benign,NV,dermoscopic,35.0,female,
ISIC_8626292,IL_3715792,Benign,NV,clinical: close-up,55.0,male,
ISIC_8631635,IL_9899181,Malignant,BCC,clinical: close-up,85.0,male,head/neck
ISIC_8635663,IL_9222383,Benign,BEN_OTH,dermoscopic,65.0,female,head/neck
ISIC_8635734,IL_1016151,Malignant,MEL,clinical: close-up,80.0,female,head/neck
ISIC_8638879,IL_8998802,Indeterminate,AKIEC,clinical: close-up,70.0,male,head/neck
ISIC_8638964,IL_8535894,Malignant,MEL,clinical: close-up,70.0,male,head/neck
ISIC_8639067,IL_5691794,Malignant,BCC,clinical: close-up,50.0,male,head/neck
ISIC_8639708,IL_7566377,Indeterminate,AKIEC,dermoscopic,75.0,female,head/neck
ISIC_8641404,IL_6037073,Malignant,BCC,clinical: close-up,50.0,female,upper extremity
ISIC_8641712,IL_2596452,Malignant,SCCKA,clinical: close-up,75.0,female,lower extremity
ISIC_8642318,IL_8702046,Malignant,SCCKA,dermoscopic,70.0,male,head/neck
ISIC_8643100,IL_5827688,Benign,BKL,dermoscopic,30.0,female,lower extremity
ISIC_8644033,IL_4107565,Malignant,BCC,clinical: close-up,50.0,female,
ISIC_8645743,IL_0834716,Malignant,BCC,clinical: close-up,65.0,male,head/neck
ISIC_8646764,IL_5812139,Malignant,MEL,clinical: close-up,45.0,male,
ISIC_8647858,IL_6140435,Benign,NV,dermoscopic,75.0,male,
ISIC_8648920,IL_1104647,Malignant,BCC,clinical: close-up,50.0,male,
ISIC_8649350,IL_6647837,Malignant,BCC,dermoscopic,60.0,female,
ISIC_8649670,IL_8515603,Malignant,SCCKA,clinical: close-up,65.0,male,head/neck
ISIC_8650160,IL_5844694,Malignant,BCC,dermoscopic,75.0,male,
ISIC_8650757,IL_4355222,Malignant,BCC,clinical: close-up,65.0,male,lower extremity
ISIC_8652712,IL_2386676,Benign,NV,clinical: close-up,60.0,female,
ISIC_8654948,IL_3003587,Malignant,MEL,clinical: close-up,45.0,female,
ISIC_8660210,IL_0860042,Benign,NV,dermoscopic,35.0,male,lower extremity
ISIC_8660310,IL_1238733,Malignant,SCCKA,clinical: close-up,80.0,male,upper extremity
ISIC_8660432,IL_5375420,Benign,INF,clinical: close-up,80.0,female,head/neck
ISIC_8662550,IL_4689062,Benign,NV,dermoscopic,45.0,male,
ISIC_8662604,IL_3982685,Benign,NV,dermoscopic,45.0,male,lower extremity
ISIC_8663511,IL_2659865,Malignant,MEL,clinical: close-up,65.0,male,head/neck
ISIC_8664926,IL_9693754,Benign,NV,clinical: close-up,40.0,male,
ISIC_8667734,IL_6185483,Malignant,BCC,dermoscopic,65.0,male,head/neck
ISIC_8667960,IL_0149726,Malignant,MEL,dermoscopic,70.0,male,
ISIC_8668469,IL_8225766,Benign,NV,clinical: close-up,5.0,male,lower extremity
ISIC_8668491,IL_6950082,Malignant,BCC,dermoscopic,70.0,female,head/neck
ISIC_8668865,IL_0306410,Benign,BKL,dermoscopic,70.0,male,
ISIC_8668985,IL_6606069,Malignant,BCC,dermoscopic,40.0,female,head/neck
ISIC_8670753,IL_4514028,Benign,NV,clinical: close-up,65.0,female,
ISIC_8672327,IL_3818681,Malignant,SCCKA,clinical: close-up,70.0,male,head/neck
ISIC_8673829,IL_5379548,Malignant,BCC,clinical: close-up,70.0,female,
ISIC_8674267,IL_9202762,Malignant,BCC,clinical: close-up,65.0,male,
ISIC_8674473,IL_2041854,Malignant,BCC,clinical: close-up,60.0,male,
ISIC_8678580,IL_3566495,Malignant,BCC,clinical: close-up,55.0,male,
ISIC_8678969,IL_2632652,Benign,NV,dermoscopic,70.0,female,
ISIC_8680621,IL_6607832,Malignant,MEL,clinical: close-up,60.0,female,head/neck
ISIC_8680973,IL_5209978,Malignant,BCC,clinical: close-up,40.0,female,head/neck
ISIC_8684025,IL_7327250,Indeterminate,AKIEC,clinical: close-up,80.0,male,head/neck
ISIC_8684482,IL_6605794,Malignant,BCC,dermoscopic,70.0,female,lower extremity
ISIC_8685078,IL_1286984,Benign,NV,clinical: close-up,15.0,female,
ISIC_8685453,IL_6374062,Malignant,MEL,dermoscopic,45.0,male,upper extremity
ISIC_8687339,IL_3858708,Malignant,AKIEC,clinical: close-up,80.0,female,
ISIC_8689886,IL_9678089,Malignant,BCC,clinical: close-up,50.0,female,
ISIC_8690049,IL_5310098,Malignant,BCC,clinical: close-up,75.0,female,lower extremity
ISIC_8690116,IL_3817473,Benign,NV,dermoscopic,20.0,female,
ISIC_8691098,IL_2177210,Malignant,SCCKA,dermoscopic,45.0,male,lower extremity
ISIC_8694246,IL_5186069,Malignant,BCC,clinical: close-up,65.0,female,upper extremity
ISIC_8695042,IL_4642532,Malignant,BCC,dermoscopic,65.0,male,
ISIC_8695319,IL_1438394,Malignant,BCC,clinical: close-up,80.0,male,upper extremity
ISIC_8695455,IL_1543931,Malignant,BCC,dermoscopic,55.0,female,
ISIC_8697607,IL_5277134,Malignant,MEL,dermoscopic,55.0,male,
ISIC_8698177,IL_5576993,Benign,NV,dermoscopic,70.0,male,
ISIC_8698547,IL_4033991,Benign,BKL,dermoscopic,65.0,male,
ISIC_8699233,IL_0668310,Benign,BKL,dermoscopic,65.0,female,lower extremity
ISIC_8699706,IL_5042864,Benign,NV,dermoscopic,55.0,female,lower extremity
ISIC_8701249,IL_9691364,Malignant,BCC,clinical: close-up,70.0,male,
ISIC_8701478,IL_2201458,Benign,NV,dermoscopic,30.0,female,
ISIC_8703792,IL_2330730,Malignant,BCC,dermoscopic,85.0,female,head/neck
ISIC_8704127,IL_3290322,Malignant,BCC,dermoscopic,70.0,female,head/neck
ISIC_8704436,IL_3303655,Malignant,BCC,dermoscopic,50.0,female,
ISIC_8707635,IL_2522650,Malignant,BCC,dermoscopic,45.0,female,upper extremity
ISIC_8707995,IL_7713960,Malignant,BCC,clinical: close-up,60.0,male,lower extremity
ISIC_8708228,IL_8855847,Malignant,BCC,dermoscopic,60.0,male,
ISIC_8709148,IL_7502658,Malignant,SCCKA,clinical: close-up,70.0,male,head/neck
ISIC_8710450,IL_7800799,Malignant,BCC,dermoscopic,70.0,male,
ISIC_8712502,IL_5304698,Malignant,BCC,dermoscopic,85.0,female,upper extremity
ISIC_8713886,IL_5489225,Malignant,BCC,clinical: close-up,65.0,male,head/neck
ISIC_8715446,IL_3224912,Malignant,BCC,dermoscopic,75.0,female,
ISIC_8715920,IL_1660797,Benign,NV,clinical: close-up,50.0,female,head/neck
ISIC_8720890,IL_5802153,Malignant,AKIEC,clinical: close-up,65.0,male,head/neck
ISIC_8721730,IL_2788353,Malignant,BCC,clinical: close-up,70.0,male,lower extremity
ISIC_8722591,IL_6743301,Malignant,BCC,clinical: close-up,65.0,male,head/neck
ISIC_8723719,IL_3916438,Benign,NV,dermoscopic,40.0,female,head/neck
ISIC_8726132,IL_9331050,Benign,BKL,dermoscopic,50.0,female,head/neck
ISIC_8731377,IL_7798468,Indeterminate,AKIEC,dermoscopic,60.0,male,head/neck
ISIC_8731413,IL_7628990,Malignant,AKIEC,dermoscopic,85.0,male,
ISIC_8731964,IL_5110941,Malignant,BCC,dermoscopic,55.0,female,
ISIC_8732830,IL_1468442,Malignant,SCCKA,clinical: close-up,75.0,male,upper extremity
ISIC_8733906,IL_5749341,Benign,NV,clinical: close-up,65.0,female,
ISIC_8734016,IL_7397211,Malignant,SCCKA,dermoscopic,85.0,female,upper extremity
ISIC_8736820,IL_0083505,Benign,NV,dermoscopic,40.0,female,
ISIC_8737266,IL_3599866,Benign,BKL,clinical: close-up,75.0,male,
ISIC_8738126,IL_7749635,Benign,BKL,dermoscopic,65.0,male,head/neck
ISIC_8740093,IL_0967038,Benign,BKL,clinical: close-up,85.0,male,
ISIC_8740405,IL_5100758,Malignant,MEL,clinical: close-up,80.0,male,
ISIC_8741300,IL_7527529,Benign,NV,clinical: close-up,40.0,male,
ISIC_8743028,IL_9333874,Malignant,BCC,dermoscopic,60.0,male,head/neck
ISIC_8744831,IL_0632998,Malignant,BCC,clinical: close-up,85.0,male,lower extremity
ISIC_8745325,IL_7639088,Malignant,AKIEC,clinical: close-up,50.0,male,head/neck
ISIC_8745622,IL_7390451,Malignant,BCC,clinical: close-up,70.0,male,
ISIC_8745861,IL_7749269,Malignant,BCC,clinical: close-up,50.0,male,lower extremity
ISIC_8746170,IL_4615374,Malignant,SCCKA,dermoscopic,70.0,female,lower extremity
ISIC_8746569,IL_3985289,Malignant,BCC,clinical: close-up,75.0,female,lower extremity
ISIC_8746740,IL_5519397,Malignant,BCC,dermoscopic,75.0,male,upper extremity
ISIC_8748477,IL_0662515,Benign,NV,clinical: close-up,35.0,male,
ISIC_8748525,IL_4190989,Benign,NV,clinical: close-up,50.0,male,
ISIC_8749451,IL_6684225,Malignant,BCC,clinical: close-up,70.0,male,head/neck
ISIC_8758280,IL_4316869,Malignant,BCC,clinical: close-up,70.0,male,
ISIC_8759947,IL_6920562,Malignant,BCC,dermoscopic,55.0,female,
ISIC_8762355,IL_1733952,Malignant,SCCKA,dermoscopic,85.0,male,head/neck
ISIC_8767141,IL_6079301,Benign,BKL,clinical: close-up,80.0,female,head/neck
ISIC_8768212,IL_3634030,Malignant,BCC,clinical: close-up,65.0,female,
ISIC_8768360,IL_3995124,Benign,NV,clinical: close-up,65.0,male,
ISIC_8768858,IL_0887241,Benign,NV,clinical: close-up,65.0,female,lower extremity
ISIC_8771153,IL_4402692,Malignant,AKIEC,clinical: close-up,50.0,male,
ISIC_8771453,IL_0872477,Benign,NV,dermoscopic,20.0,female,
ISIC_8772140,IL_9099614,Malignant,BCC,clinical: close-up,70.0,male,head/neck
ISIC_8776361,IL_7335735,Malignant,BCC,dermoscopic,55.0,male,
ISIC_8776679,IL_7914458,Malignant,BCC,dermoscopic,65.0,female,lower extremity
ISIC_8776793,IL_4820678,Malignant,BCC,dermoscopic,60.0,female,head/neck
ISIC_8778268,IL_1801204,Malignant,BCC,clinical: close-up,75.0,male,lower extremity
ISIC_8779998,IL_9991092,Malignant,BCC,clinical: close-up,65.0,male,upper extremity
ISIC_8782095,IL_6825163,Benign,BKL,dermoscopic,65.0,female,head/neck
ISIC_8782205,IL_9644820,Malignant,AKIEC,clinical: close-up,65.0,male,
ISIC_8786035,IL_2894575,Indeterminate,AKIEC,dermoscopic,40.0,female,head/neck
ISIC_8788388,IL_6119017,Benign,NV,clinical: close-up,30.0,male,
ISIC_8788500,IL_0134998,Malignant,MEL,clinical: close-up,50.0,male,head/neck
ISIC_8789412,IL_6976997,Malignant,BCC,dermoscopic,60.0,male,lower extremity
ISIC_8790740,IL_9475061,Benign,INF,dermoscopic,40.0,female,head/neck
ISIC_8790878,IL_8562262,Malignant,BCC,dermoscopic,85.0,male,head/neck
ISIC_8790887,IL_7471218,Malignant,SCCKA,dermoscopic,80.0,female,lower extremity
ISIC_8791911,IL_4864360,Benign,BKL,clinical: close-up,50.0,male,head/neck
ISIC_8793718,IL_3899436,Malignant,BCC,dermoscopic,65.0,female,
ISIC_8793818,IL_0490724,Malignant,BCC,clinical: close-up,65.0,female,
ISIC_8800271,IL_4391633,Benign,BKL,dermoscopic,70.0,male,
ISIC_8800634,IL_4929209,Benign,BKL,clinical: close-up,55.0,male,
ISIC_8802957,IL_8793301,Malignant,AKIEC,dermoscopic,50.0,male,upper extremity
ISIC_8805390,IL_4028945,Malignant,AKIEC,dermoscopic,75.0,female,head/neck
ISIC_8807238,IL_5181859,Malignant,SCCKA,clinical: close-up,65.0,male,head/neck
ISIC_8808076,IL_1779253,Benign,BKL,dermoscopic,50.0,female,upper extremity
ISIC_8810193,IL_5916541,Malignant,MEL,clinical: close-up,45.0,female,
ISIC_8810920,IL_0834716,Malignant,BCC,dermoscopic,65.0,male,head/neck
ISIC_8816075,IL_9754542,Malignant,BCC,dermoscopic,55.0,female,
ISIC_8816242,IL_3226127,Malignant,BCC,dermoscopic,70.0,male,head/neck
ISIC_8816308,IL_4826540,Malignant,MEL,clinical: close-up,75.0,male,head/neck
ISIC_8818884,IL_0761140,Malignant,BCC,clinical: close-up,70.0,male,head/neck
ISIC_8820732,IL_8444340,Malignant,BCC,clinical: close-up,70.0,female,head/neck
ISIC_8821690,IL_5208753,Malignant,BCC,clinical: close-up,70.0,female,head/neck
ISIC_8823892,IL_8516254,Malignant,BCC,dermoscopic,50.0,female,upper extremity
ISIC_8825637,IL_7385795,Benign,INF,dermoscopic,75.0,male,lower extremity
ISIC_8826493,IL_8444586,Malignant,BCC,clinical: close-up,60.0,male,
ISIC_8828944,IL_0432586,Benign,NV,clinical: close-up,70.0,male,
ISIC_8829523,IL_0867132,Malignant,SCCKA,dermoscopic,50.0,male,lower extremity
ISIC_8830091,IL_2305768,Benign,BKL,dermoscopic,65.0,male,
ISIC_8830166,IL_9356761,Malignant,BCC,dermoscopic,70.0,male,upper extremity
ISIC_8830503,IL_7718928,Malignant,BCC,clinical: close-up,65.0,male,head/neck
ISIC_8830776,IL_1066260,Benign,NV,clinical: close-up,25.0,female,
ISIC_8830839,IL_1779696,Benign,BKL,dermoscopic,50.0,female,lower extremity
ISIC_8832464,IL_5356677,Malignant,SCCKA,clinical: close-up,85.0,male,head/neck
ISIC_8832798,IL_0525024,Benign,NV,clinical: close-up,40.0,male,head/neck
ISIC_8833451,IL_4298080,Malignant,MEL,clinical: close-up,85.0,male,
ISIC_8834324,IL_5588135,Benign,BKL,clinical: close-up,60.0,female,upper extremity
ISIC_8837131,IL_0872966,Benign,NV,dermoscopic,50.0,male,
ISIC_8839329,IL_1263840,Malignant,BCC,dermoscopic,85.0,male,upper extremity
ISIC_8840511,IL_6040163,Benign,BKL,dermoscopic,70.0,male,head/neck
ISIC_8842467,IL_0330771,Malignant,BCC,clinical: close-up,55.0,male,head/neck
ISIC_8845800,IL_4008032,Malignant,BCC,clinical: close-up,60.0,female,
ISIC_8846211,IL_8591988,Malignant,BCC,clinical: close-up,50.0,male,
ISIC_8846554,IL_4153539,Malignant,BCC,dermoscopic,55.0,female,
ISIC_8847230,IL_5108772,Malignant,AKIEC,clinical: close-up,45.0,female,upper extremity
ISIC_8850071,IL_0185297,Malignant,BCC,dermoscopic,50.0,female,
ISIC_8851360,IL_7894375,Malignant,BCC,clinical: close-up,60.0,male,head/neck
ISIC_8853941,IL_6877500,Benign,NV,clinical: close-up,65.0,male,lower extremity
ISIC_8854712,IL_7416189,Malignant,BCC,dermoscopic,65.0,male,head/neck
ISIC_8857322,IL_4429998,Malignant,BCC,dermoscopic,85.0,female,head/neck
ISIC_8858231,IL_8098270,Malignant,BCC,clinical: close-up,55.0,female,lower extremity
ISIC_8858434,IL_5421067,Malignant,BCC,clinical: close-up,80.0,male,
ISIC_8860235,IL_6676284,Malignant,AKIEC,dermoscopic,80.0,male,upper extremity
ISIC_8861411,IL_1089053,Malignant,AKIEC,clinical: close-up,75.0,male,head/neck
ISIC_8862307,IL_2187730,Indeterminate,AKIEC,dermoscopic,50.0,female,upper extremity
ISIC_8862763,IL_8434747,Malignant,BCC,clinical: close-up,70.0,male,lower extremity
ISIC_8863147,IL_8208194,Malignant,SCCKA,dermoscopic,80.0,female,lower extremity
ISIC_8865829,IL_9038692,Malignant,SCCKA,clinical: close-up,70.0,male,head/neck
ISIC_8868003,IL_2528197,Malignant,AKIEC,clinical: close-up,80.0,male,upper extremity
ISIC_8868777,IL_3406268,Malignant,BCC,dermoscopic,85.0,male,head/neck
ISIC_8869199,IL_3859147,Malignant,BCC,clinical: close-up,65.0,male,upper extremity
ISIC_8870441,IL_0024228,Benign,NV,dermoscopic,40.0,male,upper extremity
ISIC_8873365,IL_8299978,Benign,NV,dermoscopic,30.0,male,
ISIC_8874166,IL_8850331,Malignant,MEL,dermoscopic,80.0,female,
ISIC_8876204,IL_9303237,Benign,BKL,clinical: close-up,70.0,male,lower extremity
ISIC_8876261,IL_9294619,Indeterminate,AKIEC,dermoscopic,70.0,female,head/neck
ISIC_8877039,IL_9801518,Malignant,BCC,dermoscopic,65.0,male,lower extremity
ISIC_8878792,IL_7135513,Benign,BKL,clinical: close-up,75.0,female,lower extremity
ISIC_8879612,IL_6800675,Malignant,BCC,clinical: close-up,50.0,female,upper extremity
ISIC_8880696,IL_5444067,Malignant,SCCKA,clinical: close-up,85.0,male,upper extremity
ISIC_8882028,IL_0256992,Malignant,BCC,clinical: close-up,35.0,male,
ISIC_8882107,IL_3360442,Malignant,BCC,dermoscopic,60.0,male,
ISIC_8882696,IL_2454267,Malignant,SCCKA,dermoscopic,85.0,male,upper extremity
ISIC_8883053,IL_7976710,Malignant,BCC,dermoscopic,75.0,male,lower extremity
ISIC_8883217,IL_9106162,Malignant,BCC,dermoscopic,55.0,female,
ISIC_8884437,IL_7243389,Benign,NV,clinical: close-up,65.0,female,lower extremity
ISIC_8890680,IL_8719061,Malignant,BCC,dermoscopic,60.0,female,
ISIC_8893011,IL_2197335,Malignant,SCCKA,clinical: close-up,85.0,male,head/neck
ISIC_8894147,IL_7620308,Benign,NV,dermoscopic,40.0,male,
ISIC_8894733,IL_3205547,Benign,BKL,clinical: close-up,75.0,male,
ISIC_8894857,IL_9590648,Malignant,BCC,dermoscopic,70.0,female,
ISIC_8895392,IL_6983089,Malignant,BCC,clinical: close-up,45.0,female,upper extremity
ISIC_8895973,IL_0607268,Malignant,BCC,clinical: close-up,75.0,male,head/neck
ISIC_8897421,IL_4571901,Malignant,BCC,clinical: close-up,80.0,male,head/neck
ISIC_8898114,IL_6976997,Malignant,BCC,clinical: close-up,60.0,male,lower extremity
ISIC_8898285,IL_8892581,Malignant,SCCKA,clinical: close-up,80.0,male,lower extremity
ISIC_8898499,IL_3181728,Indeterminate,AKIEC,clinical: close-up,80.0,female,head/neck
ISIC_8898834,IL_8767965,Indeterminate,AKIEC,clinical: close-up,70.0,male,head/neck
ISIC_8899125,IL_5693413,Malignant,MEL,dermoscopic,50.0,female,lower extremity
ISIC_8899493,IL_4419234,Malignant,MEL,clinical: close-up,85.0,male,upper extremity
ISIC_8903447,IL_1958887,Malignant,BCC,clinical: close-up,75.0,female,
ISIC_8904388,IL_3615210,Malignant,BCC,dermoscopic,55.0,male,
ISIC_8905603,IL_7085147,Benign,NV,dermoscopic,60.0,male,head/neck
ISIC_8910720,IL_4851899,Malignant,BCC,clinical: close-up,75.0,male,head/neck
ISIC_8912227,IL_8623276,Benign,NV,clinical: close-up,10.0,female,lower extremity
ISIC_8913904,IL_8638441,Malignant,BCC,clinical: close-up,65.0,male,upper extremity
ISIC_8914963,IL_4500460,Malignant,BCC,dermoscopic,60.0,male,lower extremity
ISIC_8914970,IL_9790789,Malignant,SCCKA,dermoscopic,65.0,male,lower extremity
ISIC_8915033,IL_2830385,Malignant,SCCKA,clinical: close-up,55.0,male,
ISIC_8916536,IL_9127211,Malignant,BCC,clinical: close-up,30.0,female,
ISIC_8919169,IL_9587475,Benign,NV,dermoscopic,45.0,male,
ISIC_8919899,IL_2307468,Malignant,MEL,clinical: close-up,70.0,male,
ISIC_8921695,IL_1601873,Malignant,BCC,dermoscopic,75.0,male,lower extremity
ISIC_8929392,IL_4711220,Malignant,BCC,clinical: close-up,75.0,male,head/neck
ISIC_8930739,IL_3574782,Malignant,BCC,clinical: close-up,65.0,male,
ISIC_8932533,IL_6346442,Malignant,BCC,dermoscopic,50.0,female,upper extremity
ISIC_8933142,IL_3986859,Malignant,BCC,clinical: close-up,50.0,male,
ISIC_8933202,IL_9075898,Malignant,SCCKA,clinical: close-up,70.0,male,head/neck
ISIC_8934759,IL_6962056,Malignant,BCC,dermoscopic,70.0,male,upper extremity
ISIC_8935612,IL_5384456,Malignant,BCC,clinical: close-up,60.0,female,upper extremity
ISIC_8935869,IL_3262094,Benign,BKL,clinical: close-up,60.0,male,lower extremity
ISIC_8937601,IL_4980476,Malignant,MEL,clinical: close-up,30.0,female,
ISIC_8938866,IL_3930642,Malignant,BCC,dermoscopic,55.0,male,lower extremity
ISIC_8942421,IL_2201458,Benign,NV,clinical: close-up,30.0,female,
ISIC_8943527,IL_0664842,Malignant,BCC,dermoscopic,65.0,male,head/neck
ISIC_8944107,IL_1314812,Malignant,BCC,dermoscopic,60.0,male,lower extremity
ISIC_8945633,IL_5535772,Malignant,BCC,dermoscopic,75.0,male,upper extremity
ISIC_8946719,IL_8515603,Malignant,SCCKA,dermoscopic,65.0,male,head/neck
ISIC_8947312,IL_5574879,Malignant,SCCKA,dermoscopic,45.0,male,
ISIC_8947496,IL_0012199,Malignant,SCCKA,clinical: close-up,65.0,male,upper extremity
ISIC_8949217,IL_6654739,Benign,BKL,clinical: close-up,60.0,male,
ISIC_8949240,IL_1075649,Malignant,MEL,clinical: close-up,40.0,female,lower extremity
ISIC_8951979,IL_7577530,Benign,NV,clinical: close-up,65.0,male,
ISIC_8954124,IL_0123995,Malignant,SCCKA,dermoscopic,65.0,male,lower extremity
ISIC_8955200,IL_2989326,Malignant,MEL,dermoscopic,60.0,male,
ISIC_8961614,IL_9630385,Malignant,MEL,dermoscopic,35.0,male,
ISIC_8963623,IL_8681344,Malignant,MEL,clinical: close-up,70.0,female,
ISIC_8966831,IL_1962759,Benign,NV,clinical: close-up,,male,upper extremity
ISIC_8969175,IL_2788163,Benign,NV,dermoscopic,5.0,female,
ISIC_8972926,IL_3767932,Benign,NV,dermoscopic,45.0,male,
ISIC_8973952,IL_4003805,Malignant,BCC,dermoscopic,70.0,male,head/neck
ISIC_8975655,IL_1684898,Malignant,BCC,dermoscopic,70.0,male,upper extremity
ISIC_8976041,IL_1209024,Malignant,BCC,dermoscopic,40.0,female,lower extremity
ISIC_8976859,IL_3973375,Benign,BKL,dermoscopic,50.0,female,
ISIC_8977908,IL_0199785,Malignant,SCCKA,dermoscopic,45.0,male,lower extremity
ISIC_8977962,IL_3417024,Malignant,MEL,dermoscopic,70.0,female,
ISIC_8978224,IL_2467466,Malignant,AKIEC,clinical: close-up,75.0,male,head/neck
ISIC_8979429,IL_1735251,Malignant,BCC,clinical: close-up,45.0,female,lower extremity
ISIC_8979552,IL_7532764,Malignant,BCC,clinical: close-up,60.0,female,head/neck
ISIC_8982555,IL_7798468,Indeterminate,AKIEC,clinical: close-up,60.0,male,head/neck
ISIC_8984053,IL_5799605,Malignant,BCC,clinical: close-up,60.0,male,
ISIC_8984180,IL_6852784,Malignant,SCCKA,dermoscopic,65.0,female,lower extremity
ISIC_8989885,IL_6289320,Malignant,SCCKA,clinical: close-up,65.0,female,lower extremity
ISIC_8992188,IL_8554205,Malignant,BCC,clinical: close-up,70.0,male,head/neck
ISIC_8992800,IL_9367787,Malignant,BCC,clinical: close-up,75.0,female,head/neck
ISIC_8995161,IL_2111173,Malignant,BCC,dermoscopic,55.0,female,head/neck
ISIC_9000883,IL_4425238,Indeterminate,AKIEC,dermoscopic,85.0,female,head/neck
ISIC_9001139,IL_9649678,Malignant,BCC,clinical: close-up,70.0,male,
ISIC_9005222,IL_1032364,Benign,VASC,clinical: close-up,75.0,male,
ISIC_9005347,IL_2197335,Malignant,SCCKA,dermoscopic,85.0,male,head/neck
ISIC_9008854,IL_0966706,Malignant,BCC,clinical: close-up,65.0,female,lower extremity
ISIC_9011764,IL_0610557,Benign,NV,dermoscopic,20.0,female,oral/genital
ISIC_9011999,IL_1567374,Malignant,BCC,clinical: close-up,55.0,male,
ISIC_9014235,IL_5301199,Benign,BKL,dermoscopic,65.0,male,
ISIC_9017680,IL_8297781,Malignant,BCC,dermoscopic,65.0,female,
ISIC_9018538,IL_3672898,Benign,BKL,clinical: close-up,55.0,male,
ISIC_9019664,IL_9550703,Benign,BKL,dermoscopic,65.0,female,lower extremity
ISIC_9020314,IL_9921206,Benign,BKL,dermoscopic,80.0,female,upper extremity
ISIC_9022996,IL_7811339,Malignant,BCC,clinical: close-up,60.0,male,
ISIC_9023174,IL_5482346,Malignant,BCC,clinical: close-up,65.0,male,lower extremity
ISIC_9025095,IL_3475151,Benign,BKL,dermoscopic,60.0,female,lower extremity
ISIC_9026609,IL_6575450,Malignant,AKIEC,clinical: close-up,60.0,male,lower extremity
ISIC_9026654,IL_4465213,Malignant,BCC,clinical: close-up,75.0,male,head/neck
ISIC_9026951,IL_3774804,Malignant,SCCKA,dermoscopic,60.0,female,upper extremity
ISIC_9030826,IL_1407853,Benign,NV,dermoscopic,30.0,female,
ISIC_9039481,IL_0513622,Malignant,BCC,clinical: close-up,75.0,female,upper extremity
ISIC_9039736,IL_4522594,Malignant,MEL,clinical: close-up,55.0,male,
ISIC_9041525,IL_8588152,Malignant,MEL,dermoscopic,45.0,male,
ISIC_9043368,IL_0883387,Benign,NV,clinical: close-up,35.0,male,
ISIC_9043374,IL_4621496,Malignant,BCC,clinical: close-up,60.0,female,upper extremity
ISIC_9046790,IL_6503105,Malignant,MEL,clinical: close-up,70.0,male,head/neck
ISIC_9047747,IL_9746297,Malignant,SCCKA,dermoscopic,85.0,male,head/neck
ISIC_9047853,IL_0064763,Malignant,SCCKA,clinical: close-up,60.0,female,
ISIC_9051937,IL_5345860,Malignant,BCC,dermoscopic,75.0,male,head/neck
ISIC_9052310,IL_9520593,Malignant,BCC,clinical: close-up,70.0,male,
ISIC_9053541,IL_6014318,Malignant,BCC,dermoscopic,70.0,female,
ISIC_9055167,IL_2372422,Benign,NV,clinical: close-up,5.0,female,lower extremity
ISIC_9056629,IL_4279483,Malignant,BCC,clinical: close-up,85.0,male,upper extremity
ISIC_9057655,IL_2707922,Malignant,SCCKA,dermoscopic,50.0,male,head/neck
ISIC_9058731,IL_7749635,Benign,BKL,clinical: close-up,65.0,male,head/neck
ISIC_9059867,IL_9871748,Malignant,BCC,clinical: close-up,50.0,male,lower extremity
ISIC_9060041,IL_1866823,Malignant,BCC,dermoscopic,60.0,male,head/neck
ISIC_9062645,IL_2495327,Malignant,BCC,clinical: close-up,55.0,male,head/neck
ISIC_9063581,IL_6169734,Malignant,SCCKA,dermoscopic,65.0,male,upper extremity
ISIC_9064266,IL_5555860,Malignant,BCC,dermoscopic,40.0,female,lower extremity
ISIC_9067523,IL_7520966,Malignant,SCCKA,dermoscopic,75.0,female,head/neck
ISIC_9069540,IL_1609893,Malignant,AKIEC,clinical: close-up,70.0,female,upper extremity
ISIC_9071975,IL_5264589,Benign,BKL,dermoscopic,70.0,male,head/neck
ISIC_9072692,IL_7101016,Malignant,BCC,clinical: close-up,55.0,male,head/neck
ISIC_9073117,IL_3884933,Malignant,BCC,clinical: close-up,45.0,male,head/neck
ISIC_9074070,IL_2996950,Malignant,SCCKA,clinical: close-up,80.0,male,lower extremity
ISIC_9074196,IL_8364526,Malignant,BCC,clinical: close-up,65.0,female,upper extremity
ISIC_9074776,IL_6346442,Malignant,BCC,clinical: close-up,50.0,female,upper extremity
ISIC_9075056,IL_8723146,Benign,BKL,clinical: close-up,60.0,male,head/neck
ISIC_9075808,IL_9982376,Malignant,SCCKA,dermoscopic,80.0,female,head/neck
ISIC_9076466,IL_4420927,Benign,NV,clinical: close-up,5.0,female,head/neck
ISIC_9076994,IL_6346184,Malignant,BCC,clinical: close-up,60.0,male,upper extremity
ISIC_9078796,IL_4797529,Malignant,MEL,clinical: close-up,60.0,male,lower extremity
ISIC_9079428,IL_5352548,Malignant,BCC,clinical: close-up,30.0,female,
ISIC_9088580,IL_9754542,Malignant,BCC,clinical: close-up,55.0,female,
ISIC_9090562,IL_0269822,Malignant,SCCKA,dermoscopic,85.0,male,head/neck
ISIC_9091739,IL_4755561,Benign,NV,clinical: close-up,30.0,male,lower extremity
ISIC_9094964,IL_2233251,Benign,VASC,clinical: close-up,70.0,male,
ISIC_9096776,IL_7792502,Malignant,BCC,clinical: close-up,65.0,female,upper extremity
ISIC_9098536,IL_7820661,Malignant,MEL,clinical: close-up,65.0,male,lower extremity
ISIC_9098662,IL_3271676,Malignant,BCC,clinical: close-up,50.0,male,head/neck
ISIC_9099090,IL_1831903,Malignant,BCC,dermoscopic,75.0,female,
ISIC_9100425,IL_9790789,Malignant,SCCKA,clinical: close-up,65.0,male,lower extremity
ISIC_9100704,IL_8063074,Malignant,SCCKA,clinical: close-up,85.0,male,head/neck
ISIC_9101382,IL_9961015,Benign,NV,clinical: close-up,40.0,female,
ISIC_9102029,IL_2493463,Benign,INF,clinical: close-up,40.0,male,head/neck
ISIC_9103398,IL_9623656,Malignant,BCC,clinical: close-up,55.0,male,head/neck
ISIC_9104095,IL_9368143,Benign,NV,dermoscopic,30.0,female,upper extremity
ISIC_9105996,IL_7991885,Benign,DF,clinical: close-up,70.0,male,lower extremity
ISIC_9107434,IL_5725663,Malignant,SCCKA,clinical: close-up,75.0,male,upper extremity
ISIC_9107881,IL_7465840,Malignant,BCC,clinical: close-up,75.0,male,head/neck
ISIC_9111814,IL_4980476,Malignant,MEL,dermoscopic,30.0,female,
ISIC_9112089,IL_2704222,Malignant,BCC,clinical: close-up,60.0,male,
ISIC_9114285,IL_9271885,Malignant,BCC,clinical: close-up,65.0,male,
ISIC_9114356,IL_6665809,Malignant,AKIEC,clinical: close-up,75.0,male,lower extremity
ISIC_9115621,IL_6687595,Malignant,AKIEC,clinical: close-up,65.0,male,
ISIC_9115886,IL_2692923,Malignant,MEL,dermoscopic,80.0,male,
ISIC_9118088,IL_5612108,Malignant,BCC,clinical: close-up,50.0,male,
ISIC_9118975,IL_8577352,Malignant,BCC,clinical: close-up,60.0,male,lower extremity
ISIC_9120690,IL_6079301,Benign,BKL,dermoscopic,80.0,female,head/neck
ISIC_9120905,IL_5009030,Benign,NV,dermoscopic,40.0,male,
ISIC_9121967,IL_1225900,Malignant,BCC,clinical: close-up,55.0,male,head/neck
ISIC_9125091,IL_2643688,Malignant,BCC,clinical: close-up,75.0,female,
ISIC_9126529,IL_0419410,Benign,BKL,dermoscopic,65.0,male,
ISIC_9127714,IL_7406040,Malignant,BCC,clinical: close-up,65.0,male,
ISIC_9132204,IL_8066973,Malignant,BCC,dermoscopic,65.0,female,lower extremity
ISIC_9134607,IL_8209280,Malignant,SCCKA,clinical: close-up,55.0,female,
ISIC_9135081,IL_2869334,Benign,BKL,clinical: close-up,50.0,male,
ISIC_9136213,IL_1657109,Benign,NV,clinical: close-up,35.0,male,
ISIC_9136283,IL_7308703,Benign,NV,dermoscopic,40.0,male,
ISIC_9138708,IL_2251531,Malignant,BCC,dermoscopic,55.0,male,lower extremity
ISIC_9139090,IL_1592850,Benign,BKL,dermoscopic,70.0,male,head/neck
ISIC_9139162,IL_8019185,Malignant,BCC,clinical: close-up,50.0,female,
ISIC_9140116,IL_3253177,Benign,NV,dermoscopic,75.0,male,lower extremity
ISIC_9140582,IL_5941345,Malignant,BCC,dermoscopic,75.0,female,
ISIC_9140869,IL_1703552,Malignant,BCC,clinical: close-up,65.0,male,
ISIC_9140973,IL_5439022,Benign,NV,clinical: close-up,65.0,male,
ISIC_9144494,IL_2734899,Malignant,BCC,clinical: close-up,70.0,male,
ISIC_9144877,IL_3435246,Benign,BKL,dermoscopic,50.0,male,
ISIC_9147605,IL_3268494,Malignant,BCC,clinical: close-up,65.0,female,head/neck
ISIC_9148166,IL_0965927,Benign,NV,clinical: close-up,45.0,male,
ISIC_9148837,IL_8338996,Benign,BEN_OTH,dermoscopic,85.0,male,head/neck
ISIC_9149555,IL_2662922,Malignant,BCC,clinical: close-up,65.0,female,upper extremity
ISIC_9151156,IL_4132479,Benign,NV,clinical: close-up,50.0,male,
ISIC_9152345,IL_0751879,Indeterminate,AKIEC,dermoscopic,65.0,male,head/neck
ISIC_9153141,IL_6711797,Malignant,BCC,dermoscopic,85.0,male,upper extremity
ISIC_9153724,IL_7059623,Benign,NV,dermoscopic,45.0,male,
ISIC_9155561,IL_2797593,Benign,NV,clinical: close-up,70.0,male,
ISIC_9156154,IL_2093270,Benign,NV,dermoscopic,40.0,male,
ISIC_9157592,IL_2087483,Benign,DF,dermoscopic,40.0,female,lower extremity
ISIC_9159246,IL_4327205,Malignant,BCC,dermoscopic,40.0,male,upper extremity
ISIC_9161612,IL_2360320,Malignant,BCC,dermoscopic,75.0,male,
ISIC_9163561,IL_3069330,Malignant,BCC,dermoscopic,60.0,male,
ISIC_9164586,IL_6138895,Malignant,BCC,clinical: close-up,55.0,female,
ISIC_9165967,IL_9070099,Malignant,SCCKA,clinical: close-up,70.0,male,upper extremity
ISIC_9166927,IL_3393264,Benign,NV,clinical: close-up,35.0,female,
ISIC_9167637,IL_0736879,Malignant,BCC,clinical: close-up,55.0,female,head/neck
ISIC_9171793,IL_6607832,Malignant,MEL,dermoscopic,60.0,female,head/neck
ISIC_9172274,IL_2298931,Benign,NV,dermoscopic,30.0,female,
ISIC_9173490,IL_7478633,Benign,INF,clinical: close-up,60.0,female,head/neck
ISIC_9173896,IL_3914396,Malignant,BCC,clinical: close-up,70.0,female,lower extremity
ISIC_9174580,IL_4498199,Malignant,MEL,dermoscopic,55.0,female,
ISIC_9175575,IL_7647524,Benign,NV,dermoscopic,10.0,female,upper extremity
ISIC_9176060,IL_4157363,Malignant,AKIEC,clinical: close-up,55.0,male,head/neck
ISIC_9178156,IL_0489772,Malignant,BCC,clinical: close-up,65.0,female,head/neck
ISIC_9180125,IL_2359351,Benign,BKL,dermoscopic,70.0,female,head/neck
ISIC_9180642,IL_4414244,Malignant,BCC,dermoscopic,75.0,male,
ISIC_9181159,IL_8380351,Malignant,AKIEC,dermoscopic,50.0,male,head/neck
ISIC_9182531,IL_9991953,Malignant,MEL,dermoscopic,70.0,male,
ISIC_9183794,IL_0218965,Benign,NV,dermoscopic,50.0,male,
ISIC_9185835,IL_0303759,Malignant,BCC,dermoscopic,65.0,female,head/neck
ISIC_9186927,IL_9917899,Malignant,BCC,clinical: close-up,80.0,male,head/neck
ISIC_9191957,IL_0063537,Malignant,BCC,clinical: close-up,55.0,male,
ISIC_9192620,IL_3082465,Benign,BKL,dermoscopic,45.0,male,
ISIC_9196525,IL_9487035,Malignant,BCC,dermoscopic,60.0,male,
ISIC_9198253,IL_7803371,Malignant,SCCKA,clinical: close-up,45.0,male,
ISIC_9198446,IL_5917999,Benign,NV,clinical: close-up,5.0,female,lower extremity
ISIC_9204575,IL_1322770,Malignant,SCCKA,clinical: close-up,70.0,female,lower extremity
ISIC_9205905,IL_9167025,Malignant,BCC,clinical: close-up,55.0,male,
ISIC_9206516,IL_8111694,Benign,BKL,dermoscopic,55.0,male,head/neck
ISIC_9206757,IL_9374643,Malignant,BCC,clinical: close-up,80.0,male,head/neck
ISIC_9209191,IL_2504779,Benign,NV,clinical: close-up,55.0,female,
ISIC_9209368,IL_5673593,Malignant,MEL,clinical: close-up,35.0,female,
ISIC_9210156,IL_7385795,Benign,INF,clinical: close-up,75.0,male,lower extremity
ISIC_9215935,IL_8538421,Malignant,BCC,dermoscopic,70.0,male,
ISIC_9216457,IL_2722741,Malignant,BCC,dermoscopic,65.0,male,
ISIC_9219836,IL_7234452,Benign,NV,clinical: close-up,40.0,male,
ISIC_9221083,IL_7657501,Malignant,BCC,clinical: close-up,65.0,male,lower extremity
ISIC_9221495,IL_2344576,Benign,BKL,clinical: close-up,55.0,female,lower extremity
ISIC_9222540,IL_2797829,Benign,BKL,dermoscopic,65.0,female,head/neck
ISIC_9222858,IL_9982376,Malignant,SCCKA,clinical: close-up,80.0,female,head/neck
ISIC_9223565,IL_0820798,Malignant,AKIEC,clinical: close-up,70.0,male,lower extremity
ISIC_9225022,IL_4681416,Benign,BKL,clinical: close-up,65.0,male,lower extremity
ISIC_9225499,IL_7481126,Malignant,MEL,clinical: close-up,70.0,female,upper extremity
ISIC_9227283,IL_4282772,Malignant,MEL,dermoscopic,50.0,female,head/neck
ISIC_9227362,IL_4156451,Malignant,BCC,dermoscopic,45.0,male,
ISIC_9231306,IL_5310899,Benign,BKL,dermoscopic,55.0,female,upper extremity
ISIC_9231756,IL_5207680,Malignant,MEL,clinical: close-up,30.0,male,
ISIC_9232517,IL_4504514,Malignant,BCC,dermoscopic,60.0,female,
ISIC_9232753,IL_7061463,Malignant,BCC,dermoscopic,55.0,male,
ISIC_9233649,IL_1500549,Benign,NV,clinical: close-up,30.0,female,
ISIC_9236022,IL_9194841,Malignant,BCC,clinical: close-up,65.0,female,upper extremity
ISIC_9236121,IL_6071484,Malignant,SCCKA,clinical: close-up,75.0,male,head/neck
ISIC_9237488,IL_9064607,Benign,BKL,clinical: close-up,45.0,male,lower extremity
ISIC_9239028,IL_4130866,Malignant,BCC,clinical: close-up,75.0,male,head/neck
ISIC_9239381,IL_7555285,Benign,BKL,clinical: close-up,65.0,female,head/neck
ISIC_9242872,IL_9353162,Benign,DF,dermoscopic,40.0,male,lower extremity
ISIC_9247586,IL_4130866,Malignant,BCC,dermoscopic,75.0,male,head/neck
ISIC_9249196,IL_9126795,Malignant,BCC,dermoscopic,65.0,male,upper extremity
ISIC_9250721,IL_0271647,Malignant,BCC,dermoscopic,55.0,male,
ISIC_9250781,IL_8826018,Malignant,BCC,dermoscopic,25.0,female,
ISIC_9250989,IL_5590437,Malignant,BCC,dermoscopic,50.0,male,
ISIC_9251635,IL_3615210,Malignant,BCC,clinical: close-up,55.0,male,
ISIC_9254710,IL_1577299,Malignant,AKIEC,dermoscopic,80.0,female,head/neck
ISIC_9255133,IL_2591955,Malignant,BCC,dermoscopic,40.0,female,head/neck
ISIC_9255385,IL_3496860,Benign,NV,clinical: close-up,50.0,female,lower extremity
ISIC_9255841,IL_6942277,Malignant,BCC,dermoscopic,50.0,female,
ISIC_9256618,IL_7582740,Malignant,BCC,dermoscopic,65.0,male,head/neck
ISIC_9256840,IL_4614364,Malignant,SCCKA,clinical: close-up,45.0,male,lower extremity
ISIC_9257390,IL_0107208,Malignant,BCC,clinical: close-up,50.0,male,head/neck
ISIC_9258794,IL_0584464,Benign,BKL,clinical: close-up,75.0,male,
ISIC_9260804,IL_1075740,Malignant,MEL,clinical: close-up,70.0,female,upper extremity
ISIC_9261403,IL_8102879,Benign,INF,clinical: close-up,50.0,male,head/neck
ISIC_9262459,IL_3248533,Malignant,BCC,dermoscopic,75.0,female,lower extremity
ISIC_9263681,IL_8689446,Indeterminate,AKIEC,clinical: close-up,80.0,male,head/neck
ISIC_9263753,IL_7332620,Malignant,BCC,dermoscopic,45.0,male,lower extremity
ISIC_9264413,IL_6962056,Malignant,BCC,clinical: close-up,70.0,male,upper extremity
ISIC_9265386,IL_3802643,Malignant,BCC,dermoscopic,85.0,male,head/neck
ISIC_9266057,IL_6705491,Malignant,MEL,dermoscopic,70.0,male,upper extremity
ISIC_9267602,IL_5241211,Benign,NV,dermoscopic,25.0,male,head/neck
ISIC_9267796,IL_4405494,Benign,NV,dermoscopic,50.0,male,lower extremity
ISIC_9268464,IL_1118490,Malignant,BCC,dermoscopic,80.0,male,
ISIC_9268987,IL_7867833,Indeterminate,AKIEC,dermoscopic,75.0,male,head/neck
ISIC_9269238,IL_1592850,Benign,BKL,clinical: close-up,70.0,male,head/neck
ISIC_9270547,IL_3385490,Malignant,MEL,clinical: close-up,85.0,male,head/neck
ISIC_9271454,IL_9088569,Malignant,SCCKA,clinical: close-up,75.0,male,
ISIC_9272344,IL_8891423,Benign,NV,clinical: close-up,45.0,female,
ISIC_9276715,IL_5504376,Benign,NV,dermoscopic,40.0,female,lower extremity
ISIC_9276741,IL_8050939,Malignant,BCC,clinical: close-up,45.0,male,
ISIC_9276884,IL_8169516,Benign,BEN_OTH,dermoscopic,40.0,female,head/neck
ISIC_9277601,IL_6384102,Benign,BKL,dermoscopic,45.0,male,
ISIC_9278360,IL_9731516,Malignant,BCC,dermoscopic,65.0,male,head/neck
ISIC_9285479,IL_0850065,Malignant,BCC,clinical: close-up,55.0,male,
ISIC_9286506,IL_5882272,Malignant,SCCKA,dermoscopic,75.0,female,head/neck
ISIC_9287993,IL_7273243,Benign,NV,dermoscopic,40.0,female,head/neck
ISIC_9290704,IL_3151358,Benign,BKL,dermoscopic,55.0,female,upper extremity
ISIC_9290748,IL_6753634,Malignant,SCCKA,dermoscopic,85.0,female,lower extremity
ISIC_9294596,IL_5137541,Malignant,BCC,clinical: close-up,85.0,male,head/neck
ISIC_9296237,IL_5903951,Malignant,BCC,dermoscopic,65.0,male,upper extremity
ISIC_9297122,IL_3968008,Malignant,BCC,clinical: close-up,55.0,male,lower extremity
ISIC_9297268,IL_3640524,Benign,NV,dermoscopic,65.0,female,head/neck
ISIC_9304429,IL_2991025,Malignant,BCC,dermoscopic,65.0,male,
ISIC_9308029,IL_1622119,Malignant,MEL,clinical: close-up,50.0,female,
ISIC_9308744,IL_6193516,Malignant,BCC,clinical: close-up,55.0,female,
ISIC_9309251,IL_6897591,Malignant,BCC,clinical: close-up,55.0,male,head/neck
ISIC_9310359,IL_5187554,Malignant,BCC,clinical: close-up,50.0,female,lower extremity
ISIC_9310886,IL_1042146,Malignant,BCC,clinical: close-up,55.0,female,upper extremity
ISIC_9312951,IL_7167860,Benign,INF,clinical: close-up,45.0,male,head/neck
ISIC_9313746,IL_2088373,Benign,NV,dermoscopic,,female,lower extremity
ISIC_9314032,IL_7644986,Malignant,BCC,clinical: close-up,55.0,male,lower extremity
ISIC_9314416,IL_4747873,Malignant,BCC,dermoscopic,55.0,male,
ISIC_9314612,IL_6296094,Malignant,BCC,clinical: close-up,60.0,male,
ISIC_9314988,IL_7776023,Malignant,MEL,dermoscopic,80.0,male,head/neck
ISIC_9315615,IL_9875986,Malignant,BCC,clinical: close-up,50.0,male,head/neck
ISIC_9316561,IL_8570577,Benign,NV,clinical: close-up,35.0,male,head/neck
ISIC_9316861,IL_3752602,Malignant,BCC,dermoscopic,60.0,female,head/neck
ISIC_9317670,IL_1036024,Malignant,BCC,dermoscopic,75.0,male,
ISIC_9318888,IL_7181510,Malignant,BCC,clinical: close-up,65.0,male,lower extremity
ISIC_9323438,IL_4452880,Malignant,BCC,dermoscopic,80.0,male,head/neck
ISIC_9326688,IL_4419793,Malignant,AKIEC,clinical: close-up,65.0,female,
ISIC_9332272,IL_6140598,Malignant,MEL,dermoscopic,70.0,male,
ISIC_9334393,IL_6359555,Benign,NV,dermoscopic,,female,
ISIC_9336484,IL_5922300,Malignant,BCC,clinical: close-up,70.0,male,
ISIC_9338271,IL_2965012,Malignant,BCC,clinical: close-up,75.0,male,
ISIC_9339729,IL_6934051,Malignant,BCC,clinical: close-up,65.0,male,
ISIC_9340414,IL_0306057,Benign,NV,dermoscopic,25.0,female,
ISIC_9342357,IL_5895681,Malignant,MEL,dermoscopic,70.0,male,head/neck
ISIC_9342460,IL_6506756,Benign,NV,clinical: close-up,45.0,male,
ISIC_9344767,IL_0823685,Malignant,MEL,clinical: close-up,40.0,female,
ISIC_9345667,IL_9984758,Malignant,BCC,dermoscopic,70.0,male,
ISIC_9346486,IL_7553488,Benign,NV,clinical: close-up,30.0,female,
ISIC_9347140,IL_6560903,Malignant,BCC,clinical: close-up,55.0,male,upper extremity
ISIC_9348273,IL_2962292,Malignant,BCC,dermoscopic,65.0,male,upper extremity
ISIC_9350105,IL_2031934,Malignant,BCC,dermoscopic,60.0,female,lower extremity
ISIC_9351886,IL_2852064,Malignant,BCC,dermoscopic,70.0,female,head/neck
ISIC_9354948,IL_5011583,Malignant,BCC,dermoscopic,55.0,female,
ISIC_9355799,IL_9202251,Malignant,AKIEC,clinical: close-up,45.0,male,head/neck
ISIC_9360308,IL_2381875,Benign,NV,clinical: close-up,45.0,male,lower extremity
ISIC_9361398,IL_9951114,Benign,NV,dermoscopic,60.0,male,
ISIC_9365835,IL_5945369,Malignant,BCC,clinical: close-up,70.0,male,head/neck
ISIC_9369364,IL_6691534,Malignant,BCC,clinical: close-up,75.0,male,
ISIC_9370126,IL_6157521,Benign,BKL,dermoscopic,45.0,male,
ISIC_9376271,IL_0788438,Benign,NV,clinical: close-up,45.0,male,
ISIC_9376579,IL_9222383,Benign,BEN_OTH,clinical: close-up,65.0,female,head/neck
ISIC_9379186,IL_9840825,Malignant,SCCKA,clinical: close-up,75.0,female,upper extremity
ISIC_9380419,IL_5236788,Benign,BKL,dermoscopic,80.0,female,head/neck
ISIC_9382183,IL_2915335,Malignant,SCCKA,clinical: close-up,70.0,male,upper extremity
ISIC_9382791,IL_0395791,Malignant,SCCKA,clinical: close-up,70.0,male,upper extremity
ISIC_9384345,IL_5673593,Malignant,MEL,dermoscopic,35.0,female,
ISIC_9388783,IL_9372364,Benign,BKL,clinical: close-up,50.0,female,lower extremity
ISIC_9389123,IL_8622725,Benign,NV,clinical: close-up,50.0,female,lower extremity
ISIC_9392128,IL_4689658,Benign,BKL,clinical: close-up,75.0,male,head/neck
ISIC_9392626,IL_4693876,Benign,NV,dermoscopic,45.0,female,lower extremity
ISIC_9394962,IL_9425710,Benign,BKL,clinical: close-up,80.0,male,upper extremity
ISIC_9399586,IL_6962525,Malignant,MEL,dermoscopic,80.0,female,head/neck
ISIC_9399711,IL_5709126,Malignant,BCC,dermoscopic,75.0,male,
ISIC_9400088,IL_9294619,Indeterminate,AKIEC,clinical: close-up,70.0,female,head/neck
ISIC_9400517,IL_9439830,Benign,INF,clinical: close-up,50.0,female,
ISIC_9401613,IL_0386446,Malignant,BCC,clinical: close-up,70.0,male,
ISIC_9403836,IL_4180707,Malignant,BCC,dermoscopic,80.0,male,lower extremity
ISIC_9404484,IL_2185095,Benign,BKL,dermoscopic,60.0,female,head/neck
ISIC_9408905,IL_7532219,Malignant,BCC,dermoscopic,85.0,male,
ISIC_9410235,IL_0466383,Malignant,BCC,dermoscopic,65.0,male,head/neck
ISIC_9410557,IL_3360442,Malignant,BCC,clinical: close-up,60.0,male,
ISIC_9411450,IL_1327367,Benign,BKL,dermoscopic,65.0,female,lower extremity
ISIC_9411600,IL_2332411,Malignant,MEL,clinical: close-up,65.0,female,
ISIC_9415828,IL_9481592,Benign,NV,dermoscopic,80.0,male,lower extremity
ISIC_9415992,IL_0913190,Benign,NV,dermoscopic,40.0,female,head/neck
ISIC_9416518,IL_2664685,Benign,NV,clinical: close-up,25.0,male,upper extremity
ISIC_9419736,IL_7215009,Malignant,SCCKA,dermoscopic,85.0,male,lower extremity
ISIC_9420912,IL_3146930,Malignant,BCC,clinical: close-up,55.0,male,
ISIC_9420991,IL_5842745,Malignant,AKIEC,clinical: close-up,60.0,male,
ISIC_9422230,IL_5108772,Malignant,AKIEC,dermoscopic,45.0,female,upper extremity
ISIC_9422255,IL_5529051,Malignant,AKIEC,clinical: close-up,70.0,female,
ISIC_9423923,IL_5333822,Malignant,MEL,clinical: close-up,50.0,male,head/neck
ISIC_9424114,IL_6605794,Malignant,BCC,clinical: close-up,70.0,female,lower extremity
ISIC_9424882,IL_1565429,Malignant,BCC,dermoscopic,70.0,male,
ISIC_9426065,IL_3884750,Malignant,BCC,dermoscopic,50.0,male,
ISIC_9426683,IL_3772010,Malignant,MAL_OTH,clinical: close-up,75.0,male,
ISIC_9442170,IL_0930071,Benign,NV,clinical: close-up,75.0,male,
ISIC_9443293,IL_5959833,Malignant,BCC,clinical: close-up,70.0,male,
ISIC_9443349,IL_0559300,Benign,BKL,clinical: close-up,55.0,male,upper extremity
ISIC_9444018,IL_2048772,Malignant,BCC,clinical: close-up,60.0,female,head/neck
ISIC_9445672,IL_8689446,Indeterminate,AKIEC,dermoscopic,80.0,male,head/neck
ISIC_9446110,IL_2160413,Benign,VASC,clinical: close-up,65.0,male,
ISIC_9447530,IL_7240190,Malignant,BCC,dermoscopic,45.0,female,upper extremity
ISIC_9451191,IL_4902054,Benign,NV,dermoscopic,55.0,female,head/neck
ISIC_9455367,IL_6037224,Malignant,BCC,dermoscopic,75.0,male,
ISIC_9457442,IL_3300322,Malignant,BCC,clinical: close-up,80.0,female,head/neck
ISIC_9460306,IL_6995800,Malignant,BCC,clinical: close-up,50.0,female,head/neck
ISIC_9460407,IL_5910352,Malignant,BCC,clinical: close-up,65.0,male,
ISIC_9460959,IL_7425145,Malignant,BCC,dermoscopic,55.0,male,
ISIC_9465394,IL_1567666,Benign,NV,clinical: close-up,65.0,male,
ISIC_9467983,IL_2291194,Benign,BKL,dermoscopic,25.0,female,lower extremity
ISIC_9471648,IL_0489772,Malignant,BCC,dermoscopic,65.0,female,head/neck
ISIC_9471674,IL_9749729,Malignant,BCC,clinical: close-up,70.0,male,
ISIC_9472574,IL_9402967,Malignant,SCCKA,dermoscopic,70.0,male,lower extremity
ISIC_9474451,IL_5458528,Benign,VASC,clinical: close-up,45.0,male,upper extremity
ISIC_9475776,IL_3003587,Malignant,MEL,dermoscopic,45.0,female,
ISIC_9478252,IL_4314466,Malignant,BCC,clinical: close-up,60.0,male,lower extremity
ISIC_9483103,IL_8124925,Benign,INF,dermoscopic,20.0,male,
ISIC_9483507,IL_9095433,Malignant,BCC,dermoscopic,80.0,male,head/neck
ISIC_9484284,IL_8660536,Benign,BKL,clinical: close-up,70.0,male,head/neck
ISIC_9487423,IL_6347465,Benign,BKL,clinical: close-up,70.0,male,
ISIC_9488771,IL_1129675,Malignant,BCC,clinical: close-up,65.0,female,
ISIC_9488866,IL_5361912,Malignant,BCC,clinical: close-up,55.0,female,upper extremity
ISIC_9489971,IL_4702219,Malignant,MEL,clinical: close-up,65.0,male,
ISIC_9490027,IL_6970769,Indeterminate,AKIEC,dermoscopic,55.0,male,
ISIC_9490906,IL_0321321,Malignant,BCC,dermoscopic,55.0,male,lower extremity
ISIC_9491707,IL_8077047,Benign,BKL,dermoscopic,55.0,female,head/neck
ISIC_9492806,IL_9962218,Malignant,BCC,clinical: close-up,65.0,male,lower extremity
ISIC_9492928,IL_3269289,Malignant,BCC,dermoscopic,55.0,male,head/neck
ISIC_9495791,IL_5416210,Malignant,SCCKA,clinical: close-up,65.0,male,lower extremity
ISIC_9501224,IL_8179486,Malignant,SCCKA,dermoscopic,65.0,female,lower extremity
ISIC_9501753,IL_9611245,Malignant,BCC,dermoscopic,55.0,male,
ISIC_9502415,IL_0503827,Malignant,AKIEC,dermoscopic,60.0,male,
ISIC_9503013,IL_4918224,Benign,BKL,dermoscopic,45.0,male,upper extremity
ISIC_9504198,IL_9205436,Benign,VASC,dermoscopic,20.0,male,head/neck
ISIC_9506376,IL_6431723,Benign,NV,dermoscopic,30.0,female,upper extremity
ISIC_9508038,IL_3154586,Malignant,BCC,clinical: close-up,60.0,male,lower extremity
ISIC_9508636,IL_0138483,Malignant,BCC,dermoscopic,60.0,male,
ISIC_9509837,IL_3307769,Malignant,SCCKA,dermoscopic,70.0,male,
ISIC_9512295,IL_6362579,Malignant,SCCKA,clinical: close-up,70.0,male,lower extremity
ISIC_9512371,IL_1039753,Malignant,MEL,dermoscopic,50.0,male,lower extremity
ISIC_9512388,IL_8568128,Malignant,BCC,dermoscopic,60.0,male,head/neck
ISIC_9512917,IL_9379211,Malignant,BCC,clinical: close-up,60.0,male,lower extremity
ISIC_9513919,IL_1629455,Malignant,BCC,clinical: close-up,60.0,female,lower extremity
ISIC_9518414,IL_1610839,Malignant,BCC,dermoscopic,65.0,female,
ISIC_9519122,IL_5780931,Benign,NV,dermoscopic,40.0,male,
ISIC_9521072,IL_9213417,Malignant,BCC,dermoscopic,70.0,male,
ISIC_9521117,IL_9303237,Benign,BKL,dermoscopic,70.0,male,lower extremity
ISIC_9521421,IL_4782455,Malignant,BCC,dermoscopic,70.0,male,lower extremity
ISIC_9521441,IL_0663202,Malignant,BCC,dermoscopic,65.0,male,
ISIC_9522896,IL_7294235,Malignant,BCC,clinical: close-up,75.0,female,head/neck
ISIC_9524858,IL_4212984,Malignant,BCC,clinical: close-up,55.0,male,head/neck
ISIC_9528430,IL_3067885,Benign,VASC,clinical: close-up,60.0,male,
ISIC_9529544,IL_8647816,Malignant,BCC,clinical: close-up,70.0,female,lower extremity
ISIC_9529664,IL_3146700,Malignant,BCC,clinical: close-up,50.0,male,upper extremity
ISIC_9531073,IL_8758801,Malignant,BCC,clinical: close-up,80.0,female,lower extremity
ISIC_9532043,IL_3102698,Malignant,SCCKA,clinical: close-up,80.0,male,upper extremity
ISIC_9532297,IL_9077071,Malignant,BCC,clinical: close-up,75.0,male,lower extremity
ISIC_9532907,IL_4918829,Malignant,BCC,clinical: close-up,75.0,male,
ISIC_9536837,IL_1104611,Malignant,SCCKA,dermoscopic,70.0,male,
ISIC_9536932,IL_5727849,Malignant,BCC,dermoscopic,85.0,male,
ISIC_9540789,IL_8273782,Malignant,MEL,dermoscopic,75.0,male,
ISIC_9541448,IL_8194145,Benign,BKL,dermoscopic,70.0,male,upper extremity
ISIC_9543736,IL_3635889,Malignant,BCC,clinical: close-up,70.0,male,upper extremity
ISIC_9545117,IL_1601873,Malignant,BCC,clinical: close-up,75.0,male,lower extremity
ISIC_9546502,IL_7230035,Malignant,MEL,dermoscopic,50.0,male,
ISIC_9547201,IL_6615985,Malignant,BCC,clinical: close-up,70.0,female,head/neck
ISIC_9547255,IL_2493463,Benign,INF,dermoscopic,40.0,male,head/neck
ISIC_9547421,IL_4701281,Benign,NV,clinical: close-up,40.0,male,
ISIC_9550550,IL_9101590,Malignant,BCC,clinical: close-up,80.0,female,
ISIC_9551475,IL_4100089,Benign,NV,clinical: close-up,40.0,male,
ISIC_9553909,IL_9167718,Malignant,BCC,dermoscopic,65.0,male,lower extremity
ISIC_9558332,IL_3143674,Malignant,BCC,dermoscopic,35.0,male,head/neck
ISIC_9560522,IL_7727406,Benign,NV,clinical: close-up,25.0,female,head/neck
ISIC_9560548,IL_5441408,Malignant,BCC,dermoscopic,75.0,female,
ISIC_9560662,IL_4663094,Benign,NV,clinical: close-up,40.0,female,lower extremity
ISIC_9561756,IL_0679783,Benign,BKL,dermoscopic,75.0,male,head/neck
ISIC_9562051,IL_2880261,Malignant,BCC,dermoscopic,70.0,male,head/neck
ISIC_9566384,IL_5208753,Malignant,BCC,dermoscopic,70.0,female,head/neck
ISIC_9568205,IL_7238711,Malignant,BCC,clinical: close-up,65.0,female,
ISIC_9569670,IL_7859476,Malignant,BCC,dermoscopic,40.0,female,head/neck
ISIC_9569749,IL_1672894,Benign,NV,dermoscopic,30.0,female,
ISIC_9570770,IL_1564314,Malignant,BCC,dermoscopic,85.0,male,lower extremity
ISIC_9570959,IL_6035719,Malignant,BCC,dermoscopic,50.0,male,upper extremity
ISIC_9572021,IL_6178941,Benign,NV,dermoscopic,70.0,male,
ISIC_9572075,IL_6122545,Malignant,BCC,dermoscopic,60.0,female,lower extremity
ISIC_9574838,IL_8323588,Malignant,BCC,clinical: close-up,85.0,male,head/neck
ISIC_9578110,IL_1089053,Malignant,AKIEC,dermoscopic,75.0,male,head/neck
ISIC_9579385,IL_8863654,Benign,BKL,clinical: close-up,55.0,female,
ISIC_9579576,IL_4298080,Malignant,MEL,dermoscopic,85.0,male,
ISIC_9581030,IL_5008733,Malignant,BCC,clinical: close-up,40.0,male,upper extremity
ISIC_9581647,IL_4588055,Benign,NV,dermoscopic,70.0,male,
ISIC_9583399,IL_3335346,Indeterminate,AKIEC,dermoscopic,75.0,male,head/neck
ISIC_9584529,IL_5118917,Malignant,BCC,dermoscopic,75.0,male,
ISIC_9584532,IL_0152415,Malignant,BCC,clinical: close-up,70.0,female,lower extremity
ISIC_9586593,IL_6881549,Malignant,MEL,clinical: close-up,50.0,male,
ISIC_9586991,IL_8611712,Malignant,SCCKA,dermoscopic,80.0,male,
ISIC_9587078,IL_5420018,Malignant,BCC,dermoscopic,55.0,female,
ISIC_9587357,IL_6770376,Malignant,SCCKA,clinical: close-up,55.0,female,upper extremity
ISIC_9588100,IL_5753278,Malignant,BCC,clinical: close-up,75.0,male,
ISIC_9589958,IL_6478777,Malignant,BCC,clinical: close-up,65.0,male,lower extremity
ISIC_9590640,IL_4011591,Malignant,BCC,clinical: close-up,40.0,female,
ISIC_9592132,IL_3307865,Malignant,BCC,dermoscopic,70.0,male,
ISIC_9592403,IL_4484576,Malignant,BCC,clinical: close-up,65.0,male,head/neck
ISIC_9593683,IL_9803330,Malignant,MEL,dermoscopic,60.0,male,
ISIC_9594263,IL_6972994,Benign,BKL,dermoscopic,85.0,male,
ISIC_9594918,IL_8391202,Malignant,BCC,dermoscopic,80.0,male,
ISIC_9596244,IL_4185194,Malignant,MEL,clinical: close-up,65.0,female,lower extremity
ISIC_9597152,IL_8783042,Malignant,BCC,dermoscopic,55.0,male,
ISIC_9597858,IL_4259572,Malignant,BCC,dermoscopic,65.0,female,upper extremity
ISIC_9598621,IL_2806266,Malignant,BCC,dermoscopic,60.0,female,lower extremity
ISIC_9599992,IL_8079402,Malignant,MEL,dermoscopic,70.0,male,
ISIC_9601345,IL_9540986,Benign,NV,clinical: close-up,50.0,male,upper extremity
ISIC_9606854,IL_9383072,Malignant,BCC,clinical: close-up,70.0,female,head/neck
ISIC_9609356,IL_1150013,Benign,NV,clinical: close-up,75.0,male,lower extremity
ISIC_9613721,IL_5992819,Benign,BKL,dermoscopic,65.0,male,
ISIC_9614578,IL_3719670,Malignant,SCCKA,clinical: close-up,60.0,male,head/neck
ISIC_9614625,IL_8066484,Malignant,BCC,clinical: close-up,65.0,female,head/neck
ISIC_9617606,IL_1623050,Benign,BKL,clinical: close-up,55.0,female,upper extremity
ISIC_9625234,IL_3423821,Benign,NV,clinical: close-up,45.0,female,
ISIC_9625758,IL_5189473,Benign,BKL,dermoscopic,85.0,male,
ISIC_9625853,IL_2806266,Malignant,BCC,clinical: close-up,60.0,female,lower extremity
ISIC_9626996,IL_2802715,Malignant,BCC,clinical: close-up,75.0,male,head/neck
ISIC_9627212,IL_2983051,Malignant,BCC,clinical: close-up,75.0,male,
ISIC_9627432,IL_5222228,Benign,NV,clinical: close-up,15.0,male,head/neck
ISIC_9629139,IL_0882854,Malignant,AKIEC,clinical: close-up,55.0,male,head/neck
ISIC_9634842,IL_9481592,Benign,NV,clinical: close-up,80.0,male,lower extremity
ISIC_9636152,IL_3895392,Malignant,SCCKA,clinical: close-up,60.0,male,lower extremity
ISIC_9639067,IL_3859147,Malignant,BCC,dermoscopic,65.0,male,upper extremity
ISIC_9639952,IL_5101024,Malignant,MEL,clinical: close-up,70.0,female,head/neck
ISIC_9640662,IL_6684084,Benign,BKL,dermoscopic,65.0,male,upper extremity
ISIC_9641063,IL_1894858,Malignant,BCC,dermoscopic,50.0,female,upper extremity
ISIC_9641700,IL_8726676,Malignant,SCCKA,clinical: close-up,55.0,male,upper extremity
ISIC_9642724,IL_2426275,Malignant,BCC,dermoscopic,65.0,female,lower extremity
ISIC_9642927,IL_5725802,Benign,NV,clinical: close-up,55.0,male,lower extremity
ISIC_9642936,IL_7649992,Malignant,BCC,clinical: close-up,55.0,male,
ISIC_9643087,IL_1090086,Malignant,BCC,clinical: close-up,35.0,female,head/neck
ISIC_9643914,IL_3146700,Malignant,BCC,dermoscopic,50.0,male,upper extremity
ISIC_9648502,IL_4667770,Indeterminate,AKIEC,clinical: close-up,40.0,male,head/neck
ISIC_9648773,IL_4855362,Malignant,BCC,dermoscopic,45.0,female,
ISIC_9650776,IL_2208727,Malignant,BCC,clinical: close-up,60.0,male,head/neck
ISIC_9651478,IL_3065625,Benign,NV,clinical: close-up,40.0,female,upper extremity
ISIC_9656292,IL_2725320,Malignant,AKIEC,clinical: close-up,70.0,male,lower extremity
ISIC_9658127,IL_2511826,Indeterminate,AKIEC,clinical: close-up,55.0,male,upper extremity
ISIC_9660882,IL_7206391,Malignant,BCC,clinical: close-up,50.0,male,head/neck
ISIC_9661422,IL_4143082,Malignant,SCCKA,dermoscopic,70.0,male,
ISIC_9661702,IL_5529051,Malignant,AKIEC,dermoscopic,70.0,female,
ISIC_9662237,IL_3239259,Indeterminate,AKIEC,clinical: close-up,70.0,female,head/neck
ISIC_9663937,IL_0705548,Malignant,BCC,dermoscopic,75.0,male,lower extremity
ISIC_9666538,IL_0228777,Malignant,BCC,dermoscopic,55.0,female,lower extremity
ISIC_9668142,IL_6259017,Malignant,BCC,dermoscopic,80.0,male,lower extremity
ISIC_9668533,IL_6478777,Malignant,BCC,dermoscopic,65.0,male,lower extremity
ISIC_9668892,IL_4420927,Benign,NV,dermoscopic,5.0,female,head/neck
ISIC_9669577,IL_7834539,Malignant,BCC,dermoscopic,70.0,female,lower extremity
ISIC_9670100,IL_6004102,Malignant,MEL,clinical: close-up,55.0,female,head/neck
ISIC_9676478,IL_9565203,Benign,BKL,clinical: close-up,70.0,male,
ISIC_9676659,IL_5163044,Malignant,AKIEC,clinical: close-up,65.0,female,upper extremity
ISIC_9679124,IL_9428549,Malignant,AKIEC,clinical: close-up,45.0,male,
ISIC_9679564,IL_7675373,Benign,NV,clinical: close-up,40.0,male,
ISIC_9683086,IL_4742005,Benign,NV,dermoscopic,55.0,female,
ISIC_9688065,IL_7182568,Malignant,BCC,dermoscopic,45.0,female,
ISIC_9690596,IL_6995611,Malignant,BCC,clinical: close-up,60.0,male,
ISIC_9691123,IL_9563085,Benign,BKL,clinical: close-up,70.0,male,lower extremity
ISIC_9693001,IL_9221055,Malignant,BCC,dermoscopic,80.0,male,head/neck
ISIC_9693456,IL_3252703,Malignant,MEL,dermoscopic,60.0,male,
ISIC_9693907,IL_7857682,Benign,NV,clinical: close-up,30.0,female,
ISIC_9696099,IL_0887241,Benign,NV,dermoscopic,65.0,female,lower extremity
ISIC_9697273,IL_1442151,Benign,NV,dermoscopic,35.0,female,
ISIC_9702862,IL_4326191,Malignant,BCC,clinical: close-up,65.0,female,head/neck
ISIC_9703128,IL_9755525,Benign,BKL,clinical: close-up,50.0,male,head/neck
ISIC_9703510,IL_4507601,Malignant,BCC,dermoscopic,65.0,male,lower extremity
ISIC_9704524,IL_0143212,Indeterminate,AKIEC,dermoscopic,60.0,male,head/neck
ISIC_9704742,IL_5897108,Malignant,BCC,clinical: close-up,75.0,female,head/neck
ISIC_9705765,IL_2840030,Malignant,BCC,clinical: close-up,70.0,male,
ISIC_9706057,IL_9770688,Malignant,BCC,clinical: close-up,85.0,female,
ISIC_9706117,IL_1500549,Benign,NV,dermoscopic,30.0,female,
ISIC_9706184,IL_7093777,Benign,NV,clinical: close-up,50.0,female,head/neck
ISIC_9708493,IL_2401021,Malignant,SCCKA,dermoscopic,80.0,female,head/neck
ISIC_9708941,IL_8548746,Malignant,BCC,clinical: close-up,50.0,male,
ISIC_9712861,IL_0596418,Malignant,BCC,dermoscopic,70.0,male,head/neck
ISIC_9713038,IL_3749738,Benign,BKL,dermoscopic,75.0,male,lower extremity
ISIC_9718735,IL_0200790,Malignant,BCC,clinical: close-up,75.0,male,lower extremity
ISIC_9719495,IL_7570811,Malignant,BCC,clinical: close-up,65.0,male,
ISIC_9719634,IL_2972569,Benign,DF,dermoscopic,85.0,female,
ISIC_9720285,IL_6585247,Malignant,BCC,clinical: close-up,55.0,male,
ISIC_9721840,IL_7769100,Malignant,BCC,dermoscopic,80.0,male,
ISIC_9725159,IL_7604860,Benign,BKL,clinical: close-up,45.0,female,upper extremity
ISIC_9725243,IL_9508962,Malignant,BCC,clinical: close-up,65.0,female,lower extremity
ISIC_9726099,IL_9471621,Benign,NV,clinical: close-up,35.0,female,
ISIC_9728651,IL_7197131,Malignant,BCC,clinical: close-up,75.0,male,
ISIC_9730737,IL_7165616,Indeterminate,AKIEC,clinical: close-up,75.0,male,head/neck
ISIC_9733625,IL_1773483,Malignant,BCC,dermoscopic,70.0,male,head/neck
ISIC_9735316,IL_2413319,Malignant,BCC,dermoscopic,50.0,male,
ISIC_9737054,IL_5575734,Malignant,MEL,dermoscopic,75.0,male,
ISIC_9738040,IL_4647036,Malignant,BCC,dermoscopic,65.0,male,
ISIC_9738298,IL_5009030,Benign,NV,clinical: close-up,40.0,male,
ISIC_9739600,IL_6783933,Malignant,BCC,clinical: close-up,60.0,male,upper extremity
ISIC_9739946,IL_9486743,Malignant,SCCKA,clinical: close-up,85.0,female,lower extremity
ISIC_9740592,IL_6692380,Malignant,AKIEC,dermoscopic,65.0,male,head/neck
ISIC_9742404,IL_0111269,Malignant,SCCKA,dermoscopic,80.0,male,lower extremity
ISIC_9744084,IL_1322770,Malignant,SCCKA,dermoscopic,70.0,female,lower extremity
ISIC_9745273,IL_2493163,Benign,NV,clinical: close-up,25.0,male,
ISIC_9747544,IL_1263439,Benign,NV,clinical: close-up,50.0,male,
ISIC_9749130,IL_0837507,Malignant,BCC,dermoscopic,60.0,male,head/neck
ISIC_9750600,IL_6040962,Malignant,AKIEC,dermoscopic,60.0,female,upper extremity
ISIC_9755301,IL_9211790,Malignant,BCC,clinical: close-up,60.0,male,
ISIC_9756261,IL_8077047,Benign,BKL,clinical: close-up,55.0,female,head/neck
ISIC_9756715,IL_2177210,Malignant,SCCKA,clinical: close-up,45.0,male,lower extremity
ISIC_9756777,IL_6738007,Malignant,BCC,clinical: close-up,50.0,male,upper extremity
ISIC_9757709,IL_0432288,Malignant,BCC,dermoscopic,40.0,male,
ISIC_9760671,IL_6052286,Benign,BKL,clinical: close-up,55.0,male,
ISIC_9761409,IL_6629928,Benign,NV,clinical: close-up,45.0,female,
ISIC_9762915,IL_6003342,Benign,BKL,clinical: close-up,65.0,male,head/neck
ISIC_9766600,IL_2779245,Malignant,BCC,dermoscopic,55.0,male,
ISIC_9767663,IL_4337427,Benign,BKL,clinical: close-up,60.0,female,
ISIC_9774801,IL_7244270,Malignant,BCC,dermoscopic,65.0,female,
ISIC_9776738,IL_7776023,Malignant,MEL,clinical: close-up,80.0,male,head/neck
ISIC_9777580,IL_5880830,Malignant,BCC,dermoscopic,55.0,male,head/neck
ISIC_9777954,IL_8535894,Malignant,MEL,dermoscopic,70.0,male,head/neck
ISIC_9780121,IL_2004753,Malignant,BCC,clinical: close-up,70.0,female,upper extremity
ISIC_9784837,IL_6711797,Malignant,BCC,clinical: close-up,85.0,male,upper extremity
ISIC_9785301,IL_0541600,Malignant,AKIEC,clinical: close-up,80.0,male,head/neck
ISIC_9786685,IL_5764596,Malignant,BCC,clinical: close-up,45.0,female,lower extremity
ISIC_9790247,IL_1114001,Indeterminate,AKIEC,clinical: close-up,80.0,male,head/neck
ISIC_9790523,IL_4879979,Malignant,BCC,clinical: close-up,55.0,male,
ISIC_9790773,IL_9783662,Malignant,BCC,dermoscopic,50.0,male,head/neck
ISIC_9791119,IL_1659172,Benign,BKL,dermoscopic,70.0,male,
ISIC_9792479,IL_4339655,Malignant,BCC,clinical: close-up,35.0,female,
ISIC_9796777,IL_2926353,Malignant,BCC,dermoscopic,75.0,male,
ISIC_9800865,IL_6662747,Benign,BKL,clinical: close-up,10.0,female,head/neck
ISIC_9801308,IL_4500103,Benign,BKL,clinical: close-up,60.0,male,
ISIC_9802157,IL_0241510,Malignant,BCC,dermoscopic,80.0,male,
ISIC_9802702,IL_7047069,Malignant,BCC,clinical: close-up,60.0,female,
ISIC_9804365,IL_7601833,Malignant,SCCKA,clinical: close-up,85.0,male,lower extremity
ISIC_9810068,IL_6586182,Malignant,BCC,clinical: close-up,80.0,male,
ISIC_9810739,IL_4933639,Benign,NV,clinical: close-up,15.0,male,head/neck
ISIC_9812459,IL_2082500,Malignant,BCC,clinical: close-up,60.0,female,head/neck
ISIC_9814001,IL_5752488,Indeterminate,AKIEC,clinical: close-up,55.0,male,head/neck
ISIC_9814156,IL_6985784,Malignant,BCC,dermoscopic,60.0,male,
ISIC_9814738,IL_5200526,Malignant,SCCKA,dermoscopic,80.0,male,lower extremity
ISIC_9815182,IL_3580495,Benign,BKL,dermoscopic,60.0,male,
ISIC_9816160,IL_8428753,Benign,NV,dermoscopic,65.0,male,
ISIC_9816264,IL_3201374,Malignant,BCC,dermoscopic,75.0,female,lower extremity
ISIC_9816395,IL_9195436,Malignant,BCC,dermoscopic,60.0,male,head/neck
ISIC_9818203,IL_9504116,Malignant,BCC,dermoscopic,80.0,male,head/neck
ISIC_9818689,IL_4073740,Malignant,MEL,clinical: close-up,35.0,male,head/neck
ISIC_9820266,IL_4702219,Malignant,MEL,dermoscopic,65.0,male,
ISIC_9821910,IL_0815342,Malignant,BCC,dermoscopic,85.0,male,
ISIC_9823894,IL_5696181,Benign,NV,dermoscopic,55.0,female,head/neck
ISIC_9824186,IL_7227279,Malignant,AKIEC,dermoscopic,65.0,female,head/neck
ISIC_9824409,IL_8423018,Malignant,BCC,dermoscopic,75.0,female,head/neck
ISIC_9826615,IL_8760239,Malignant,BCC,dermoscopic,85.0,female,head/neck
ISIC_9828047,IL_4970478,Malignant,BCC,clinical: close-up,65.0,female,head/neck
ISIC_9828103,IL_5245045,Malignant,BCC,clinical: close-up,70.0,male,lower extremity
ISIC_9829558,IL_2211543,Malignant,BCC,clinical: close-up,65.0,female,head/neck
ISIC_9831775,IL_7760064,Indeterminate,AKIEC,clinical: close-up,60.0,male,head/neck
ISIC_9832783,IL_1843719,Malignant,BCC,clinical: close-up,75.0,male,lower extremity
ISIC_9841903,IL_3376509,Malignant,BCC,dermoscopic,70.0,male,head/neck
ISIC_9842192,IL_8402366,Malignant,SCCKA,dermoscopic,65.0,male,upper extremity
ISIC_9848425,IL_3888766,Malignant,BCC,clinical: close-up,75.0,male,lower extremity
ISIC_9849120,IL_8578513,Malignant,BCC,dermoscopic,55.0,female,head/neck
ISIC_9850235,IL_3154586,Malignant,BCC,dermoscopic,60.0,male,lower extremity
ISIC_9850344,IL_3812964,Benign,NV,clinical: close-up,30.0,female,lower extremity
ISIC_9850356,IL_2111173,Malignant,BCC,clinical: close-up,55.0,female,head/neck
ISIC_9864702,IL_1724228,Malignant,BCC,dermoscopic,80.0,male,head/neck
ISIC_9871721,IL_8212938,Malignant,MEL,clinical: close-up,50.0,female,
ISIC_9873401,IL_0960913,Malignant,SCCKA,clinical: close-up,85.0,female,upper extremity
ISIC_9873782,IL_4206745,Malignant,SCCKA,clinical: close-up,85.0,female,upper extremity
ISIC_9878811,IL_0719888,Malignant,BCC,clinical: close-up,45.0,male,upper extremity
ISIC_9878841,IL_5197264,Malignant,BCC,clinical: close-up,70.0,male,head/neck
ISIC_9879446,IL_0404248,Benign,BKL,clinical: close-up,80.0,male,upper extremity
ISIC_9881436,IL_4628159,Malignant,BCC,dermoscopic,65.0,male,lower extremity
ISIC_9884445,IL_9972566,Malignant,BCC,clinical: close-up,85.0,female,head/neck
ISIC_9886033,IL_5909950,Benign,VASC,clinical: close-up,,female,
ISIC_9886316,IL_3600941,Malignant,BCC,clinical: close-up,60.0,female,upper extremity
ISIC_9886748,IL_4194346,Malignant,BCC,dermoscopic,60.0,male,lower extremity
ISIC_9886919,IL_6259017,Malignant,BCC,clinical: close-up,80.0,male,lower extremity
ISIC_9886925,IL_9266140,Benign,BKL,clinical: close-up,80.0,female,lower extremity
ISIC_9887877,IL_0772122,Benign,BKL,dermoscopic,60.0,male,
ISIC_9890207,IL_2404701,Benign,NV,clinical: close-up,60.0,male,
ISIC_9890254,IL_0909755,Benign,NV,dermoscopic,25.0,male,head/neck
ISIC_9890480,IL_8173942,Malignant,MAL_OTH,dermoscopic,35.0,female,
ISIC_9890732,IL_7985046,Malignant,BCC,clinical: close-up,45.0,female,lower extremity
ISIC_9891275,IL_9251474,Benign,NV,dermoscopic,60.0,male,
ISIC_9892179,IL_6021116,Malignant,BCC,dermoscopic,45.0,female,upper extremity
ISIC_9892393,IL_3860000,Benign,BKL,clinical: close-up,85.0,male,
ISIC_9893445,IL_3566377,Benign,BKL,dermoscopic,75.0,female,head/neck
ISIC_9896561,IL_0758142,Malignant,BCC,dermoscopic,75.0,male,upper extremity
ISIC_9896977,IL_0609142,Benign,BKL,dermoscopic,55.0,female,upper extremity
ISIC_9899763,IL_5577465,Benign,NV,clinical: close-up,40.0,female,upper extremity
ISIC_9900027,IL_9917047,Malignant,BCC,dermoscopic,75.0,male,
ISIC_9900723,IL_4124169,Benign,NV,dermoscopic,60.0,male,
ISIC_9901858,IL_9247349,Malignant,BCC,clinical: close-up,70.0,male,
ISIC_9903464,IL_5416595,Benign,NV,clinical: close-up,40.0,female,
ISIC_9909273,IL_5111144,Malignant,BCC,dermoscopic,80.0,male,head/neck
ISIC_9909995,IL_7061463,Malignant,BCC,clinical: close-up,55.0,male,
ISIC_9912332,IL_4974594,Benign,DF,dermoscopic,75.0,female,lower extremity
ISIC_9915349,IL_9552156,Malignant,BCC,clinical: close-up,55.0,male,lower extremity
ISIC_9915675,IL_6768350,Malignant,BCC,clinical: close-up,65.0,male,
ISIC_9916112,IL_0311447,Malignant,BCC,dermoscopic,65.0,male,lower extremity
ISIC_9916568,IL_5604764,Malignant,BCC,clinical: close-up,85.0,female,head/neck
ISIC_9918967,IL_4629787,Malignant,BCC,clinical: close-up,60.0,male,lower extremity
ISIC_9922427,IL_9891948,Malignant,BCC,clinical: close-up,60.0,male,head/neck
ISIC_9922993,IL_4811840,Benign,NV,dermoscopic,40.0,male,lower extremity
ISIC_9923880,IL_5073574,Malignant,BCC,clinical: close-up,70.0,female,head/neck
ISIC_9925039,IL_8553966,Malignant,AKIEC,clinical: close-up,45.0,male,head/neck
ISIC_9925921,IL_3472357,Malignant,BCC,clinical: close-up,55.0,male,lower extremity
ISIC_9927174,IL_1673815,Malignant,BCC,dermoscopic,50.0,female,lower extremity
ISIC_9929712,IL_4915853,Benign,BKL,clinical: close-up,45.0,female,head/neck
ISIC_9929733,IL_5802153,Malignant,AKIEC,dermoscopic,65.0,male,head/neck
ISIC_9931935,IL_8835996,Benign,NV,dermoscopic,45.0,male,
ISIC_9932307,IL_5241211,Benign,NV,clinical: close-up,25.0,male,head/neck
ISIC_9933283,IL_7062666,Malignant,BCC,clinical: close-up,65.0,female,upper extremity
ISIC_9934612,IL_6156028,Malignant,AKIEC,dermoscopic,70.0,male,upper extremity
ISIC_9936601,IL_0303759,Malignant,BCC,clinical: close-up,65.0,female,head/neck
ISIC_9939897,IL_9035179,Indeterminate,AKIEC,dermoscopic,50.0,female,head/neck
ISIC_9940061,IL_9982426,Malignant,SCCKA,dermoscopic,80.0,male,head/neck
ISIC_9940495,IL_9809595,Benign,BKL,dermoscopic,75.0,male,
ISIC_9940509,IL_0432288,Malignant,BCC,clinical: close-up,40.0,male,
ISIC_9945084,IL_2750081,Benign,NV,dermoscopic,10.0,female,head/neck
ISIC_9945188,IL_5945369,Malignant,BCC,dermoscopic,70.0,male,head/neck
ISIC_9945604,IL_4457515,Malignant,BCC,dermoscopic,70.0,male,
ISIC_9945680,IL_7518108,Benign,BKL,dermoscopic,75.0,male,
ISIC_9951312,IL_8114949,Malignant,MEL,clinical: close-up,70.0,male,head/neck
ISIC_9956546,IL_1223574,Malignant,BCC,clinical: close-up,60.0,female,
ISIC_9961928,IL_8345128,Malignant,BCC,clinical: close-up,85.0,male,
ISIC_9963933,IL_0101784,Malignant,BCC,clinical: close-up,55.0,male,head/neck
ISIC_9965584,IL_2033265,Benign,BKL,clinical: close-up,65.0,female,upper extremity
ISIC_9966328,IL_8113008,Benign,NV,clinical: close-up,30.0,male,upper extremity
ISIC_9969311,IL_5324698,Benign,BKL,clinical: close-up,40.0,female,head/neck
ISIC_9973864,IL_5147950,Malignant,BCC,dermoscopic,60.0,male,head/neck
ISIC_9974916,IL_8610456,Malignant,BCC,clinical: close-up,55.0,male,head/neck
ISIC_9976872,IL_7447582,Malignant,BCC,clinical: close-up,60.0,male,
ISIC_9978058,IL_9094394,Malignant,BCC,dermoscopic,55.0,female,
ISIC_9979190,IL_9707582,Malignant,BCC,dermoscopic,70.0,male,
ISIC_9981611,IL_9589211,Benign,BKL,clinical: close-up,70.0,male,
ISIC_9983655,IL_5422211,Malignant,BCC,clinical: close-up,65.0,male,head/neck
ISIC_9986730,IL_3405101,Malignant,BCC,dermoscopic,65.0,male,upper extremity
ISIC_9987696,IL_3787537,Malignant,BCC,dermoscopic,80.0,male,
ISIC_9989178,IL_3952993,Malignant,BCC,clinical: close-up,85.0,female,head/neck
ISIC_9989889,IL_1289201,Malignant,AKIEC,dermoscopic,60.0,male,upper extremity
ISIC_9992299,IL_1470689,Malignant,BCC,dermoscopic,55.0,male,lower extremity
ISIC_9992648,IL_7525754,Malignant,BCC,dermoscopic,70.0,female,head/neck
ISIC_9995425,IL_2373762,Benign,BKL,dermoscopic,65.0,female,upper extremity
ISIC_9995871,IL_6412076,Malignant,BCC,dermoscopic,65.0,male,head/neck
ISIC_9997661,IL_9425710,Benign,BKL,dermoscopic,80.0,male,upper extremity
ISIC_9998927,IL_3017961,Malignant,BCC,clinical: close-up,75.0,female,
